run_id,technology,migration_method,network_migration,checkpoint_ms,checkpoint_us,checkpoint_ns,archive_bytes,transfer_ms,restore_ms,downtime_ms,bandwidth_mbps,src_arch,dst_arch,same_arch,success,notes,timestamp,profile_name,predump_ms,final_dump_ms,total_ms,lazy_pages_active_ms,lazy_pages_log_bytes,archive_create_ms,transfer_setup_ms,transfer_send_ms,transfer_receive_ms,transfer_cleanup_ms,unpack_ms
05-05-2026-host-cold-0000,WASM,cold,no,1,195.0,194855.0,2017,11740,2020,13761,0.0,x86_64,x86_64,True,True,transfer_mode=host;module=3mm_with_cr.wasm;relay_node=edge-host-1,2026-05-05T02:00:02.044188,3_LTE,0,1,19697,0,0,566.0,6915.0,2300.0,2246.0,277.0,285.0
05-05-2026-host-cold-0001,WASM,cold,no,1,141.0,140545.0,2017,11415,1910,13326,0.0,x86_64,x86_64,True,True,transfer_mode=host;module=3mm_with_cr.wasm;relay_node=edge-host-1,2026-05-05T02:00:26.789241,3_LTE,0,1,19244,0,0,566.0,6533.0,2246.0,2290.0,343.0,320.0
05-05-2026-host-cold-0002,WASM,cold,no,1,133.0,132469.0,2019,12129,2032,14162,0.0,x86_64,x86_64,True,True,transfer_mode=host;module=3mm_with_cr.wasm;relay_node=edge-host-1,2026-05-05T02:00:52.265891,3_LTE,0,1,19987,0,0,589.0,6955.0,2257.0,2283.0,632.0,299.0
05-05-2026-host-cold-0003,WASM,cold,no,1,122.0,121989.0,2016,11206,2011,13218,0.0,x86_64,x86_64,True,True,transfer_mode=host;module=3mm_with_cr.wasm;relay_node=edge-host-1,2026-05-05T02:01:16.929318,3_LTE,0,1,19135,0,0,588.0,6450.0,2198.0,2205.0,349.0,291.0
05-05-2026-host-cold-0004,WASM,cold,no,1,132.0,131768.0,2016,11042,1993,13036,0.0,x86_64,x86_64,True,True,transfer_mode=host;module=3mm_with_cr.wasm;relay_node=edge-host-1,2026-05-05T02:01:42.314789,3_LTE,0,1,19765,0,0,597.0,6275.0,2277.0,2233.0,255.0,283.0
05-05-2026-host-cold-0005,WASM,cold,no,1,178.0,177268.0,2017,11365,1945,13311,0.0,x86_64,x86_64,True,True,transfer_mode=host;module=3mm_with_cr.wasm;relay_node=edge-host-1,2026-05-05T02:02:07.298616,3_LTE,0,1,19295,0,0,647.0,6574.0,2301.0,2229.0,259.0,287.0
05-05-2026-host-cold-0006,WASM,cold,no,1,138.0,137467.0,2016,11135,2095,13231,0.0,x86_64,x86_64,True,True,transfer_mode=host;module=3mm_with_cr.wasm;relay_node=edge-host-1,2026-05-05T02:02:32.170448,3_LTE,0,1,19288,0,0,596.0,6421.0,2215.0,2235.0,262.0,334.0
05-05-2026-host-cold-0007,WASM,cold,no,1,129.0,128044.0,2017,11757,1957,13715,0.0,x86_64,x86_64,True,True,transfer_mode=host;module=3mm_with_cr.wasm;relay_node=edge-host-1,2026-05-05T02:02:57.838213,3_LTE,0,1,20055,0,0,598.0,6739.0,2202.0,2231.0,583.0,284.0
05-05-2026-host-cold-0008,WASM,cold,no,1,126.0,125423.0,2016,11214,1923,13138,0.0,x86_64,x86_64,True,True,transfer_mode=host;module=3mm_with_cr.wasm;relay_node=edge-host-1,2026-05-05T02:03:22.529870,3_LTE,0,1,19198,0,0,584.0,6394.0,2280.0,2281.0,256.0,287.0
05-05-2026-host-cold-0009,WASM,cold,no,1,165.0,164993.0,2016,11145,2260,13406,0.0,x86_64,x86_64,True,True,transfer_mode=host;module=3mm_with_cr.wasm;relay_node=edge-host-1,2026-05-05T02:03:47.902987,3_LTE,0,1,19857,0,0,627.0,6345.0,2293.0,2222.0,281.0,340.0
05-05-2026-direct-cold-0000,WASM,cold,no,1,221.0,220117.0,2015,5262,1952,7215,0.0,x86_64,x86_64,True,True,transfer_mode=direct;module=3mm_with_cr.wasm,2026-05-05T02:04:06.846232,3_LTE,0,1,13184,0,0,560.0,3037.0,2223.0,0.0,0.0,267.0
05-05-2026-direct-cold-0001,WASM,cold,no,1,172.0,171024.0,2016,5215,1993,7209,0.0,x86_64,x86_64,True,True,transfer_mode=direct;module=3mm_with_cr.wasm,2026-05-05T02:04:25.472537,3_LTE,0,1,13086,0,0,554.0,2980.0,2234.0,0.0,0.0,296.0
05-05-2026-direct-cold-0002,WASM,cold,no,1,169.0,168559.0,2018,5242,1922,7165,0.0,x86_64,x86_64,True,True,transfer_mode=direct;module=3mm_with_cr.wasm,2026-05-05T02:04:44.453885,3_LTE,0,1,13447,0,0,633.0,2927.0,2313.0,0.0,0.0,293.0
05-05-2026-direct-cold-0003,WASM,cold,no,1,122.0,121378.0,2017,5303,2078,7382,0.0,x86_64,x86_64,True,True,transfer_mode=direct;module=3mm_with_cr.wasm,2026-05-05T02:05:03.425930,3_LTE,0,1,13110,0,0,506.0,3069.0,2233.0,0.0,0.0,378.0
05-05-2026-direct-cold-0004,WASM,cold,no,1,183.0,182297.0,2019,5304,1992,7297,0.0,x86_64,x86_64,True,True,transfer_mode=direct;module=3mm_with_cr.wasm,2026-05-05T02:05:21.999357,3_LTE,0,1,13002,0,0,596.0,3084.0,2219.0,0.0,0.0,289.0
05-05-2026-direct-cold-0005,WASM,cold,no,1,179.0,178424.0,2019,5244,2040,7285,0.0,x86_64,x86_64,True,True,transfer_mode=direct;module=3mm_with_cr.wasm,2026-05-05T02:05:40.764220,3_LTE,0,1,13229,0,0,552.0,3033.0,2210.0,0.0,0.0,294.0
05-05-2026-direct-cold-0006,WASM,cold,no,1,143.0,142497.0,2019,5277,1998,7276,0.0,x86_64,x86_64,True,True,transfer_mode=direct;module=3mm_with_cr.wasm,2026-05-05T02:06:00.150501,3_LTE,0,1,13507,0,0,589.0,3007.0,2269.0,0.0,0.0,364.0
05-05-2026-direct-cold-0007,WASM,cold,no,1,123.0,122513.0,2017,5181,2025,7207,0.0,x86_64,x86_64,True,True,transfer_mode=direct;module=3mm_with_cr.wasm,2026-05-05T02:06:18.791504,3_LTE,0,1,13114,0,0,594.0,2927.0,2253.0,0.0,0.0,288.0
05-05-2026-direct-cold-0008,WASM,cold,no,1,125.0,124302.0,2018,5283,2077,7361,0.0,x86_64,x86_64,True,True,transfer_mode=direct;module=3mm_with_cr.wasm,2026-05-05T02:06:37.529784,3_LTE,0,1,13196,0,0,552.0,3050.0,2231.0,0.0,0.0,299.0
05-05-2026-direct-cold-0009,WASM,cold,no,1,169.0,168199.0,2020,5898,2058,7957,0.0,x86_64,x86_64,True,True,transfer_mode=direct;module=3mm_with_cr.wasm,2026-05-05T02:06:57.043385,3_LTE,0,1,13830,0,0,574.0,3632.0,2265.0,0.0,0.0,283.0
05-05-2026-host-cold-0010,WASM,cold,no,1,203.0,202847.0,2015,12008,1993,14002,0.0,x86_64,x86_64,True,True,transfer_mode=host;module=3mm_with_cr.wasm;relay_node=edge-host-1,2026-05-05T02:09:00.996935,3_LTE,0,1,19920,0,0,598.0,6695.0,2452.0,2539.0,320.0,319.0
05-05-2026-host-cold-0011,WASM,cold,no,1,128.0,127599.0,2018,11220,1950,13171,0.0,x86_64,x86_64,True,True,transfer_mode=host;module=3mm_with_cr.wasm;relay_node=edge-host-1,2026-05-05T02:09:25.739595,3_LTE,0,1,18989,0,0,561.0,6390.0,2220.0,2238.0,369.0,283.0
05-05-2026-host-cold-0012,WASM,cold,no,1,170.0,169303.0,2019,11990,1978,13969,0.0,x86_64,x86_64,True,True,transfer_mode=host;module=3mm_with_cr.wasm;relay_node=edge-host-1,2026-05-05T02:09:51.181452,3_LTE,0,1,19919,0,0,589.0,6906.0,2230.0,2274.0,577.0,284.0
05-05-2026-host-cold-0013,WASM,cold,no,1,152.0,151258.0,2018,11310,1992,13303,0.0,x86_64,x86_64,True,True,transfer_mode=host;module=3mm_with_cr.wasm;relay_node=edge-host-1,2026-05-05T02:10:16.021680,3_LTE,0,1,19197,0,0,575.0,6515.0,2287.0,2249.0,257.0,306.0
05-05-2026-host-cold-0014,WASM,cold,no,1,177.0,176836.0,2017,10933,1955,12889,0.0,x86_64,x86_64,True,True,transfer_mode=host;module=3mm_with_cr.wasm;relay_node=edge-host-1,2026-05-05T02:10:41.177197,3_LTE,0,1,19440,0,0,582.0,6219.0,2195.0,2239.0,278.0,288.0
05-05-2026-host-cold-0015,WASM,cold,no,1,166.0,165833.0,2017,11438,1959,13398,0.0,x86_64,x86_64,True,True,transfer_mode=host;module=3mm_with_cr.wasm;relay_node=edge-host-1,2026-05-05T02:11:06.345105,3_LTE,0,1,19346,0,0,557.0,6642.0,2249.0,2194.0,349.0,333.0
05-05-2026-host-cold-0016,WASM,cold,no,1,126.0,125219.0,2017,11151,1989,13141,0.0,x86_64,x86_64,True,True,transfer_mode=host;module=3mm_with_cr.wasm;relay_node=edge-host-1,2026-05-05T02:11:31.023221,3_LTE,0,1,19037,0,0,631.0,6451.0,2194.0,2248.0,255.0,300.0
05-05-2026-host-cold-0017,WASM,cold,no,1,137.0,136481.0,2018,11815,2131,13947,0.0,x86_64,x86_64,True,True,transfer_mode=host;module=3mm_with_cr.wasm;relay_node=edge-host-1,2026-05-05T02:11:56.910422,3_LTE,0,1,20296,0,0,564.0,6757.0,2216.0,2233.0,606.0,315.0
05-05-2026-host-cold-0018,WASM,cold,no,1,190.0,189386.0,2018,11309,2033,13343,0.0,x86_64,x86_64,True,True,transfer_mode=host;module=3mm_with_cr.wasm;relay_node=edge-host-1,2026-05-05T02:12:21.754140,3_LTE,0,1,19335,0,0,586.0,6567.0,2220.0,2253.0,266.0,279.0
05-05-2026-host-cold-0019,WASM,cold,no,1,190.0,189583.0,2017,11267,2493,13761,0.0,x86_64,x86_64,True,True,transfer_mode=host;module=3mm_with_cr.wasm;relay_node=edge-host-1,2026-05-05T02:12:47.421373,3_LTE,0,1,19996,0,0,617.0,6421.0,2230.0,2335.0,279.0,325.0
05-05-2026-direct-cold-0010,WASM,cold,no,1,176.0,175733.0,2019,5286,1965,7252,0.0,x86_64,x86_64,True,True,transfer_mode=direct;module=3mm_with_cr.wasm,2026-05-05T02:13:06.285794,3_LTE,0,1,13233,0,0,632.0,3053.0,2231.0,0.0,0.0,282.0
05-05-2026-direct-cold-0011,WASM,cold,no,1,162.0,161932.0,2019,5349,2051,7401,0.0,x86_64,x86_64,True,True,transfer_mode=direct;module=3mm_with_cr.wasm,2026-05-05T02:13:24.958739,3_LTE,0,1,13242,0,0,557.0,3084.0,2263.0,0.0,0.0,340.0
05-05-2026-direct-cold-0012,WASM,cold,no,1,193.0,192826.0,2019,5343,2009,7353,0.0,x86_64,x86_64,True,True,transfer_mode=direct;module=3mm_with_cr.wasm,2026-05-05T02:13:44.050913,3_LTE,0,1,13413,0,0,595.0,3066.0,2276.0,0.0,0.0,299.0
05-05-2026-direct-cold-0013,WASM,cold,no,1,170.0,169891.0,2017,5051,1886,6938,0.0,x86_64,x86_64,True,True,transfer_mode=direct;module=3mm_with_cr.wasm,2026-05-05T02:14:02.806142,3_LTE,0,1,12891,0,0,575.0,2866.0,2183.0,0.0,0.0,283.0
05-05-2026-direct-cold-0014,WASM,cold,no,1,125.0,124398.0,2022,5194,2035,7230,0.0,x86_64,x86_64,True,True,transfer_mode=direct;module=3mm_with_cr.wasm,2026-05-05T02:14:21.448581,3_LTE,0,1,12932,0,0,558.0,2955.0,2237.0,0.0,0.0,301.0
05-05-2026-direct-cold-0015,WASM,cold,no,1,136.0,135465.0,2019,5233,2005,7239,0.0,x86_64,x86_64,True,True,transfer_mode=direct;module=3mm_with_cr.wasm,2026-05-05T02:14:40.230837,3_LTE,0,1,13008,0,0,581.0,3027.0,2204.0,0.0,0.0,318.0
05-05-2026-direct-cold-0016,WASM,cold,no,1,170.0,169556.0,2020,5264,1986,7251,0.0,x86_64,x86_64,True,True,transfer_mode=direct;module=3mm_with_cr.wasm,2026-05-05T02:14:59.817154,3_LTE,0,1,13742,0,0,682.0,2990.0,2272.0,0.0,0.0,296.0
05-05-2026-direct-cold-0017,WASM,cold,no,1,136.0,135617.0,2017,5182,2011,7194,0.0,x86_64,x86_64,True,True,transfer_mode=direct;module=3mm_with_cr.wasm,2026-05-05T02:15:18.611131,3_LTE,0,1,13080,0,0,586.0,2981.0,2199.0,0.0,0.0,307.0
05-05-2026-direct-cold-0018,WASM,cold,no,1,157.0,156358.0,2021,5312,2161,7474,0.0,x86_64,x86_64,True,True,transfer_mode=direct;module=3mm_with_cr.wasm,2026-05-05T02:15:37.891936,3_LTE,0,1,13666,0,0,564.0,3043.0,2267.0,0.0,0.0,322.0
05-05-2026-direct-cold-0019,WASM,cold,no,1,188.0,187726.0,2020,5585,1956,7542,0.0,x86_64,x86_64,True,True,transfer_mode=direct;module=3mm_with_cr.wasm,2026-05-05T02:15:57.314805,3_LTE,0,1,13758,0,0,848.0,3390.0,2194.0,0.0,0.0,306.0
05-05-2026-host-cold-0020,WASM,cold,no,1,178.0,177682.0,2018,11544,2088,13633,0.0,x86_64,x86_64,True,True,transfer_mode=host;module=3mm_with_cr.wasm;relay_node=edge-host-1,2026-05-05T02:17:59.310931,3_LTE,0,1,19641,0,0,595.0,6707.0,2242.0,2337.0,256.0,311.0
05-05-2026-host-cold-0021,WASM,cold,no,1,207.0,206193.0,2019,11283,1981,13265,0.0,x86_64,x86_64,True,True,transfer_mode=host;module=3mm_with_cr.wasm;relay_node=edge-host-1,2026-05-05T02:18:24.321870,3_LTE,0,1,19321,0,0,555.0,6521.0,2297.0,2208.0,255.0,293.0
05-05-2026-host-cold-0022,WASM,cold,no,1,149.0,148945.0,2015,12326,1821,14148,0.0,x86_64,x86_64,True,True,transfer_mode=host;module=3mm_with_cr.wasm;relay_node=edge-host-1,2026-05-05T02:18:50.059145,3_LTE,0,1,19973,0,0,600.0,7244.0,2270.0,2232.0,579.0,275.0
05-05-2026-host-cold-0023,WASM,cold,no,1,123.0,122921.0,2018,11146,1983,13130,0.0,x86_64,x86_64,True,True,transfer_mode=host;module=3mm_with_cr.wasm;relay_node=edge-host-1,2026-05-05T02:19:14.729075,3_LTE,0,1,19151,0,0,574.0,6394.0,2291.0,2211.0,248.0,280.0
05-05-2026-host-cold-0024,WASM,cold,no,1,212.0,211429.0,2016,11209,1917,13127,0.0,x86_64,x86_64,True,True,transfer_mode=host;module=3mm_with_cr.wasm;relay_node=edge-host-1,2026-05-05T02:19:40.018339,3_LTE,0,1,19632,0,0,605.0,6438.0,2282.0,2215.0,272.0,301.0
05-05-2026-host-cold-0025,WASM,cold,no,1,137.0,136259.0,2019,11348,1973,13322,0.0,x86_64,x86_64,True,True,transfer_mode=host;module=3mm_with_cr.wasm;relay_node=edge-host-1,2026-05-05T02:20:14.605344,3_LTE,0,1,19238,0,0,612.0,6648.0,2205.0,2237.0,256.0,287.0
05-05-2026-host-cold-0026,WASM,cold,no,1,155.0,154166.0,2016,11013,2104,13118,0.0,x86_64,x86_64,True,True,transfer_mode=host;module=3mm_with_cr.wasm;relay_node=edge-host-1,2026-05-05T02:20:39.865797,3_LTE,0,1,19676,0,0,565.0,6262.0,2220.0,2249.0,278.0,320.0
05-05-2026-host-cold-0027,WASM,cold,no,1,179.0,178534.0,2016,11501,1961,13463,0.0,x86_64,x86_64,True,True,transfer_mode=host;module=3mm_with_cr.wasm;relay_node=edge-host-1,2026-05-05T02:21:04.737753,3_LTE,0,1,19302,0,0,561.0,6366.0,2244.0,2250.0,638.0,321.0
05-05-2026-host-cold-0028,WASM,cold,no,1,171.0,170343.0,2016,10953,1875,12829,0.0,x86_64,x86_64,True,True,transfer_mode=host;module=3mm_with_cr.wasm;relay_node=edge-host-1,2026-05-05T02:21:29.037632,3_LTE,0,1,18706,0,0,563.0,6243.0,2212.0,2239.0,257.0,310.0
05-05-2026-host-cold-0029,WASM,cold,no,1,151.0,150752.0,2017,11927,2094,14022,0.0,x86_64,x86_64,True,True,transfer_mode=host;module=3mm_with_cr.wasm;relay_node=edge-host-1,2026-05-05T02:21:54.461418,3_LTE,0,1,19848,0,0,563.0,6956.0,2545.0,2151.0,273.0,381.0
05-05-2026-direct-cold-0020,WASM,cold,no,1,124.0,123092.0,2018,5218,1848,7067,0.0,x86_64,x86_64,True,True,transfer_mode=direct;module=3mm_with_cr.wasm,2026-05-05T02:22:13.021241,3_LTE,0,1,13056,0,0,644.0,3022.0,2194.0,0.0,0.0,290.0
05-05-2026-direct-cold-0021,WASM,cold,no,1,139.0,138173.0,2019,5259,1898,7158,0.0,x86_64,x86_64,True,True,transfer_mode=direct;module=3mm_with_cr.wasm,2026-05-05T02:22:31.737874,3_LTE,0,1,13021,0,0,543.0,2953.0,2304.0,0.0,0.0,287.0
05-05-2026-direct-cold-0022,WASM,cold,no,1,139.0,138490.0,2018,5491,1953,7445,0.0,x86_64,x86_64,True,True,transfer_mode=direct;module=3mm_with_cr.wasm,2026-05-05T02:22:50.918037,3_LTE,0,1,13514,0,0,554.0,3223.0,2266.0,0.0,0.0,268.0
05-05-2026-direct-cold-0023,WASM,cold,no,1,170.0,169985.0,2018,5388,1957,7346,0.0,x86_64,x86_64,True,True,transfer_mode=direct;module=3mm_with_cr.wasm,2026-05-05T02:23:09.487051,3_LTE,0,1,13231,0,0,544.0,3092.0,2295.0,0.0,0.0,313.0
05-05-2026-direct-cold-0024,WASM,cold,no,1,126.0,125905.0,2020,5327,1919,7247,0.0,x86_64,x86_64,True,True,transfer_mode=direct;module=3mm_with_cr.wasm,2026-05-05T02:23:28.163585,3_LTE,0,1,13012,0,0,615.0,3049.0,2276.0,0.0,0.0,299.0
05-05-2026-direct-cold-0025,WASM,cold,no,1,126.0,125478.0,2017,5517,2233,7751,0.0,x86_64,x86_64,True,True,transfer_mode=direct;module=3mm_with_cr.wasm,2026-05-05T02:23:47.320444,3_LTE,0,1,13606,0,0,588.0,2934.0,2581.0,0.0,0.0,273.0
05-05-2026-direct-cold-0026,WASM,cold,no,1,159.0,158775.0,2020,5246,2047,7294,0.0,x86_64,x86_64,True,True,transfer_mode=direct;module=3mm_with_cr.wasm,2026-05-05T02:24:06.168924,3_LTE,0,1,13182,0,0,609.0,2951.0,2294.0,0.0,0.0,256.0
05-05-2026-direct-cold-0027,WASM,cold,no,1,169.0,168018.0,2020,5372,1997,7370,0.0,x86_64,x86_64,True,True,transfer_mode=direct;module=3mm_with_cr.wasm,2026-05-05T02:24:24.951592,3_LTE,0,1,13276,0,0,579.0,3135.0,2235.0,0.0,0.0,277.0
05-05-2026-direct-cold-0028,WASM,cold,no,1,172.0,171187.0,2017,5341,1920,7262,0.0,x86_64,x86_64,True,True,transfer_mode=direct;module=3mm_with_cr.wasm,2026-05-05T02:24:44.062645,3_LTE,0,1,13578,0,0,584.0,3026.0,2313.0,0.0,0.0,287.0
05-05-2026-direct-cold-0029,WASM,cold,no,1,147.0,146734.0,2017,5353,1929,7283,0.0,x86_64,x86_64,True,True,transfer_mode=direct;module=3mm_with_cr.wasm,2026-05-05T02:25:03.146973,3_LTE,0,1,13248,0,0,622.0,3095.0,2256.0,0.0,0.0,270.0
05-05-2026-host-cold-0030,WASM,cold,no,1,143.0,142502.0,2016,11337,1874,13212,0.0,x86_64,x86_64,True,True,transfer_mode=host;module=3mm_with_cr.wasm;relay_node=edge-host-1,2026-05-05T02:27:05.750690,3_LTE,0,1,19246,0,0,545.0,6555.0,2285.0,2238.0,256.0,324.0
05-05-2026-host-cold-0031,WASM,cold,no,1,159.0,158201.0,2016,11013,2044,13058,0.0,x86_64,x86_64,True,True,transfer_mode=host;module=3mm_with_cr.wasm;relay_node=edge-host-1,2026-05-05T02:27:30.219818,3_LTE,0,1,18925,0,0,552.0,6306.0,2235.0,2214.0,256.0,304.0
05-05-2026-host-cold-0032,WASM,cold,no,1,176.0,175806.0,2016,12241,2073,14315,0.0,x86_64,x86_64,True,True,transfer_mode=host;module=3mm_with_cr.wasm;relay_node=edge-host-1,2026-05-05T02:27:56.509749,3_LTE,0,1,20361,0,0,580.0,6731.0,2505.0,2418.0,584.0,282.0
05-05-2026-host-cold-0033,WASM,cold,no,1,126.0,125864.0,2016,11560,1999,13560,0.0,x86_64,x86_64,True,True,transfer_mode=host;module=3mm_with_cr.wasm;relay_node=edge-host-1,2026-05-05T02:28:21.404999,3_LTE,0,1,19404,0,0,608.0,6447.0,2305.0,2546.0,260.0,297.0
05-05-2026-host-cold-0034,WASM,cold,no,1,124.0,123581.0,2018,11106,1924,13031,0.0,x86_64,x86_64,True,True,transfer_mode=host;module=3mm_with_cr.wasm;relay_node=edge-host-1,2026-05-05T02:28:46.514891,3_LTE,0,1,19414,0,0,577.0,6229.0,2316.0,2259.0,299.0,292.0
05-05-2026-host-cold-0035,WASM,cold,no,1,181.0,180948.0,2017,11516,2051,13568,0.0,x86_64,x86_64,True,True,transfer_mode=host;module=3mm_with_cr.wasm;relay_node=edge-host-1,2026-05-05T02:29:11.869265,3_LTE,0,1,19364,0,0,502.0,6698.0,2240.0,2295.0,281.0,274.0
05-05-2026-host-cold-0036,WASM,cold,no,1,185.0,184445.0,2016,11141,1933,13075,0.0,x86_64,x86_64,True,True,transfer_mode=host;module=3mm_with_cr.wasm;relay_node=edge-host-1,2026-05-05T02:29:36.714904,3_LTE,0,1,19230,0,0,644.0,6397.0,2297.0,2185.0,259.0,285.0
05-05-2026-host-cold-0037,WASM,cold,no,1,164.0,163146.0,2018,12049,1905,13955,0.0,x86_64,x86_64,True,True,transfer_mode=host;module=3mm_with_cr.wasm;relay_node=edge-host-1,2026-05-05T02:30:02.168505,3_LTE,0,1,19793,0,0,552.0,6977.0,2202.0,2279.0,589.0,298.0
05-05-2026-host-cold-0038,WASM,cold,no,1,161.0,160892.0,2017,11040,1995,13036,0.0,x86_64,x86_64,True,True,transfer_mode=host;module=3mm_with_cr.wasm;relay_node=edge-host-1,2026-05-05T02:30:26.774102,3_LTE,0,1,18848,0,0,565.0,6346.0,2207.0,2220.0,263.0,343.0
05-05-2026-host-cold-0039,WASM,cold,no,1,124.0,123902.0,2017,11100,2201,13302,0.0,x86_64,x86_64,True,True,transfer_mode=host;module=3mm_with_cr.wasm;relay_node=edge-host-1,2026-05-05T02:30:51.878686,3_LTE,0,1,19513,0,0,616.0,6212.0,2269.0,2326.0,291.0,257.0
05-05-2026-direct-cold-0030,WASM,cold,no,1,187.0,186995.0,2018,5337,1969,7307,0.0,x86_64,x86_64,True,True,transfer_mode=direct;module=3mm_with_cr.wasm,2026-05-05T02:31:10.536643,3_LTE,0,1,13082,0,0,571.0,3100.0,2235.0,0.0,0.0,307.0
05-05-2026-direct-cold-0031,WASM,cold,no,1,126.0,125689.0,2021,5258,2011,7270,0.0,x86_64,x86_64,True,True,transfer_mode=direct;module=3mm_with_cr.wasm,2026-05-05T02:31:29.282676,3_LTE,0,1,13204,0,0,587.0,3016.0,2240.0,0.0,0.0,306.0
05-05-2026-direct-cold-0032,WASM,cold,no,1,132.0,131073.0,2017,5244,1931,7176,0.0,x86_64,x86_64,True,True,transfer_mode=direct;module=3mm_with_cr.wasm,2026-05-05T02:31:48.105979,3_LTE,0,1,13313,0,0,579.0,3033.0,2209.0,0.0,0.0,285.0
05-05-2026-direct-cold-0033,WASM,cold,no,1,180.0,179303.0,2015,5346,1961,7308,0.0,x86_64,x86_64,True,True,transfer_mode=direct;module=3mm_with_cr.wasm,2026-05-05T02:32:07.408794,3_LTE,0,1,13130,0,0,580.0,3085.0,2259.0,0.0,0.0,290.0
05-05-2026-direct-cold-0034,WASM,cold,no,1,120.0,119754.0,2019,5256,1913,7170,0.0,x86_64,x86_64,True,True,transfer_mode=direct;module=3mm_with_cr.wasm,2026-05-05T02:32:26.073080,3_LTE,0,1,13030,0,0,590.0,3010.0,2244.0,0.0,0.0,291.0
05-05-2026-direct-cold-0035,WASM,cold,no,1,184.0,183243.0,2020,5330,1907,7238,0.0,x86_64,x86_64,True,True,transfer_mode=direct;module=3mm_with_cr.wasm,2026-05-05T02:32:44.676359,3_LTE,0,1,13083,0,0,587.0,3052.0,2276.0,0.0,0.0,286.0
05-05-2026-direct-cold-0036,WASM,cold,no,1,203.0,202245.0,2020,5162,2119,7282,0.0,x86_64,x86_64,True,True,transfer_mode=direct;module=3mm_with_cr.wasm,2026-05-05T02:33:04.252954,3_LTE,0,1,13179,0,0,603.0,2931.0,2230.0,0.0,0.0,305.0
05-05-2026-direct-cold-0037,WASM,cold,no,1,131.0,130309.0,2018,5195,1973,7169,0.0,x86_64,x86_64,True,True,transfer_mode=direct;module=3mm_with_cr.wasm,2026-05-05T02:33:22.982339,3_LTE,0,1,13091,0,0,601.0,2956.0,2237.0,0.0,0.0,298.0
05-05-2026-direct-cold-0038,WASM,cold,no,1,200.0,199191.0,2020,5292,2033,7326,0.0,x86_64,x86_64,True,True,transfer_mode=direct;module=3mm_with_cr.wasm,2026-05-05T02:33:41.819218,3_LTE,0,1,13235,0,0,587.0,3075.0,2216.0,0.0,0.0,284.0
05-05-2026-direct-cold-0039,WASM,cold,no,1,127.0,126113.0,2020,5893,2043,7937,0.0,x86_64,x86_64,True,True,transfer_mode=direct;module=3mm_with_cr.wasm,2026-05-05T02:34:01.149611,3_LTE,0,1,13651,0,0,568.0,3579.0,2312.0,0.0,0.0,282.0
