run_id,migration_method,transfer_mode,source_node,dest_node,src_dt_s,dst_dt_s,src_cpu_util_pct,dst_cpu_util_pct,cpu_util_pct_avg,src_mem_used_pct_before,src_mem_used_pct_after,src_mem_used_pct_delta,dst_mem_used_pct_before,dst_mem_used_pct_after,dst_mem_used_pct_delta,mem_used_pct_after_avg,mem_used_pct_delta_avg,src_disk_read_mb_s,src_disk_write_mb_s,src_disk_total_mb_s,dst_disk_read_mb_s,dst_disk_write_mb_s,dst_disk_total_mb_s,disk_total_mb_s_avg,timestamp
28-04-2026-host-cold-0000,cold,host,edge-node-1,edge-node-2,21.828598,20.670703,8.588808,7.707608,8.148208,21.772076,19.119178,-2.652897,21.398580,19.704309,-1.694271,19.411744,-2.173584,0.056012,1.692161,1.748173,0.006803,1.765973,1.772776,1.760474,2026-04-28T14:53:44+0200
28-04-2026-host-cold-0001,cold,host,edge-node-1,edge-node-2,19.101284,19.089486,8.793240,8.185430,8.489335,19.883691,19.144065,-0.739626,19.251773,19.183485,-0.068288,19.163775,-0.403957,0.000000,1.969967,1.969967,0.000000,1.886673,1.886673,1.928320,2026-04-28T14:54:03+0200
28-04-2026-host-cold-0002,cold,host,edge-node-1,edge-node-2,19.012065,19.270872,9.354586,8.818979,9.086782,19.151431,20.638646,1.487215,19.077568,21.630123,2.552555,21.134385,2.019885,0.000000,1.863537,1.863537,0.000000,1.876821,1.876821,1.870179,2026-04-28T14:54:24+0200
28-04-2026-host-cold-0003,cold,host,edge-node-1,edge-node-2,19.350873,19.318172,8.535630,8.220251,8.377940,20.161424,19.153223,-1.008201,20.158835,20.041769,-0.117066,19.597496,-0.562633,0.000000,1.884605,1.884605,0.000000,1.891839,1.891839,1.888222,2026-04-28T14:54:44+0200
28-04-2026-host-cold-0004,cold,host,edge-node-1,edge-node-2,19.184511,19.178215,8.749343,8.123028,8.436186,19.158200,19.167558,0.009357,19.702517,19.123359,-0.579158,19.145458,-0.284900,0.000000,1.902373,1.902373,0.000000,1.895665,1.895665,1.899019,2026-04-28T14:55:04+0200
28-04-2026-host-cold-0005,cold,host,edge-node-1,edge-node-2,19.604789,19.907947,9.663547,8.716284,9.189915,19.171141,20.445129,1.273988,19.120970,20.386995,1.266024,20.416062,1.270006,0.000000,1.860594,1.860594,0.000000,1.835597,1.835597,1.848096,2026-04-28T14:55:25+0200
28-04-2026-host-cold-0006,cold,host,edge-node-1,edge-node-2,19.797581,19.788705,8.961303,8.125318,8.543311,19.782353,19.003904,-0.778449,20.058294,20.058692,0.000398,19.531298,-0.389025,0.000000,1.849776,1.849776,0.000000,1.849224,1.849224,1.849500,2026-04-28T14:55:45+0200
28-04-2026-host-cold-0007,cold,host,edge-node-1,edge-node-2,19.158632,19.159256,8.813470,8.458498,8.635984,19.014854,19.033370,0.018516,19.292786,19.438123,0.145337,19.235747,0.081926,0.000000,1.911263,1.911263,0.000000,1.951978,1.951978,1.931620,2026-04-28T14:56:05+0200
28-04-2026-host-cold-0008,cold,host,edge-node-1,edge-node-2,19.239168,19.534043,9.563195,8.816057,9.189626,19.039741,20.526757,1.487016,19.134707,21.540333,2.405626,21.033545,1.946321,0.000000,1.897374,1.897374,0.006399,1.867733,1.874132,1.885753,2026-04-28T14:56:25+0200
28-04-2026-host-cold-0009,cold,host,edge-node-1,edge-node-2,19.382124,19.384068,8.627859,8.016658,8.322258,20.246635,19.021026,-1.225609,20.482957,18.984194,-1.498763,19.002610,-1.362186,0.000000,1.888822,1.888822,0.000000,1.885206,1.885206,1.887014,2026-04-28T14:56:46+0200
28-04-2026-host-cold-0010,cold,host,edge-node-1,edge-node-2,19.252750,19.260611,8.684279,8.553492,8.618886,19.010474,19.040338,0.029864,18.965679,19.773991,0.808312,19.407165,0.419088,0.000000,1.883254,1.883254,0.000000,1.899116,1.899116,1.891185,2026-04-28T14:57:06+0200
28-04-2026-host-cold-0011,cold,host,edge-node-1,edge-node-2,19.378233,19.632348,9.368583,8.833922,9.101253,19.018637,20.382615,1.363978,19.151829,20.471609,1.319779,20.427112,1.341878,0.000000,1.888193,1.888193,0.000000,1.852014,1.852014,1.870103,2026-04-28T14:57:26+0200
28-04-2026-host-cold-0012,cold,host,edge-node-1,edge-node-2,19.434161,19.421924,8.668570,8.415584,8.542077,20.004738,19.044519,-0.960219,20.069045,19.004103,-1.064942,19.024311,-1.012581,0.000000,1.881553,1.881553,0.000000,1.879722,1.879722,1.880637,2026-04-28T14:57:46+0200
28-04-2026-host-cold-0013,cold,host,edge-node-1,edge-node-2,18.987649,18.983832,8.641319,8.227176,8.434248,19.052483,19.074781,0.022298,19.005895,19.837700,0.831805,19.456241,0.427052,0.000000,1.924565,1.924565,0.000000,1.924746,1.924746,1.924656,2026-04-28T14:58:06+0200
28-04-2026-host-cold-0014,cold,host,edge-node-1,edge-node-2,19.935742,20.207657,9.304066,9.017199,9.160632,19.048700,20.590068,1.541368,19.174526,20.497291,1.322766,20.543680,1.432067,0.000000,1.834409,1.834409,0.000000,1.797741,1.797741,1.816075,2026-04-28T14:58:27+0200
28-04-2026-host-cold-0015,cold,host,edge-node-1,edge-node-2,19.755339,19.765597,9.037529,8.208004,8.622766,19.898423,19.023415,-0.875008,19.755874,19.596202,-0.159672,19.309809,-0.517340,0.000000,1.853929,1.853929,0.000000,1.855734,1.855734,1.854832,2026-04-28T14:58:48+0200
28-04-2026-host-cold-0016,cold,host,edge-node-1,edge-node-2,20.173783,20.173437,8.922769,8.247938,8.585354,19.069604,19.076772,0.007167,18.994149,19.462412,0.468264,19.269592,0.237716,0.000000,1.915582,1.915582,0.003098,1.809697,1.812795,1.864189,2026-04-28T14:59:09+0200
28-04-2026-host-cold-0017,cold,host,edge-node-1,edge-node-2,20.769770,20.738625,9.450923,9.185905,9.318414,19.785538,19.882496,0.096958,19.159594,19.903799,0.744205,19.893147,0.420581,0.000000,1.722944,1.722944,0.000000,1.777706,1.777706,1.750325,2026-04-28T14:59:30+0200
28-04-2026-host-cold-0018,cold,host,edge-node-1,edge-node-2,20.310174,20.321234,8.874566,8.314718,8.594642,19.137495,19.324243,0.186748,19.605759,19.176318,-0.429441,19.250280,-0.121346,0.000000,1.803860,1.803860,0.000000,1.793652,1.793652,1.798756,2026-04-28T14:59:51+0200
28-04-2026-host-cold-0019,cold,host,edge-node-1,edge-node-2,19.408334,19.411766,9.024896,8.333333,8.679115,19.130925,19.255357,0.124432,19.000121,20.364497,1.364376,19.809927,0.744404,0.002214,1.889692,1.891906,0.001006,1.893383,1.894389,1.893148,2026-04-28T15:00:11+0200
28-04-2026-direct-cold-0000,cold,direct,edge-node-1,edge-node-2,17.655885,17.663788,10.048530,10.288654,10.168592,19.064627,19.873736,0.809109,19.631242,20.082782,0.451540,19.978259,0.630324,0.000000,2.078140,2.078140,0.000000,2.078537,2.078537,2.078339,2026-04-28T15:00:30+0200
28-04-2026-direct-cold-0001,cold,direct,edge-node-1,edge-node-2,17.015356,16.945051,9.708160,9.698597,9.703379,19.294379,19.102654,-0.191725,19.374414,19.026999,-0.347415,19.064826,-0.269570,0.000000,2.146499,2.146499,0.000000,2.167853,2.167853,2.157176,2026-04-28T15:00:47+0200
28-04-2026-direct-cold-0002,cold,direct,edge-node-1,edge-node-2,16.059326,16.044349,10.198300,10.037760,10.118030,19.075776,19.080355,0.004579,19.007886,20.541291,1.533405,19.810823,0.768992,0.000000,2.298119,2.298119,0.000000,2.299291,2.299291,2.298705,2026-04-28T15:01:04+0200
28-04-2026-direct-cold-0003,cold,direct,edge-node-1,edge-node-2,16.908550,17.086941,9.917355,9.123118,9.520237,19.076174,19.350921,0.274747,19.261330,19.643785,0.382455,19.497353,0.328601,0.000000,2.157978,2.157978,0.000000,2.138649,2.138649,2.148314,2026-04-28T15:01:22+0200
28-04-2026-direct-cold-0004,cold,direct,edge-node-1,edge-node-2,16.689474,16.730189,10.220078,10.069340,10.144709,19.074980,19.072392,-0.002588,19.056464,19.931672,0.875207,19.502032,0.436310,0.000000,2.207370,2.207370,0.011674,2.202465,2.214139,2.210755,2026-04-28T15:01:39+0200
28-04-2026-direct-cold-0005,cold,direct,edge-node-1,edge-node-2,15.938969,15.979234,10.157729,9.728364,9.943046,19.115794,19.077767,-0.038027,19.521344,19.689377,0.168033,19.383572,0.065003,0.000000,2.301994,2.301994,0.000000,2.294971,2.294971,2.298482,2026-04-28T15:01:56+0200
28-04-2026-direct-cold-0006,cold,direct,edge-node-1,edge-node-2,15.873216,15.882649,10.368957,9.593393,9.981175,19.124554,19.739349,0.614795,19.396115,19.959545,0.563430,19.849447,0.589112,0.000000,2.357302,2.357302,0.000000,2.321716,2.321716,2.339509,2026-04-28T15:02:13+0200
28-04-2026-direct-cold-0007,cold,direct,edge-node-1,edge-node-2,16.069627,16.322101,10.713183,9.292992,10.003087,19.077170,20.440948,1.363778,19.039143,19.474159,0.435015,19.957554,0.899397,0.000000,2.507642,2.507642,0.000000,2.249395,2.249395,2.378518,2026-04-28T15:02:30+0200
28-04-2026-direct-cold-0008,cold,direct,edge-node-1,edge-node-2,16.202863,16.189344,9.968847,10.719850,10.344349,19.781756,19.098075,-0.683681,19.123558,19.884089,0.760530,19.491082,0.038425,0.000000,2.235571,2.235571,0.000241,2.278215,2.278457,2.257014,2026-04-28T15:02:47+0200
28-04-2026-direct-cold-0009,cold,direct,edge-node-1,edge-node-2,16.176600,16.186080,9.909629,9.357455,9.633542,19.111414,19.601379,0.489965,19.216932,19.920523,0.703590,19.760951,0.596778,0.000000,2.231232,2.231232,0.000000,2.493945,2.493945,2.362588,2026-04-28T15:03:04+0200
28-04-2026-direct-cold-0010,cold,direct,edge-node-1,edge-node-2,15.929952,15.933610,9.882800,9.683544,9.783172,19.172137,19.087921,-0.084216,19.080754,19.977662,0.896908,19.532791,0.406346,0.000000,2.268476,2.268476,0.000000,2.266730,2.266730,2.267603,2026-04-28T15:03:20+0200
28-04-2026-direct-cold-0011,cold,direct,edge-node-1,edge-node-2,16.499634,16.499017,10.886850,10.088658,10.487754,19.101658,19.124952,0.023294,19.376405,20.184916,0.808512,19.654934,0.415903,0.000000,2.202937,2.202937,0.000000,2.211069,2.211069,2.207003,2026-04-28T15:03:37+0200
28-04-2026-direct-cold-0012,cold,direct,edge-node-1,edge-node-2,16.023362,16.029224,10.128971,9.462433,9.795702,19.103251,19.556583,0.453332,19.780163,20.643226,0.863063,20.099904,0.658197,0.000000,2.259640,2.259640,0.000000,2.252721,2.252721,2.256181,2026-04-28T15:03:54+0200
28-04-2026-direct-cold-0013,cold,direct,edge-node-1,edge-node-2,15.872644,15.897470,9.965090,9.746032,9.855561,19.116988,19.170146,0.053157,20.206020,19.884885,-0.321135,19.527515,-0.133989,0.000000,2.349512,2.349512,0.000000,2.291049,2.291049,2.320280,2026-04-28T15:04:11+0200
28-04-2026-direct-cold-0014,cold,direct,edge-node-1,edge-node-2,15.977365,15.991235,10.167351,9.605757,9.886554,19.134110,19.135305,0.001195,19.116391,20.636058,1.519667,19.885682,0.760431,0.000000,2.252454,2.252454,0.000000,2.267844,2.267844,2.260149,2026-04-28T15:04:28+0200
28-04-2026-direct-cold-0015,cold,direct,edge-node-1,edge-node-2,17.462362,17.497679,10.169980,9.714615,9.942297,19.155413,19.119178,-0.036235,19.780163,20.502866,0.722703,19.811022,0.343234,0.000000,2.071196,2.071196,0.000000,2.076168,2.076168,2.073682,2026-04-28T15:04:46+0200
28-04-2026-direct-cold-0016,cold,direct,edge-node-1,edge-node-2,16.784326,16.606874,14.155529,9.516524,11.836026,19.135305,19.124156,-0.011149,20.033009,20.181731,0.148722,19.652943,0.068786,0.156396,2.157426,2.313822,0.000000,2.171776,2.171776,2.242799,2026-04-28T15:05:03+0200
28-04-2026-direct-cold-0017,cold,direct,edge-node-1,edge-node-2,17.108462,17.111169,10.179994,13.850252,12.015123,19.116590,19.130925,0.014335,19.783149,19.393527,-0.389623,19.262226,-0.187644,0.000000,2.228886,2.228886,0.160714,2.131055,2.291769,2.260327,2026-04-28T15:05:21+0200
28-04-2026-direct-cold-0018,cold,direct,edge-node-1,edge-node-2,17.889311,17.874349,10.223101,10.220215,10.221658,19.160191,19.153223,-0.006968,19.124156,20.413673,1.289517,19.783448,0.641275,0.000000,1.913896,1.913896,0.000000,2.041814,2.041814,1.977855,2026-04-28T15:05:40+0200
28-04-2026-direct-cold-0019,cold,direct,edge-node-1,edge-node-2,15.902203,15.898363,10.187242,9.508716,9.847979,19.125549,20.209803,1.084254,19.445091,19.648762,0.203671,19.929283,0.643962,0.000000,2.309527,2.309527,0.000000,2.269790,2.269790,2.289658,2026-04-28T15:05:56+0200
28-04-2026-host-cold-0020,cold,host,edge-node-1,edge-node-2,23.378143,19.658303,8.218830,8.012569,8.115699,21.461493,19.134110,-2.327382,21.144140,19.720634,-1.423506,19.427372,-1.875444,0.000000,1.498796,1.498796,0.003378,1.780816,1.784194,1.641495,2026-04-28T15:12:44+0200
28-04-2026-host-cold-0021,cold,host,edge-node-1,edge-node-2,19.056400,19.060991,8.674954,8.015873,8.345413,19.115196,19.146454,0.031257,19.393527,19.789918,0.396392,19.468186,0.213825,0.000000,1.922131,1.922131,0.002664,1.914496,1.917160,1.919646,2026-04-28T15:13:03+0200
28-04-2026-host-cold-0022,cold,host,edge-node-1,edge-node-2,19.210598,19.211204,8.530184,8.181818,8.356001,19.161585,19.137296,-0.024289,19.132517,20.046149,0.913632,19.591723,0.444671,0.000000,1.979091,1.979091,0.000000,1.900543,1.900543,1.939817,2026-04-28T15:13:23+0200
28-04-2026-host-cold-0023,cold,host,edge-node-1,edge-node-2,20.083569,19.811631,8.337570,7.852314,8.094942,20.484749,19.175322,-1.309426,21.209243,19.149639,-2.059604,19.162481,-1.684515,0.000000,1.810599,1.810599,0.000000,1.716164,1.716164,1.763381,2026-04-28T15:13:44+0200
28-04-2026-host-cold-0024,cold,host,edge-node-1,edge-node-2,19.387903,19.385859,8.575884,8.014572,8.295228,19.147848,19.139287,-0.008561,19.152427,19.923111,0.770684,19.531199,0.381062,0.000000,1.762334,1.762334,0.000000,1.898734,1.898734,1.830534,2026-04-28T15:14:04+0200
28-04-2026-host-cold-0025,cold,host,edge-node-1,edge-node-2,19.355189,19.350416,8.773757,7.986472,8.380115,19.180299,19.221511,0.041212,19.162580,19.375808,0.213227,19.298660,0.127220,0.000000,1.912036,1.912036,0.000000,1.892724,1.892724,1.902380,2026-04-28T15:14:24+0200
28-04-2026-host-cold-0026,cold,host,edge-node-1,edge-node-2,20.765964,20.510700,8.595285,7.789945,8.192615,20.529146,19.188064,-1.341082,20.676872,19.773394,-0.903478,19.480729,-1.122280,0.000000,1.841392,1.841392,0.000000,1.779559,1.779559,1.810476,2026-04-28T15:14:46+0200
28-04-2026-host-cold-0027,cold,host,edge-node-1,edge-node-2,19.578225,19.703073,8.742607,7.951930,8.347269,19.153621,19.172137,0.018516,19.185476,19.169549,-0.015927,19.170843,0.001294,0.000000,1.818825,1.818825,0.000000,1.845762,1.845762,1.832294,2026-04-28T15:15:06+0200
28-04-2026-host-cold-0028,cold,host,edge-node-1,edge-node-2,23.076876,22.954130,9.414088,7.629727,8.521908,19.182091,19.173530,-0.008561,19.152825,19.159395,0.006570,19.166463,-0.000995,0.003893,1.584717,1.588610,0.000000,1.587745,1.587745,1.588178,2026-04-28T15:15:30+0200
28-04-2026-host-cold-0029,cold,host,edge-node-1,edge-node-2,19.926688,19.927037,8.980521,8.240647,8.610584,19.179503,19.180698,0.001195,19.282832,19.729395,0.446563,19.455046,0.223879,0.000000,1.838771,1.838771,0.000000,1.841876,1.841876,1.840324,2026-04-28T15:15:51+0200
28-04-2026-host-cold-0030,cold,host,edge-node-1,edge-node-2,19.812824,19.799367,8.679053,8.252674,8.465864,19.201602,19.175322,-0.026280,19.170544,20.039181,0.868637,19.607252,0.421179,0.000000,1.841650,1.841650,0.000000,1.907416,1.907416,1.874533,2026-04-28T15:16:11+0200
28-04-2026-host-cold-0031,cold,host,edge-node-1,edge-node-2,20.235302,20.259440,9.312749,8.572141,8.942445,19.173929,19.605161,0.431233,19.218724,19.370830,0.152106,19.487996,0.291669,0.000000,1.809377,1.809377,0.000000,1.773479,1.773479,1.791428,2026-04-28T15:16:32+0200
28-04-2026-host-cold-0032,cold,host,edge-node-1,edge-node-2,19.973660,19.973744,8.749370,8.082849,8.416109,19.180299,19.181892,0.001593,19.191847,19.569126,0.377279,19.375509,0.189436,0.000000,1.830145,1.830145,0.000000,1.828181,1.828181,1.829163,2026-04-28T15:16:53+0200
28-04-2026-host-cold-0033,cold,host,edge-node-1,edge-node-2,19.403023,19.401704,8.989348,8.341996,8.665672,19.176915,19.194833,0.017918,19.190055,19.422594,0.232539,19.308714,0.125229,0.000000,1.877728,1.877728,0.000000,1.871614,1.871614,1.874671,2026-04-28T15:17:13+0200
28-04-2026-host-cold-0035,cold,host,edge-node-1,edge-node-2,20.147416,19.659010,8.531899,7.866632,8.199265,20.869593,19.218326,-1.651267,21.065698,20.255992,-0.809706,19.737159,-1.230487,0.000000,1.747084,1.747084,0.000000,1.787905,1.787905,1.767494,2026-04-28T15:22:35+0200
28-04-2026-host-cold-0036,cold,host,edge-node-1,edge-node-2,19.117218,19.106680,8.517932,8.225679,8.371806,19.207575,19.212951,0.005375,19.645776,19.310505,-0.335270,19.261728,-0.164948,0.000000,1.921738,1.921738,0.000000,1.916256,1.916256,1.918997,2026-04-28T15:22:55+0200
28-04-2026-host-cold-0037,cold,host,edge-node-1,edge-node-2,19.324551,19.311110,8.616188,8.087660,8.351924,19.232661,19.223104,-0.009556,19.306922,19.852433,0.545511,19.537769,0.267977,0.000000,1.894651,1.894651,0.000000,1.903050,1.903050,1.898850,2026-04-28T15:23:15+0200
28-04-2026-host-cold-0038,cold,host,edge-node-1,edge-node-2,19.898267,19.629799,8.542842,7.936508,8.239675,20.509834,19.230670,-1.279164,20.621724,19.489688,-1.132036,19.360179,-1.205600,0.000000,1.846306,1.846306,0.004378,1.865388,1.869766,1.858036,2026-04-28T15:23:35+0200
28-04-2026-host-cold-0039,cold,host,edge-node-1,edge-node-2,19.092977,19.087538,8.819646,8.047493,8.433570,19.237041,19.194236,-0.042805,19.319863,19.496855,0.176993,19.345546,0.067094,0.000000,2.006832,2.006832,0.000000,1.913470,1.913470,1.960151,2026-04-28T15:23:55+0200
28-04-2026-host-cold-0040,cold,host,edge-node-1,edge-node-2,19.363030,19.352498,8.776042,7.886517,8.331280,19.222905,19.230072,0.007167,19.352315,19.593813,0.241498,19.411943,0.124333,0.000000,1.889877,1.889877,0.000000,1.884043,1.884043,1.886960,2026-04-28T15:24:15+0200
28-04-2026-host-cold-0041,cold,host,edge-node-1,edge-node-2,19.854177,19.648879,8.448896,7.898155,8.173526,20.722066,19.214742,-1.507324,20.885520,19.597397,-1.288124,19.406070,-1.397724,0.000000,1.821484,1.821484,0.000000,1.860594,1.860594,1.841039,2026-04-28T15:24:36+0200
28-04-2026-host-cold-0042,cold,host,edge-node-1,edge-node-2,20.543137,20.577440,8.672220,8.117359,8.394789,19.229276,19.198616,-0.030660,19.360876,19.893247,0.532371,19.545931,0.250856,0.000000,1.763249,1.763249,0.000000,1.776255,1.776255,1.769752,2026-04-28T15:24:57+0200
28-04-2026-host-cold-0043,cold,host,edge-node-1,edge-node-2,19.888266,19.859778,9.107052,8.743309,8.925180,19.216733,20.419646,1.202912,19.351917,20.506649,1.154732,20.463147,1.178822,0.000000,1.842324,1.842324,0.000000,1.859325,1.859325,1.850824,2026-04-28T15:25:18+0200
28-04-2026-host-cold-0044,cold,host,edge-node-1,edge-node-2,20.275244,20.265275,8.672962,8.244085,8.458523,19.424386,19.253366,-0.171020,19.419608,19.747910,0.328302,19.500638,0.078641,0.000000,1.898675,1.898675,0.000000,1.794171,1.794171,1.846423,2026-04-28T15:25:39+0200
28-04-2026-host-cold-0045,cold,host,edge-node-1,edge-node-2,19.583827,19.587049,8.539095,8.097686,8.318391,19.245402,19.229674,-0.015728,19.398504,20.443537,1.045033,19.836605,0.514652,0.000000,1.827281,1.827281,0.000000,1.877835,1.877835,1.852558,2026-04-28T15:25:59+0200
28-04-2026-host-cold-0046,cold,host,edge-node-1,edge-node-2,19.596529,19.589811,9.133007,8.800823,8.966915,19.251176,19.328026,0.076849,19.500638,20.504459,1.003821,19.916242,0.540335,0.000000,1.872342,1.872342,0.000000,1.916653,1.916653,1.894498,2026-04-28T15:26:19+0200
28-04-2026-host-cold-0047,cold,host,edge-node-1,edge-node-2,19.331110,19.318648,8.626531,8.063674,8.345103,19.341763,19.362468,0.020706,20.122999,19.373418,-0.749580,19.367943,-0.364437,0.000000,1.990800,1.990800,0.000000,1.886738,1.886738,1.938769,2026-04-28T15:26:39+0200
28-04-2026-host-cold-0048,cold,host,edge-node-1,edge-node-2,19.335499,19.321607,8.524505,8.137715,8.331110,19.331609,19.401092,0.069483,19.353310,20.655768,1.302458,20.028430,0.685971,0.000000,1.768727,1.768727,0.000000,1.901409,1.901409,1.835068,2026-04-28T15:26:59+0200
28-04-2026-host-cold-0049,cold,host,edge-node-1,edge-node-2,20.155537,20.223881,9.374221,8.855076,9.114648,19.360478,19.359283,-0.001195,20.038783,19.915346,-0.123437,19.637315,-0.062316,0.000000,1.857430,1.857430,0.000000,1.819283,1.819283,1.838357,2026-04-28T15:27:20+0200
28-04-2026-host-cold-0050,cold,host,edge-node-1,edge-node-2,19.296115,19.288860,8.649072,8.032444,8.340758,19.366450,19.335392,-0.031058,19.368242,19.570917,0.202675,19.453155,0.085809,0.000000,1.991779,1.991779,0.000000,1.896334,1.896334,1.944057,2026-04-28T15:27:40+0200
28-04-2026-host-cold-0051,cold,host,edge-node-1,edge-node-2,19.115950,19.119118,8.697944,8.142292,8.420118,19.345745,19.367844,0.022099,19.350324,19.378595,0.028271,19.373219,0.025185,0.000000,1.868531,1.868531,0.000000,1.917665,1.917665,1.893098,2026-04-28T15:28:00+0200
28-04-2026-host-cold-0052,cold,host,edge-node-1,edge-node-2,19.803797,19.797989,9.107097,8.630346,8.868722,19.361871,19.343356,-0.018516,19.381183,20.424424,1.043241,19.883890,0.512363,0.000000,1.858663,1.858663,0.000000,1.859406,1.859406,1.859035,2026-04-28T15:28:21+0200
28-04-2026-host-cold-0053,cold,host,edge-node-1,edge-node-2,19.559608,19.560384,8.601597,7.870968,8.236282,19.367645,19.350125,-0.017520,20.063271,19.844868,-0.218404,19.597496,-0.117962,0.000000,1.884464,1.884464,0.000000,1.857030,1.857030,1.870747,2026-04-28T15:28:41+0200
28-04-2026-host-cold-0054,cold,host,edge-node-1,edge-node-2,19.005370,19.010014,8.642630,8.090186,8.366408,19.351120,19.387156,0.036036,19.397907,20.863620,1.465713,20.125388,0.750875,0.006577,1.935514,1.942091,0.000000,1.942849,1.942849,1.942470,2026-04-28T15:29:01+0200
28-04-2026-host-cold-0055,cold,host,edge-node-1,edge-node-2,19.629633,19.616994,9.212215,8.523748,8.867981,19.384568,19.411445,0.026877,20.542883,19.814805,-0.728079,19.613125,-0.350601,0.000000,1.953758,1.953758,0.000000,1.885124,1.885124,1.919441,2026-04-28T15:29:21+0200
28-04-2026-host-cold-0056,cold,host,edge-node-1,edge-node-2,19.273565,19.262155,8.586387,8.113059,8.349723,19.380188,19.386957,0.006769,19.395119,19.432350,0.037230,19.409653,0.022000,0.000000,1.839266,1.839266,0.000000,1.893893,1.893893,1.866580,2026-04-28T15:29:41+0200
28-04-2026-host-cold-0057,cold,host,edge-node-1,edge-node-2,19.115307,19.118460,8.779330,8.207970,8.493650,19.402685,19.413834,0.011149,19.408060,21.050567,1.642507,20.232201,0.826828,0.000000,1.933578,1.933578,0.000000,1.918344,1.918344,1.925961,2026-04-28T15:30:01+0200
28-04-2026-host-cold-0058,cold,host,edge-node-1,edge-node-2,19.657030,19.652154,9.100231,8.720185,8.910208,19.380188,19.417020,0.036832,20.429600,19.779367,-0.650234,19.598193,-0.306701,0.000000,1.881682,1.881682,0.000000,1.882348,1.882348,1.882015,2026-04-28T15:30:21+0200
28-04-2026-host-cold-0059,cold,host,edge-node-1,edge-node-2,19.394110,19.376868,8.400520,7.890625,8.145573,19.405472,19.393527,-0.011946,19.403880,20.128573,0.724694,19.761050,0.356374,0.000000,1.894704,1.894704,0.000605,1.892559,1.893164,1.893934,2026-04-28T15:30:41+0200
28-04-2026-host-cold-0060,cold,host,edge-node-1,edge-node-2,19.164577,19.176171,8.653340,7.862214,8.257777,19.366251,19.376007,0.009755,19.687585,20.352353,0.664767,19.864180,0.337261,0.000000,1.928607,1.928607,0.000000,1.907071,1.907071,1.917839,2026-04-28T15:31:01+0200
28-04-2026-host-cold-0061,cold,host,edge-node-1,edge-node-2,19.446830,19.426233,9.126264,8.566978,8.846621,19.382975,20.255992,0.873017,19.879908,20.919963,1.040055,20.587978,0.956536,0.000000,1.905034,1.905034,0.000000,1.938624,1.938624,1.921829,2026-04-28T15:31:21+0200
28-04-2026-host-cold-0062,cold,host,edge-node-1,edge-node-2,19.437295,19.445793,8.529946,7.847708,8.188827,19.958549,19.415626,-0.542923,20.239069,19.846660,-0.392410,19.631143,-0.467667,0.000000,1.896925,1.896925,0.000000,1.876410,1.876410,1.886668,2026-04-28T15:31:42+0200
28-04-2026-host-cold-0063,cold,host,edge-node-1,edge-node-2,18.936232,18.942108,8.577517,7.962716,8.270117,19.423390,19.399699,-0.023692,19.545235,19.938441,0.393206,19.669070,0.184757,0.006601,1.919477,1.926078,0.000000,1.952701,1.952701,1.939390,2026-04-28T15:32:01+0200
28-04-2026-host-cold-0064,cold,host,edge-node-1,edge-node-2,19.241899,19.232553,9.316933,8.536273,8.926603,19.420205,20.499880,1.079675,19.423590,20.769848,1.346258,20.634864,1.212966,0.000000,1.926135,1.926135,0.000000,1.917322,1.917322,1.921729,2026-04-28T15:32:22+0200
28-04-2026-host-cold-0065,cold,host,edge-node-1,edge-node-2,19.332681,19.335712,8.602711,7.974980,8.288846,19.680617,19.399101,-0.281516,19.437924,20.099705,0.661781,19.749403,0.190133,0.000000,1.902745,1.902745,0.000000,1.876992,1.876992,1.889868,2026-04-28T15:32:42+0200
28-04-2026-host-cold-0066,cold,host,edge-node-1,edge-node-2,18.858620,18.859791,8.794440,8.113157,8.453799,19.410051,19.420603,0.010552,19.786733,20.155650,0.368917,19.788127,0.189734,0.000000,1.960103,1.960103,0.000000,1.967231,1.967231,1.963667,2026-04-28T15:33:01+0200
28-04-2026-host-cold-0067,cold,host,edge-node-1,edge-node-2,18.987089,19.246396,9.324254,8.141361,8.732807,19.436929,20.803893,1.366964,19.723422,20.761486,1.038064,20.782689,1.202514,0.000000,1.942109,1.942109,0.000000,1.925279,1.925279,1.933694,2026-04-28T15:33:21+0200
28-04-2026-host-cold-0068,cold,host,edge-node-1,edge-node-2,19.750495,19.754360,8.295048,8.100414,8.197731,20.561797,19.450865,-1.110932,21.537148,20.338018,-1.199130,19.894442,-1.155031,0.000000,1.862691,1.862691,0.000000,1.858767,1.858767,1.860729,2026-04-28T15:33:42+0200
28-04-2026-host-cold-0069,cold,host,edge-node-1,edge-node-2,19.020812,19.015585,8.664547,8.121019,8.392783,19.474159,19.404477,-0.069682,19.654934,19.483715,-0.171219,19.444096,-0.120451,0.000000,1.947497,1.947497,0.000000,1.938788,1.938788,1.943142,2026-04-28T15:34:01+0200
28-04-2026-host-cold-0070,cold,host,edge-node-1,edge-node-2,18.980218,18.961580,8.941364,8.001063,8.471214,19.394920,19.430359,0.035438,19.443897,19.470774,0.026877,19.450567,0.031158,0.000000,2.035219,2.035219,0.000000,1.946164,1.946164,1.990692,2026-04-28T15:34:21+0200
28-04-2026-host-cold-0071,cold,host,edge-node-1,edge-node-2,19.746822,19.469226,8.488613,8.486417,8.487515,20.789558,19.447680,-1.341878,19.496059,19.459824,-0.036235,19.453752,-0.689057,0.000000,1.802901,1.802901,0.000000,1.882578,1.882578,1.842740,2026-04-28T15:34:41+0200
28-04-2026-host-cold-0072,cold,host,edge-node-1,edge-node-2,19.378204,19.365821,11.391417,7.994792,9.693105,19.411445,19.447680,0.036235,19.472168,19.540656,0.068488,19.494168,0.052361,0.000000,1.909563,1.909563,0.000000,1.907355,1.907355,1.908459,2026-04-28T15:35:02+0200
28-04-2026-host-cold-0073,cold,host,edge-node-1,edge-node-2,19.015759,19.048455,9.463389,12.139646,10.801517,19.460023,19.472367,0.012344,19.531497,19.499444,-0.032054,19.485905,-0.009855,0.000000,1.953971,1.953971,0.000205,1.938723,1.938929,1.946450,2026-04-28T15:35:21+0200
28-04-2026-host-cold-0074,cold,host,edge-node-1,edge-node-2,19.948300,19.673982,8.401639,8.655570,8.528605,20.768852,19.414033,-1.354819,19.466792,19.476150,0.009357,19.445091,-0.672731,0.000000,1.853032,1.853032,0.000199,1.861000,1.861199,1.857115,2026-04-28T15:35:42+0200
28-04-2026-direct-cold-0020,cold,direct,edge-node-1,edge-node-2,16.267722,16.269830,9.742476,9.451503,9.596989,19.434141,19.417617,-0.016525,19.472367,20.391375,0.919007,19.904496,0.451241,0.000000,2.274443,2.274443,0.000000,2.396595,2.396595,2.335519,2026-04-28T15:35:59+0200
28-04-2026-direct-cold-0021,cold,direct,edge-node-1,edge-node-2,16.180595,16.170764,9.978173,9.687500,9.832836,19.414630,19.436132,0.021502,20.000757,20.436568,0.435812,19.936350,0.228657,0.000000,2.282344,2.282344,0.000000,2.248947,2.248947,2.265646,2026-04-28T15:36:16+0200
28-04-2026-direct-cold-0022,cold,direct,edge-node-1,edge-node-2,16.358571,16.356145,10.614008,10.216049,10.415029,19.486702,19.453055,-0.033647,20.080393,20.894280,0.813887,20.173668,0.390120,0.000000,2.248200,2.248200,0.000000,2.230622,2.230622,2.239411,2026-04-28T15:36:33+0200
28-04-2026-direct-cold-0023,cold,direct,edge-node-1,edge-node-2,16.074358,16.070880,9.773727,9.350486,9.562107,19.464403,19.451662,-0.012742,20.198853,19.617903,-0.580950,19.534782,-0.296846,0.000000,2.286979,2.286979,0.000000,2.288446,2.288446,2.287713,2026-04-28T15:36:50+0200
28-04-2026-direct-cold-0024,cold,direct,edge-node-1,edge-node-2,16.289217,16.271879,9.978308,9.432206,9.705257,19.431155,19.434540,0.003385,19.491082,20.018078,0.526996,19.726309,0.265190,0.000000,2.274319,2.274319,0.000000,2.268580,2.268580,2.271450,2026-04-28T15:37:07+0200
28-04-2026-direct-cold-0025,cold,direct,edge-node-1,edge-node-2,15.901734,16.222397,10.755362,9.393468,10.074415,19.464204,20.846100,1.381896,19.670862,21.198094,1.527233,21.022097,1.454564,0.000000,2.326299,2.326299,0.000000,2.274296,2.274296,2.300297,2026-04-28T15:37:24+0200
28-04-2026-direct-cold-0026,cold,direct,edge-node-1,edge-node-2,16.266418,16.366595,9.707242,9.950709,9.828975,20.103090,19.439517,-0.663573,20.668709,19.556981,-1.111728,19.498249,-0.887651,0.000000,2.254933,2.254933,0.000000,2.249723,2.249723,2.252328,2026-04-28T15:37:41+0200
28-04-2026-direct-cold-0027,cold,direct,edge-node-1,edge-node-2,16.041887,16.090032,10.087719,9.504391,9.796055,19.492276,19.484512,-0.007765,19.512783,20.612565,1.099783,20.048539,0.546009,0.000000,2.320585,2.320585,0.000000,2.288150,2.288150,2.304367,2026-04-28T15:37:58+0200
28-04-2026-direct-cold-0028,cold,direct,edge-node-1,edge-node-2,16.252910,16.247341,9.993793,9.921507,9.957650,19.452458,19.458431,0.005973,19.836705,20.100900,0.264195,19.779665,0.135084,0.000000,2.249838,2.249838,0.000000,2.284268,2.284268,2.267053,2026-04-28T15:38:14+0200
28-04-2026-direct-cold-0029,cold,direct,edge-node-1,edge-node-2,16.673919,16.679422,10.260291,9.930366,10.095328,19.542646,19.447481,-0.095166,19.521543,19.992395,0.470852,19.719938,0.187843,0.000000,2.218332,2.218332,0.000000,2.212916,2.212916,2.215624,2026-04-28T15:38:32+0200
28-04-2026-direct-cold-0030,cold,direct,edge-node-1,edge-node-2,15.942895,15.945168,9.813232,9.520787,9.667010,20.281874,19.483914,-0.797960,19.684997,20.172573,0.487576,19.828244,-0.155192,0.000000,2.322743,2.322743,0.000000,2.313348,2.313348,2.318045,2026-04-28T15:38:49+0200
28-04-2026-direct-cold-0031,cold,direct,edge-node-1,edge-node-2,15.868913,15.905604,10.120558,9.382952,9.751755,19.472367,19.484711,0.012344,19.546827,20.861430,1.314603,20.173070,0.663473,0.000000,2.307725,2.307725,0.000000,2.325979,2.325979,2.316852,2026-04-28T15:39:05+0200
28-04-2026-direct-cold-0032,cold,direct,edge-node-1,edge-node-2,15.813335,15.797428,9.958506,9.444799,9.701653,19.470376,19.445490,-0.024886,19.563551,20.491120,0.927568,19.968305,0.451341,0.000000,2.438359,2.438359,0.000000,2.332510,2.332510,2.385435,2026-04-28T15:39:22+0200
28-04-2026-direct-cold-0033,cold,direct,edge-node-1,edge-node-2,16.394888,16.388695,10.642879,10.015408,10.329144,19.468186,19.477743,0.009556,19.761448,19.715259,-0.046189,19.596501,-0.018316,0.000000,2.198666,2.198666,0.000000,2.258846,2.258846,2.228756,2026-04-28T15:39:39+0200
28-04-2026-direct-cold-0034,cold,direct,edge-node-1,edge-node-2,16.015686,16.006649,10.207940,9.602021,9.904980,19.507009,19.483317,-0.023692,19.543841,19.608745,0.064904,19.546031,0.020606,0.000000,2.318772,2.318772,0.000000,2.303242,2.303242,2.311007,2026-04-28T15:39:55+0200
28-04-2026-direct-cold-0035,cold,direct,edge-node-1,edge-node-2,15.930133,15.936383,10.120177,9.667195,9.893686,19.462811,19.465001,0.002190,19.580673,19.553995,-0.026678,19.509498,-0.012244,0.000000,2.313324,2.313324,0.000000,2.326879,2.326879,2.320101,2026-04-28T15:40:12+0200
28-04-2026-direct-cold-0036,cold,direct,edge-node-1,edge-node-2,16.166369,16.159010,10.712055,9.684474,10.198264,19.506611,19.494068,-0.012543,19.520149,19.790117,0.269968,19.642093,0.128713,0.000000,2.274687,2.274687,0.000000,2.282976,2.282976,2.278832,2026-04-28T15:40:29+0200
28-04-2026-direct-cold-0037,cold,direct,edge-node-1,edge-node-2,16.468044,16.386348,9.819517,10.067734,9.943625,19.520746,19.494068,-0.026678,19.564148,20.384008,0.819860,19.939038,0.396591,0.000000,2.234204,2.234204,0.000000,2.241052,2.241052,2.237628,2026-04-28T15:40:46+0200
28-04-2026-direct-cold-0038,cold,direct,edge-node-1,edge-node-2,16.470433,16.558218,9.671533,9.082597,9.377065,19.480530,19.491679,0.011149,19.793502,19.890460,0.096958,19.691069,0.054053,0.000000,2.259257,2.259257,0.000000,2.243033,2.243033,2.251145,2026-04-28T15:41:03+0200
28-04-2026-direct-cold-0039,cold,direct,edge-node-1,edge-node-2,15.795498,15.958394,10.072624,9.642744,9.857684,19.497652,19.498050,0.000398,19.536276,19.592618,0.056343,19.545334,0.028371,0.000000,2.340461,2.340461,0.000000,2.319019,2.319019,2.329740,2026-04-28T15:41:20+0200
28-04-2026-direct-cold-0040,cold,direct,edge-node-1,edge-node-2,16.380521,16.411154,10.568356,10.251688,10.410022,19.490684,19.556384,0.065700,19.572311,20.138130,0.565819,19.847257,0.315760,0.000000,2.248288,2.248288,0.000000,2.245519,2.245519,2.246904,2026-04-28T15:41:37+0200
28-04-2026-direct-cold-0041,cold,direct,edge-node-1,edge-node-2,16.017540,16.046208,9.710874,9.591195,9.651034,19.507407,19.519950,0.012543,19.550013,19.932866,0.382853,19.726408,0.197698,0.000000,2.333380,2.333380,0.000000,2.297807,2.297807,2.315593,2026-04-28T15:41:54+0200
28-04-2026-direct-cold-0042,cold,direct,edge-node-1,edge-node-2,16.057098,16.053013,10.066059,9.603275,9.834667,19.525724,19.537669,0.011946,19.643188,20.305765,0.662577,19.921717,0.337261,0.000000,2.294789,2.294789,0.000000,2.313380,2.313380,2.304085,2026-04-28T15:42:11+0200
28-04-2026-direct-cold-0043,cold,direct,edge-node-1,edge-node-2,15.979421,16.246203,10.789801,9.543053,10.166427,19.494665,21.034839,1.540174,19.564746,19.565144,0.000398,20.299991,0.770286,0.000489,2.314989,2.315478,0.000000,2.289718,2.289718,2.302598,2026-04-28T15:42:28+0200
28-04-2026-direct-cold-0044,cold,direct,edge-node-1,edge-node-2,16.252222,16.243150,9.773503,9.963325,9.868414,20.521381,19.507208,-1.014173,19.568727,20.708329,1.139601,20.107768,0.062714,0.000000,2.269642,2.269642,0.000000,2.262733,2.262733,2.266187,2026-04-28T15:42:45+0200
28-04-2026-direct-cold-0045,cold,direct,edge-node-1,edge-node-2,15.940407,15.937983,9.974668,9.645794,9.810231,19.487100,19.514973,0.027873,20.384805,20.606195,0.221390,20.060584,0.124631,0.000000,2.326782,2.326782,0.000000,2.325665,2.325665,2.326223,2026-04-28T15:43:01+0200
28-04-2026-direct-cold-0046,cold,direct,edge-node-1,edge-node-2,15.897768,16.158786,10.071718,9.434552,9.753135,19.523733,19.572112,0.048379,20.164211,20.277693,0.113482,19.924903,0.080931,0.000000,2.325897,2.325897,0.000000,2.302588,2.302588,2.314242,2026-04-28T15:43:18+0200
28-04-2026-direct-cold-0047,cold,direct,edge-node-1,edge-node-2,16.418728,16.405992,10.356484,10.119963,10.238224,19.501235,19.530502,0.029266,19.576890,19.579279,0.002389,19.554891,0.015828,0.000000,2.274223,2.274223,0.000000,2.245273,2.245273,2.259748,2026-04-28T15:43:35+0200
28-04-2026-direct-cold-0048,cold,direct,edge-node-1,edge-node-2,15.903243,16.056379,10.047096,9.565765,9.806430,19.550809,19.589632,0.038823,19.568927,20.407302,0.838375,19.998467,0.438599,0.000000,2.312814,2.312814,0.000000,2.311435,2.311435,2.312125,2026-04-28T15:43:52+0200
28-04-2026-direct-cold-0049,cold,direct,edge-node-1,edge-node-2,15.950024,15.953825,10.335019,9.559987,9.947503,19.533886,20.314326,0.780440,19.628654,19.577886,-0.050768,19.946106,0.364836,0.000000,2.306766,2.306766,0.000000,2.318948,2.318948,2.312857,2026-04-28T15:44:09+0200
28-04-2026-direct-cold-0050,cold,direct,edge-node-1,edge-node-2,15.783003,15.814324,10.041441,10.204734,10.123088,19.514973,19.523135,0.008163,19.575098,21.291269,1.716171,20.407202,0.862167,0.000000,2.381914,2.381914,1.166367,2.367563,3.533930,2.957922,2026-04-28T15:44:25+0200
28-04-2026-direct-cold-0051,cold,direct,edge-node-1,edge-node-2,16.968698,16.977985,10.395010,9.952466,10.173738,19.540058,19.509398,-0.030660,20.911800,20.259775,-0.652025,19.884587,-0.341343,0.000000,2.167364,2.167364,0.000000,2.184585,2.184585,2.175974,2026-04-28T15:44:43+0200
28-04-2026-direct-cold-0052,cold,direct,edge-node-1,edge-node-2,16.102470,16.114446,9.905956,9.416196,9.661076,19.559967,19.557578,-0.002389,20.237278,21.013536,0.776259,20.285557,0.386935,0.000000,2.303364,2.303364,0.000000,2.309409,2.309409,2.306386,2026-04-28T15:45:00+0200
28-04-2026-direct-cold-0053,cold,direct,edge-node-1,edge-node-2,16.001050,16.001946,10.088272,9.564394,9.826333,19.572908,19.526122,-0.046787,19.970694,20.152265,0.181572,19.839194,0.067393,0.000000,2.320649,2.320649,0.000000,2.301722,2.301722,2.311185,2026-04-28T15:45:17+0200
28-04-2026-direct-cold-0054,cold,direct,edge-node-1,edge-node-2,16.235770,16.232137,10.773052,9.701493,10.237272,19.525724,19.551606,0.025882,19.909772,19.924106,0.014335,19.737856,0.020108,0.000000,2.267851,2.267851,0.000000,2.288092,2.288092,2.277972,2026-04-28T15:45:34+0200
28-04-2026-direct-cold-0055,cold,direct,edge-node-1,edge-node-2,16.324886,16.380845,9.879963,10.271437,10.075700,19.549814,19.542248,-0.007565,19.925301,20.934298,1.008997,20.238273,0.500716,0.000000,2.289928,2.289928,0.000000,2.262074,2.262074,2.276001,2026-04-28T15:45:51+0200
28-04-2026-direct-cold-0056,cold,direct,edge-node-1,edge-node-2,16.145774,16.062612,9.684474,9.654088,9.669281,19.550013,19.549216,-0.000796,20.677868,20.723659,0.045791,20.136438,0.022497,0.000000,2.286057,2.286057,0.000000,2.299838,2.299838,2.292947,2026-04-28T15:46:07+0200
28-04-2026-direct-cold-0057,cold,direct,edge-node-1,edge-node-2,15.834518,15.823901,10.286624,9.913931,10.100277,19.572709,19.559768,-0.012941,20.317910,21.238311,0.920401,20.399040,0.453730,0.000000,2.341848,2.341848,0.000000,2.341444,2.341444,2.341646,2026-04-28T15:46:24+0200
28-04-2026-direct-cold-0058,cold,direct,edge-node-1,edge-node-2,16.431903,16.429831,10.445469,10.379669,10.412569,19.611532,19.543244,-0.068288,20.218563,21.318147,1.099584,20.430695,0.515648,0.000000,2.251480,2.251480,0.000000,2.275301,2.275301,2.263390,2026-04-28T15:46:41+0200
28-04-2026-direct-cold-0059,cold,direct,edge-node-1,edge-node-2,15.932406,15.917076,9.793978,9.784674,9.789326,19.573107,19.582465,0.009357,20.551245,21.131199,0.579954,20.356832,0.294656,0.000000,2.349035,2.349035,0.000000,2.303442,2.303442,2.326239,2026-04-28T15:46:58+0200
30-04-2026-host-cold-0000,cold,host,edge-node-1,edge-node-2,20.478894,20.479000,10.889111,10.443669,10.666390,22.012778,19.472168,-2.540610,21.076051,20.229513,-0.846538,19.850840,-1.693574,0.000000,0.011254,0.011254,0.000000,0.092511,0.092511,0.051882,2026-04-30T00:09:34+0200
30-04-2026-direct-cold-0000,cold,direct,edge-node-1,edge-node-2,16.181658,16.182164,13.451382,12.849162,13.150272,19.434938,19.435137,0.000199,19.487697,20.152863,0.665166,19.794000,0.332682,0.000000,0.220157,0.220157,0.000000,0.014966,0.014966,0.117561,2026-04-30T00:09:51+0200
30-04-2026-host-cold-0001,cold,host,edge-node-1,edge-node-2,21.485256,21.485131,10.406272,10.403800,10.405036,21.618377,19.453652,-2.164725,22.025121,20.331448,-1.693673,19.892550,-1.929199,0.000000,0.141812,0.141812,0.000000,0.139631,0.139631,0.140722,2026-04-30T00:25:08+0200
30-04-2026-direct-cold-0001,cold,direct,edge-node-1,edge-node-2,16.499786,16.500132,12.458118,12.515225,12.486671,19.486702,20.026240,0.539539,19.565940,19.764435,0.198494,19.895337,0.369017,0.000000,0.021781,0.021781,0.000000,0.014441,0.014441,0.018111,2026-04-30T00:25:25+0200
30-04-2026-host-cold-0002,cold,host,edge-node-1,edge-node-2,21.177903,21.178384,10.691671,10.045994,10.368832,17.296995,16.700712,-0.596283,17.202625,16.735951,-0.466674,16.718331,-0.531479,0.763251,0.007009,0.770260,0.731325,0.027113,0.758438,0.764349,2026-04-30T21:13:08+0200
30-04-2026-host-cold-0003,cold,host,edge-node-1,edge-node-2,19.607868,19.608152,11.054116,10.084464,10.569290,16.070782,16.752675,0.681893,16.426162,17.172363,0.746200,16.962519,0.714047,0.003387,0.161193,0.164579,0.015539,0.138853,0.154392,0.159486,2026-04-30T21:13:28+0200
30-04-2026-host-cold-0004,cold,host,edge-node-1,edge-node-2,20.025580,20.026252,11.538462,11.066499,11.302480,15.964665,17.646602,1.681937,16.777561,17.374243,0.596682,17.510423,1.139309,0.000000,0.139470,0.139470,0.007802,0.019701,0.027503,0.083487,2026-04-30T21:13:48+0200
30-04-2026-host-cold-0005,cold,host,edge-node-1,edge-node-2,19.829239,19.829006,10.640993,9.719058,10.180026,17.040563,16.068193,-0.972370,16.637201,16.317657,-0.319544,16.192925,-0.645957,0.009456,0.007683,0.017139,0.014184,0.155233,0.169417,0.093278,2026-04-30T21:14:09+0200
30-04-2026-host-cold-0006,cold,host,edge-node-1,edge-node-2,19.854947,19.855161,11.085801,10.048089,10.566945,15.851182,16.405457,0.554275,15.898566,17.153847,1.255281,16.779652,0.904778,0.003148,0.172737,0.175885,0.005115,0.158570,0.163685,0.169785,2026-04-30T21:14:29+0200
30-04-2026-host-cold-0007,cold,host,edge-node-1,edge-node-2,19.929183,19.929380,11.884130,10.483871,11.184000,15.870892,17.567164,1.696272,16.708277,17.034391,0.326114,17.300778,1.011193,0.005684,0.014308,0.019993,0.003528,0.011172,0.014700,0.017347,2026-04-30T21:14:50+0200
30-04-2026-host-cold-0008,cold,host,edge-node-1,edge-node-2,20.209342,20.209869,10.892813,10.109290,10.501051,16.741327,15.921860,-0.819467,16.528496,16.200192,-0.328304,16.061026,-0.573885,0.001160,0.011017,0.012177,0.001353,0.155980,0.157333,0.084755,2026-04-30T21:15:10+0200
30-04-2026-host-cold-0009,cold,host,edge-node-1,edge-node-2,19.966914,19.967232,10.850957,10.238994,10.544975,15.893191,15.900756,0.007566,15.910711,16.432334,0.521623,16.166545,0.264595,0.008999,0.165899,0.174899,0.000000,0.148290,0.148290,0.161594,2026-04-30T21:15:31+0200
30-04-2026-host-cold-0010,cold,host,edge-node-1,edge-node-2,20.698327,20.698976,11.537521,10.983647,11.260584,15.876268,17.196453,1.320185,15.928430,17.140110,1.211680,17.168281,1.265932,0.000000,0.014532,0.014532,0.000000,0.021325,0.021325,0.017928,2026-04-30T21:15:52+0200
30-04-2026-host-cold-0011,cold,host,edge-node-1,edge-node-2,20.139592,20.140118,10.413553,10.144566,10.279059,16.471556,15.916684,-0.554872,17.013088,17.085757,0.072669,16.501220,-0.241102,0.004849,0.008146,0.012995,0.000000,0.151284,0.151284,0.082140,2026-04-30T21:16:12+0200
30-04-2026-direct-cold-0002,cold,direct,edge-node-1,edge-node-2,16.033561,16.033591,13.232988,12.339493,12.786241,15.904539,15.914294,0.009756,16.627047,16.302128,-0.324920,16.108211,-0.157582,0.033621,0.251669,0.285290,0.030697,0.266774,0.297471,0.291381,2026-04-30T21:16:29+0200
30-04-2026-direct-cold-0003,cold,direct,edge-node-1,edge-node-2,16.369242,16.369476,13.506891,12.653563,13.080227,15.928629,15.909914,-0.018715,16.277440,16.571102,0.293662,16.240508,0.137474,0.005966,0.018136,0.024102,0.000477,0.016943,0.017420,0.020761,2026-04-30T21:16:46+0200
30-04-2026-direct-cold-0004,cold,direct,edge-node-1,edge-node-2,16.885937,16.885711,13.840214,13.060255,13.450235,15.950330,15.950728,0.000398,15.967054,18.528385,2.561331,17.239557,1.280864,0.000231,0.204034,0.204266,0.009947,0.198022,0.207970,0.206118,2026-04-30T21:17:03+0200
30-04-2026-direct-cold-0006,cold,direct,edge-node-1,edge-node-2,16.159347,16.160020,12.818917,12.359900,12.589409,15.958891,15.945950,-0.012941,15.929027,16.766213,0.837186,16.356082,0.412122,0.005560,0.021273,0.026832,0.000000,0.020305,0.020305,0.023569,2026-04-30T21:17:45+0200
30-04-2026-direct-cold-0007,cold,direct,edge-node-1,edge-node-2,16.992527,16.992739,13.587922,12.946034,13.266978,15.935398,16.030963,0.095565,16.719227,17.579309,0.860081,16.805136,0.477823,0.001839,0.209651,0.211490,0.000000,0.192408,0.192408,0.201949,2026-04-30T21:18:03+0200
30-04-2026-direct-cold-0008,cold,direct,edge-node-1,edge-node-2,16.209686,16.210408,13.034056,12.713708,12.873882,16.009859,15.938584,-0.071275,17.149268,16.063813,-1.085455,16.001199,-0.578365,0.000000,0.019761,0.019761,0.006265,0.041206,0.047471,0.033616,2026-04-30T21:18:19+0200
30-04-2026-direct-cold-0009,cold,direct,edge-node-1,edge-node-2,16.345236,16.345605,12.764652,12.515337,12.639995,15.931616,16.060429,0.128813,15.954113,15.979199,0.025086,16.019814,0.076949,0.000000,0.212935,0.212935,0.000000,0.199069,0.199069,0.206002,2026-04-30T21:18:36+0200
30-04-2026-direct-cold-0010,cold,direct,edge-node-1,edge-node-2,16.751939,16.751864,13.784837,12.578805,13.181821,15.997316,17.553427,1.556110,15.979995,16.804638,0.824643,17.179032,1.190377,0.000000,0.017722,0.017722,0.000000,0.036377,0.036377,0.027049,2026-04-30T21:18:53+0200
30-04-2026-direct-cold-0011,cold,direct,edge-node-1,edge-node-2,16.142673,16.142702,13.044832,12.309605,12.677219,16.685381,15.968249,-0.717133,16.436515,16.010456,-0.426059,15.989353,-0.571596,0.005082,0.207137,0.212219,0.002662,0.214880,0.217542,0.214881,2026-04-30T21:19:10+0200
30-04-2026-host-cold-0012,cold,host,edge-node-1,edge-node-2,20.711987,20.712378,10.753493,9.790210,10.271851,16.517148,15.781499,-0.735648,16.691155,17.008111,0.316956,16.394805,-0.209346,0.793434,0.047527,0.840961,0.777577,0.094863,0.872440,0.856701,2026-04-30T21:21:00+0200
30-04-2026-host-cold-0013,cold,host,edge-node-1,edge-node-2,20.144391,20.145384,11.149826,10.942173,11.046000,15.802006,15.847598,0.045592,16.418199,16.953958,0.535759,16.400778,0.290676,0.006205,0.155930,0.162135,0.003490,0.014761,0.018251,0.090193,2026-04-30T21:21:20+0200
30-04-2026-host-cold-0014,cold,host,edge-node-1,edge-node-2,20.638659,20.639055,11.922795,10.239492,11.081143,15.830277,17.396940,1.566662,16.594993,16.267485,-0.327508,16.832212,0.619577,0.002460,0.014384,0.016845,0.004353,0.148384,0.152737,0.084791,2026-04-30T21:21:41+0200
30-04-2026-host-cold-0015,cold,host,edge-node-1,edge-node-2,20.592444,20.592745,11.322596,9.975610,10.649103,16.882882,16.371810,-0.511072,15.842820,16.581455,0.738635,16.476632,0.113782,0.000000,0.135631,0.135631,0.001518,0.130317,0.131835,0.133733,2026-04-30T21:22:02+0200
30-04-2026-host-cold-0016,cold,host,edge-node-1,edge-node-2,19.935646,19.936201,11.169945,10.456034,10.812989,16.056646,16.345132,0.288486,15.864919,16.372407,0.507488,16.358769,0.397987,0.000000,0.168511,0.168511,0.000000,0.142447,0.142447,0.155479,2026-04-30T21:22:22+0200
30-04-2026-host-cold-0017,cold,host,edge-node-1,edge-node-2,20.577298,20.577098,11.908248,10.553254,11.230751,15.875073,16.997161,1.122088,16.072175,16.906175,0.834000,16.951668,0.978044,0.000000,0.014048,0.014048,0.000000,0.017465,0.017465,0.015756,2026-04-30T21:22:43+0200
30-04-2026-host-cold-0018,cold,host,edge-node-1,edge-node-2,20.071003,20.071714,11.052763,9.837703,10.445233,16.206563,16.374398,0.167835,15.905335,16.207359,0.302024,16.290879,0.234930,0.001362,0.145772,0.147134,0.000778,0.143042,0.143820,0.145477,2026-04-30T21:23:04+0200
30-04-2026-host-cold-0019,cold,host,edge-node-1,edge-node-2,19.778897,19.779332,11.564798,9.822335,10.693567,15.899761,16.430343,0.530583,15.868105,15.902747,0.034642,16.166545,0.282612,0.000987,0.162144,0.163132,0.008887,0.140219,0.149106,0.156119,2026-04-30T21:23:24+0200
30-04-2026-host-cold-0020,cold,host,edge-node-1,edge-node-2,20.555048,20.555195,11.534702,10.290882,10.912792,15.899761,16.197206,0.297445,15.903743,16.854411,0.950669,16.525808,0.624057,0.005511,0.014823,0.020334,0.007792,0.018814,0.026605,0.023470,2026-04-30T21:23:45+0200
30-04-2026-host-cold-0021,cold,host,edge-node-1,edge-node-2,20.011731,20.011673,10.924580,10.238394,10.581487,15.888213,16.082727,0.194514,16.758249,17.072020,0.313770,16.577373,0.254142,0.003904,0.154987,0.158891,0.008394,0.161624,0.170018,0.164455,2026-04-30T21:24:06+0200
30-04-2026-direct-cold-0012,cold,direct,edge-node-1,edge-node-2,16.350585,16.350673,13.894023,12.742981,13.318502,15.880648,15.903743,0.023095,16.764023,17.266733,0.502710,16.585238,0.262902,0.030102,0.226483,0.256585,0.037508,0.217881,0.255389,0.255987,2026-04-30T21:24:22+0200
30-04-2026-direct-cold-0013,cold,direct,edge-node-1,edge-node-2,16.501753,16.501880,13.363775,12.153518,12.758646,15.945751,15.925842,-0.019909,17.029414,16.634215,-0.395199,16.280028,-0.207554,0.000000,0.012309,0.012309,0.000000,0.075512,0.075512,0.043911,2026-04-30T21:24:39+0200
30-04-2026-direct-cold-0014,cold,direct,edge-node-1,edge-node-2,16.953139,16.952999,14.065739,12.743938,13.404839,15.928629,15.945751,0.017122,16.273259,17.164996,0.891737,16.555374,0.454430,0.010369,0.218663,0.229032,0.000000,0.192398,0.192398,0.210715,2026-04-30T21:24:57+0200
30-04-2026-direct-cold-0015,cold,direct,edge-node-1,edge-node-2,16.172828,16.172755,13.277363,12.659409,12.968386,16.027977,15.924050,-0.103927,16.822556,16.357276,-0.465280,16.140663,-0.284603,0.000483,0.170038,0.170521,0.000483,0.039611,0.040094,0.105308,2026-04-30T21:25:13+0200
30-04-2026-direct-cold-0016,cold,direct,edge-node-1,edge-node-2,15.942187,15.942940,13.373191,12.181303,12.777247,15.953317,15.956502,0.003185,16.036936,16.563138,0.526203,16.259820,0.264694,0.000000,0.024993,0.024993,0.003920,0.206792,0.210712,0.117853,2026-04-30T21:25:29+0200
30-04-2026-direct-cold-0017,cold,direct,edge-node-1,edge-node-2,16.806649,16.806246,14.140811,12.451362,13.296087,15.977208,16.403864,0.426656,16.159179,16.871732,0.712554,16.637798,0.569605,0.005113,0.202440,0.207554,0.000000,0.033935,0.033935,0.120744,2026-04-30T21:25:47+0200
30-04-2026-direct-cold-0018,cold,direct,edge-node-1,edge-node-2,15.946942,15.947459,13.108023,11.974724,12.541373,16.284010,15.987162,-0.296848,16.576478,16.741526,0.165048,16.364344,-0.065900,0.005879,0.027680,0.033559,0.000000,0.205999,0.205999,0.119779,2026-04-30T21:26:03+0200
30-04-2026-direct-cold-0019,cold,direct,edge-node-1,edge-node-2,16.233877,16.234236,13.636364,11.708372,12.672368,15.963072,15.954113,-0.008959,16.308498,16.200590,-0.107908,16.077352,-0.058434,0.000000,0.192499,0.192499,0.000000,0.020693,0.020693,0.106596,2026-04-30T21:26:20+0200
30-04-2026-direct-cold-0020,cold,direct,edge-node-1,edge-node-2,16.267584,16.268002,13.675743,11.828289,12.752016,15.975416,15.978402,0.002986,15.955507,16.956148,1.000641,16.467275,0.501814,0.000000,0.019210,0.019210,0.000000,0.238678,0.238678,0.128944,2026-04-30T21:26:36+0200
30-04-2026-direct-cold-0021,cold,direct,edge-node-1,edge-node-2,17.096544,17.096769,14.041802,12.849162,13.445482,16.482904,15.982185,-0.500719,16.278834,16.564731,0.285897,16.273458,-0.107411,0.000000,0.207005,0.207005,0.004341,0.196263,0.200604,0.203804,2026-04-30T21:26:54+0200
30-04-2026-host-cold-0022,cold,host,edge-node-1,edge-node-2,21.741704,21.741912,10.831354,10.138030,10.484692,17.974345,16.794916,-1.179429,17.183910,15.780106,-1.403804,16.287511,-1.291617,0.759808,0.024637,0.784445,0.705363,0.024457,0.729820,0.757132,2026-04-30T21:28:45+0200
30-04-2026-host-cold-0023,cold,host,edge-node-1,edge-node-2,19.985846,19.986398,11.194779,10.042681,10.618730,16.074994,16.909594,0.834599,15.784287,15.808775,0.024488,16.359184,0.429544,0.008404,0.157338,0.165742,0.010163,0.122153,0.132317,0.149029,2026-04-30T21:29:05+0200
30-04-2026-host-cold-0024,cold,host,edge-node-1,edge-node-2,20.772019,20.772200,11.669485,10.195699,10.932592,15.824535,15.848625,0.024090,15.822712,16.833108,1.010397,16.340867,0.517243,0.002069,0.129757,0.131825,0.003573,0.125054,0.128627,0.130226,2026-04-30T21:29:26+0200
30-04-2026-host-cold-0025,cold,host,edge-node-1,edge-node-2,20.496155,20.495883,10.737926,10.031808,10.384867,15.906362,15.885259,-0.021104,16.423176,16.767408,0.344232,16.326333,0.161564,0.000762,0.010482,0.011244,0.008195,0.156091,0.164286,0.087765,2026-04-30T21:29:47+0200
30-04-2026-host-cold-0026,cold,host,edge-node-1,edge-node-2,20.083931,20.084192,11.180590,10.034948,10.607769,15.859775,15.902779,0.043004,16.443683,16.614703,0.171021,16.258741,0.107012,0.014587,0.167267,0.181854,0.009919,0.016726,0.026646,0.104250,2026-04-30T21:30:08+0200
30-04-2026-host-cold-0027,cold,host,edge-node-1,edge-node-2,20.749599,20.749286,11.409884,10.570876,10.990380,15.904969,15.899195,-0.005774,16.607138,16.263902,-0.343236,16.081548,-0.174505,0.005083,0.141946,0.147028,0.000000,0.145713,0.145713,0.146371,2026-04-30T21:30:29+0200
30-04-2026-host-cold-0028,cold,host,edge-node-1,edge-node-2,20.687063,20.687498,10.822616,9.861885,10.342251,15.922688,15.930453,0.007765,15.882241,16.255739,0.373498,16.093096,0.190631,0.003588,0.013218,0.016805,0.000000,0.145770,0.145770,0.081288,2026-04-30T21:30:50+0200
30-04-2026-host-cold-0029,cold,host,edge-node-1,edge-node-2,20.031730,20.032092,11.099975,10.152921,10.626448,15.968280,15.929855,-0.038425,15.922258,17.355528,1.433270,16.642692,0.697423,0.005655,0.163023,0.168678,0.000000,0.027885,0.027885,0.098281,2026-04-30T21:31:10+0200
30-04-2026-host-cold-0030,cold,host,edge-node-1,edge-node-2,20.967932,20.968687,11.369076,11.092477,11.230777,15.936824,15.918507,-0.018317,16.316860,17.073812,0.756951,16.496159,0.369317,0.010991,0.143821,0.154812,0.002608,0.141953,0.144561,0.149687,2026-04-30T21:31:32+0200
30-04-2026-host-cold-0031,cold,host,edge-node-1,edge-node-2,20.433823,20.434027,10.983084,10.196078,10.589581,15.914326,15.948769,0.034443,16.418995,16.848239,0.429244,16.398504,0.231844,0.006500,0.010323,0.016823,0.000000,0.156181,0.156181,0.086502,2026-04-30T21:31:52+0200
30-04-2026-direct-cold-0022,cold,direct,edge-node-1,edge-node-2,16.053752,16.053711,14.321373,12.628625,13.474999,15.958724,15.920697,-0.038027,16.135487,17.484142,1.348656,16.702420,0.655314,0.033822,0.262302,0.296124,0.034552,0.144778,0.179330,0.237727,2026-04-30T21:32:09+0200
30-04-2026-direct-cold-0023,cold,direct,edge-node-1,edge-node-2,16.170634,16.170909,13.598261,12.227754,12.913007,15.948769,15.943195,-0.005575,16.421583,16.506596,0.085013,16.224895,0.039719,0.005073,0.012320,0.017393,0.000000,0.152666,0.152666,0.085029,2026-04-30T21:32:26+0200
30-04-2026-direct-cold-0024,cold,direct,edge-node-1,edge-node-2,17.130517,17.130305,14.210372,12.149254,13.179813,15.942199,15.957729,0.015529,17.076002,15.914892,-1.161110,15.936310,-0.572790,0.001824,0.194280,0.196105,0.003649,0.017330,0.020979,0.108542,2026-04-30T21:32:43+0200
30-04-2026-direct-cold-0025,cold,direct,edge-node-1,edge-node-2,15.989256,15.989923,13.201631,12.256442,12.729037,15.974452,15.967683,-0.006769,15.947941,16.902393,0.954452,16.435038,0.473841,0.000000,0.017101,0.017101,0.000000,0.230125,0.230125,0.123613,2026-04-30T21:33:00+0200
30-04-2026-direct-cold-0026,cold,direct,edge-node-1,edge-node-2,15.958247,15.958697,12.965300,12.393835,12.679567,15.950163,15.956136,0.005973,16.471356,16.448461,-0.022896,16.202298,-0.008461,0.000000,0.212224,0.212224,0.001958,0.018113,0.020071,0.116148,2026-04-30T21:33:16+0200
30-04-2026-direct-cold-0027,cold,direct,edge-node-1,edge-node-2,17.154459,17.154754,14.327485,13.033314,13.680400,15.950561,16.769631,0.819070,15.948140,16.895225,0.947085,16.832428,0.883078,0.002049,0.207217,0.209266,0.000000,0.220192,0.220192,0.214729,2026-04-30T21:33:33+0200
30-04-2026-direct-cold-0028,cold,direct,edge-node-1,edge-node-2,16.507198,16.507533,14.185693,11.598174,12.891933,15.983013,15.978434,-0.004579,16.220101,16.971478,0.751377,16.474956,0.373399,0.001420,0.017985,0.019404,0.004023,0.021534,0.025557,0.022480,2026-04-30T21:33:50+0200
30-04-2026-direct-cold-0029,cold,direct,edge-node-1,edge-node-2,16.226375,16.226545,12.403341,12.337662,12.370501,15.974054,15.952154,-0.021900,16.621871,17.086554,0.464683,16.519354,0.221391,0.000000,0.221235,0.221235,0.007463,0.222918,0.230381,0.225808,2026-04-30T21:34:07+0200
30-04-2026-direct-cold-0030,cold,direct,edge-node-1,edge-node-2,15.966851,15.966630,13.358420,12.092732,12.725576,16.018054,15.968878,-0.049176,16.105822,16.136482,0.030660,16.052680,-0.009258,0.000000,0.018349,0.018349,0.000000,0.019817,0.019817,0.019083,2026-04-30T21:34:23+0200
30-04-2026-direct-cold-0031,cold,direct,edge-node-1,edge-node-2,16.911227,16.911542,13.321439,12.485172,12.903306,15.999339,16.454665,0.455326,15.943760,16.761037,0.817276,16.607851,0.636301,0.000000,0.218974,0.218974,0.000000,0.231212,0.231212,0.225093,2026-04-30T21:34:41+0200
30-04-2026-host-cold-0032,cold,host,edge-node-1,edge-node-2,21.168199,21.168078,10.498047,9.900024,10.199036,17.689606,16.323032,-1.366574,17.467020,16.428751,-1.038270,16.375891,-1.202422,0.777072,0.050378,0.827450,0.739616,0.028811,0.768427,0.797938,2026-04-30T21:36:30+0200
30-04-2026-host-cold-0033,cold,host,edge-node-1,edge-node-2,19.982444,19.982760,10.729506,10.522351,10.625928,15.847001,16.574487,0.727486,15.989751,16.801453,0.811702,16.687970,0.769594,0.028541,0.123570,0.152111,0.010751,0.139182,0.149934,0.151022,2026-04-30T21:36:51+0200
30-04-2026-host-cold-0034,cold,host,edge-node-1,edge-node-2,20.459287,20.459677,11.242023,10.838646,11.040334,15.945154,16.505202,0.560048,16.763028,16.028574,-0.734454,16.266888,-0.087203,0.009355,0.143769,0.153124,0.004773,0.022529,0.027302,0.090213,2026-04-30T21:37:12+0200
30-04-2026-host-cold-0035,cold,host,edge-node-1,edge-node-2,20.254059,20.254550,10.725786,10.170750,10.448268,15.878458,15.902747,0.024289,15.885227,16.643373,0.758146,16.273060,0.391218,0.003857,0.010222,0.014079,0.008679,0.141558,0.150236,0.082158,2026-04-30T21:37:32+0200
30-04-2026-host-cold-0036,cold,host,edge-node-1,edge-node-2,20.322716,20.323059,10.790123,10.296296,10.543210,15.894982,15.910512,0.015529,16.188047,16.698123,0.510076,16.304318,0.262803,0.004997,0.162418,0.167416,0.000000,0.152997,0.152997,0.160207,2026-04-30T21:37:53+0200
30-04-2026-host-cold-0037,cold,host,edge-node-1,edge-node-2,20.721505,20.721581,11.245759,10.938637,11.092198,15.933606,16.438904,0.505298,15.993733,16.731372,0.737639,16.585138,0.621469,0.015269,0.143458,0.158727,0.000754,0.015269,0.016023,0.087375,2026-04-30T21:38:14+0200
30-04-2026-host-cold-0038,cold,host,edge-node-1,edge-node-2,20.038911,20.039446,10.501253,9.844689,10.172971,15.933208,15.963670,0.030461,15.978004,16.525510,0.547506,16.244590,0.288983,0.006238,0.012671,0.018909,0.000000,0.161205,0.161205,0.090057,2026-04-30T21:38:35+0200
30-04-2026-host-cold-0039,cold,host,edge-node-1,edge-node-2,19.880545,19.880472,11.015664,10.443996,10.729830,15.970638,15.929027,-0.041610,16.049479,15.940774,-0.108705,15.934901,-0.075158,0.002751,0.165048,0.167799,0.000000,0.160333,0.160333,0.164066,2026-04-30T21:38:55+0200
30-04-2026-host-cold-0040,cold,host,edge-node-1,edge-node-2,20.443237,20.443437,11.805214,10.181551,10.993382,15.916484,16.077750,0.161265,15.943760,16.264101,0.320341,16.170925,0.240803,0.004968,0.142162,0.147130,0.003822,0.027515,0.031336,0.089233,2026-04-30T21:39:16+0200
30-04-2026-host-cold-0041,cold,host,edge-node-1,edge-node-2,20.237854,20.238446,10.501490,9.995040,10.248265,15.966855,15.937588,-0.029267,15.899761,16.344733,0.444973,16.141161,0.207853,0.015248,0.010423,0.025671,0.003474,0.154602,0.158076,0.091874,2026-04-30T21:39:37+0200
30-04-2026-direct-cold-0032,cold,direct,edge-node-1,edge-node-2,16.281166,16.282029,13.187153,12.422935,12.805044,15.927634,16.574487,0.646853,16.000502,16.344136,0.343634,16.459311,0.495244,0.030230,0.268236,0.298466,0.030229,0.047742,0.077971,0.188219,2026-04-30T21:39:53+0200
30-04-2026-direct-cold-0033,cold,direct,edge-node-1,edge-node-2,16.087185,16.087469,13.023111,12.546816,12.784964,16.037931,15.974620,-0.063312,15.970240,16.916528,0.946289,16.445574,0.441489,0.000000,0.013112,0.013112,0.000000,0.213918,0.213918,0.113515,2026-04-30T21:40:10+0200
30-04-2026-direct-cold-0034,cold,direct,edge-node-1,edge-node-2,16.593507,16.593682,13.836858,12.877872,13.357365,15.976810,15.971832,-0.004977,16.281223,16.686775,0.405552,16.329304,0.200287,0.004237,0.199862,0.204099,0.000000,0.021187,0.021187,0.112643,2026-04-30T21:40:27+0200
30-04-2026-direct-cold-0035,cold,direct,edge-node-1,edge-node-2,16.090968,16.091029,12.960650,12.371134,12.665892,15.938783,16.621074,0.682291,16.078347,16.572695,0.494348,16.596885,0.588320,0.007768,0.011652,0.019421,0.000000,0.216784,0.216784,0.118103,2026-04-30T21:40:43+0200
30-04-2026-direct-cold-0036,cold,direct,edge-node-1,edge-node-2,15.764524,15.764996,12.770701,12.193569,12.482135,15.950330,16.010257,0.059927,16.225079,16.398090,0.173012,16.204174,0.116469,0.000000,0.223256,0.223256,0.000000,0.035680,0.035680,0.129468,2026-04-30T21:40:59+0200
30-04-2026-direct-cold-0037,cold,direct,edge-node-1,edge-node-2,16.216632,16.217047,13.848485,12.604781,13.226633,16.001099,17.533318,1.532219,15.967850,16.666069,0.698219,17.099694,1.115219,0.003613,0.202098,0.205711,0.000000,0.234370,0.234370,0.220040,2026-04-30T21:41:16+0200
30-04-2026-direct-cold-0038,cold,direct,edge-node-1,edge-node-2,16.071404,16.071538,12.887082,12.120263,12.503672,17.346768,16.013045,-1.333724,16.898610,16.641780,-0.256830,16.327412,-0.795277,0.000000,0.025278,0.025278,0.000000,0.021389,0.021389,0.023333,2026-04-30T21:41:33+0200
30-04-2026-direct-cold-0039,cold,direct,edge-node-1,edge-node-2,16.141476,16.141989,13.499222,12.340690,12.919956,16.003886,16.006674,0.002787,16.212138,16.488080,0.275943,16.247377,0.139365,0.000000,0.214171,0.214171,0.000000,0.209324,0.209324,0.211747,2026-04-30T21:41:49+0200
30-04-2026-direct-cold-0040,cold,direct,edge-node-1,edge-node-2,16.112646,16.112872,13.154613,12.079701,12.617157,16.015633,15.993932,-0.021701,16.160572,16.912945,0.752372,16.453438,0.365336,0.000000,0.020607,0.020607,0.002909,0.033698,0.036607,0.028607,2026-04-30T21:42:06+0200
30-04-2026-direct-cold-0041,cold,direct,edge-node-1,edge-node-2,16.671718,16.671960,13.756773,12.879015,13.317894,15.989353,16.321240,0.331888,16.635807,17.315710,0.679902,16.818475,0.505895,0.000000,0.214857,0.214857,0.000000,0.216494,0.216494,0.215675,2026-04-30T21:42:23+0200
