run_id,technology,migration_method,network_migration,checkpoint_ms,archive_bytes,transfer_ms,restore_ms,downtime_ms,bandwidth_mbps,src_arch,dst_arch,same_arch,success,notes,timestamp,profile_name,predump_ms,final_dump_ms,total_ms,lazy_pages_active_ms,lazy_pages_log_bytes,archive_create_ms,transfer_setup_ms,transfer_send_ms,transfer_receive_ms,transfer_cleanup_ms,unpack_ms
01-05-2026-host-cold-0040,CRIU,cold,no,492,26250,7957,405,8854,0.03,x86_64,x86_64,True,True,transfer_mode=host;relay_node=edge-host-1,2026-05-01T11:20:54.895690,2_5G,0.0,0.0,18245.0,0.0,0.0,305.0,5291.0,1256.0,1130.0,278.0,351.0
01-05-2026-host-cold-0041,CRIU,cold,no,332,25369,7663,308,8303,0.03,x86_64,x86_64,True,True,transfer_mode=host;relay_node=edge-host-1,2026-05-01T11:21:25.311634,2_5G,0.0,0.0,16959.0,0.0,0.0,307.0,5104.0,1178.0,1106.0,274.0,299.0
01-05-2026-host-cold-0042,CRIU,cold,no,326,25603,7920,281,8527,0.03,x86_64,x86_64,True,True,transfer_mode=host;relay_node=edge-host-1,2026-05-01T11:21:56.796717,2_5G,0.0,0.0,17354.0,0.0,0.0,305.0,5353.0,1125.0,1153.0,287.0,322.0
01-05-2026-host-cold-0043,CRIU,cold,no,321,25603,7300,296,7917,0.03,x86_64,x86_64,True,True,transfer_mode=host;relay_node=edge-host-1,2026-05-01T11:22:26.570645,2_5G,0.0,0.0,16546.0,0.0,0.0,300.0,4784.0,1115.0,1103.0,296.0,343.0
01-05-2026-host-cold-0044,CRIU,cold,no,322,25228,7899,316,8537,0.03,x86_64,x86_64,True,True,transfer_mode=host;relay_node=edge-host-1,2026-05-01T11:22:57.436866,2_5G,0.0,0.0,17229.0,0.0,0.0,320.0,5258.0,1151.0,1197.0,291.0,335.0
01-05-2026-host-cold-0045,CRIU,cold,no,333,25503,7340,306,7979,0.03,x86_64,x86_64,True,True,transfer_mode=host;relay_node=edge-host-1,2026-05-01T11:23:27.449792,2_5G,0.0,0.0,16713.0,0.0,0.0,322.0,4857.0,1100.0,1122.0,259.0,403.0
01-05-2026-host-cold-0046,CRIU,cold,no,355,25474,7788,308,8451,0.03,x86_64,x86_64,True,True,transfer_mode=host;relay_node=edge-host-1,2026-05-01T11:23:58.609439,2_5G,0.0,0.0,17144.0,0.0,0.0,302.0,5264.0,1113.0,1128.0,282.0,328.0
01-05-2026-host-cold-0047,CRIU,cold,no,332,25283,7534,307,8173,0.03,x86_64,x86_64,True,True,transfer_mode=host;relay_node=edge-host-1,2026-05-01T11:24:28.807063,2_5G,0.0,0.0,16917.0,0.0,0.0,313.0,4971.0,1111.0,1156.0,294.0,322.0
01-05-2026-host-cold-0048,CRIU,cold,no,337,25429,7533,358,8228,0.03,x86_64,x86_64,True,True,transfer_mode=host;relay_node=edge-host-1,2026-05-01T11:24:59.734832,2_5G,0.0,0.0,16969.0,0.0,0.0,345.0,5154.0,1042.0,966.0,370.0,353.0
01-05-2026-host-cold-0049,CRIU,cold,no,282,25400,7585,314,8181,0.03,x86_64,x86_64,True,True,transfer_mode=host;relay_node=edge-host-1,2026-05-01T11:25:30.045267,2_5G,0.0,0.0,16994.0,0.0,0.0,373.0,5095.0,1111.0,1096.0,282.0,340.0
01-05-2026-direct-cold-0040,CRIU,cold,no,324,25284,3508,351,4183,0.06,x86_64,x86_64,True,True,transfer_mode=direct,2026-05-01T11:25:59.141341,2_5G,0.0,0.0,14961.0,0.0,0.0,350.0,2297.0,1211.0,0.0,0.0,346.0
01-05-2026-direct-cold-0041,CRIU,cold,no,337,25320,3471,291,4099,0.06,x86_64,x86_64,True,True,transfer_mode=direct,2026-05-01T11:26:27.402448,2_5G,0.0,0.0,15026.0,0.0,0.0,302.0,2354.0,1117.0,0.0,0.0,325.0
01-05-2026-direct-cold-0042,CRIU,cold,no,309,25363,3465,291,4065,0.06,x86_64,x86_64,True,True,transfer_mode=direct,2026-05-01T11:26:56.181404,2_5G,0.0,0.0,14731.0,0.0,0.0,332.0,2352.0,1112.0,0.0,0.0,308.0
01-05-2026-direct-cold-0043,CRIU,cold,no,403,25560,3519,320,4242,0.06,x86_64,x86_64,True,True,transfer_mode=direct,2026-05-01T11:27:24.468172,2_5G,0.0,0.0,15014.0,0.0,0.0,357.0,2411.0,1107.0,0.0,0.0,356.0
01-05-2026-direct-cold-0044,CRIU,cold,no,308,25498,3464,333,4105,0.06,x86_64,x86_64,True,True,transfer_mode=direct,2026-05-01T11:27:53.077977,2_5G,0.0,0.0,14844.0,0.0,0.0,329.0,2338.0,1125.0,0.0,0.0,338.0
01-05-2026-direct-cold-0045,CRIU,cold,no,350,25256,3402,301,4053,0.06,x86_64,x86_64,True,True,transfer_mode=direct,2026-05-01T11:28:21.464370,2_5G,0.0,0.0,14912.0,0.0,0.0,350.0,2326.0,1075.0,0.0,0.0,284.0
01-05-2026-direct-cold-0046,CRIU,cold,no,284,25250,3511,294,4089,0.06,x86_64,x86_64,True,True,transfer_mode=direct,2026-05-01T11:28:50.364407,2_5G,0.0,0.0,15164.0,0.0,0.0,355.0,2359.0,1152.0,0.0,0.0,365.0
01-05-2026-direct-cold-0047,CRIU,cold,no,351,25405,3487,308,4146,0.06,x86_64,x86_64,True,True,transfer_mode=direct,2026-05-01T11:29:18.558800,2_5G,0.0,0.0,14803.0,0.0,0.0,312.0,2421.0,1066.0,0.0,0.0,297.0
01-05-2026-direct-cold-0048,CRIU,cold,no,407,25363,3718,301,4426,0.05,x86_64,x86_64,True,True,transfer_mode=direct,2026-05-01T11:29:47.634108,2_5G,0.0,0.0,15620.0,0.0,0.0,357.0,2635.0,1083.0,0.0,0.0,362.0
01-05-2026-direct-cold-0049,CRIU,cold,no,314,25498,3324,385,4023,0.06,x86_64,x86_64,True,True,transfer_mode=direct,2026-05-01T11:30:15.903929,2_5G,0.0,0.0,14780.0,0.0,0.0,299.0,2184.0,1139.0,0.0,0.0,318.0
01-05-2026-host-precopy-0040,CRIU,precopy,no,286,33741,8091,313,8690,0.03,x86_64,x86_64,True,True,transfer_mode=host;iterations=3;relay_node=edge-host-1,2026-05-01T11:30:51.330623,2_5G,3948.0,286.0,21928.0,0.0,0.0,662.0,5589.0,1055.0,1165.0,281.0,326.0
01-05-2026-host-precopy-0041,CRIU,precopy,no,289,33129,7353,302,7944,0.04,x86_64,x86_64,True,True,transfer_mode=host;iterations=3;relay_node=edge-host-1,2026-05-01T11:31:25.217484,2_5G,3962.0,289.0,20558.0,0.0,0.0,285.0,4812.0,1111.0,1146.0,283.0,338.0
01-05-2026-host-precopy-0042,CRIU,precopy,no,304,33150,7906,415,8625,0.03,x86_64,x86_64,True,True,transfer_mode=host;iterations=3;relay_node=edge-host-1,2026-05-01T11:32:00.911266,2_5G,3989.0,304.0,21613.0,0.0,0.0,266.0,5339.0,1145.0,1138.0,281.0,330.0
01-05-2026-host-precopy-0043,CRIU,precopy,no,283,33102,7487,329,8099,0.04,x86_64,x86_64,True,True,transfer_mode=host;iterations=3;relay_node=edge-host-1,2026-05-01T11:32:35.153540,2_5G,3909.0,283.0,20735.0,0.0,0.0,296.0,4983.0,1121.0,1095.0,286.0,333.0
01-05-2026-host-precopy-0044,CRIU,precopy,no,292,33563,7835,276,8403,0.03,x86_64,x86_64,True,True,transfer_mode=host;iterations=3;relay_node=edge-host-1,2026-05-01T11:33:10.323834,2_5G,3901.0,292.0,21073.0,0.0,0.0,268.0,5374.0,1081.0,1100.0,279.0,318.0
01-05-2026-host-precopy-0045,CRIU,precopy,no,283,33189,7520,332,8135,0.04,x86_64,x86_64,True,True,transfer_mode=host;iterations=3;relay_node=edge-host-1,2026-05-01T11:33:44.734729,2_5G,3958.0,283.0,21023.0,0.0,0.0,260.0,4960.0,1151.0,1106.0,302.0,312.0
01-05-2026-host-precopy-0046,CRIU,precopy,no,299,33073,7827,320,8446,0.03,x86_64,x86_64,True,True,transfer_mode=host;iterations=3;relay_node=edge-host-1,2026-05-01T11:34:19.592514,2_5G,3934.0,299.0,21143.0,0.0,0.0,281.0,5286.0,1178.0,1098.0,264.0,315.0
01-05-2026-host-precopy-0047,CRIU,precopy,no,336,32542,7806,306,8448,0.03,x86_64,x86_64,True,True,transfer_mode=host;iterations=3;relay_node=edge-host-1,2026-05-01T11:34:54.126454,2_5G,3913.0,336.0,20990.0,0.0,0.0,262.0,5270.0,1142.0,1106.0,286.0,309.0
01-05-2026-host-precopy-0048,CRIU,precopy,no,314,33162,7724,279,8317,0.03,x86_64,x86_64,True,True,transfer_mode=host;iterations=3;relay_node=edge-host-1,2026-05-01T11:35:28.709363,2_5G,3916.0,314.0,21031.0,0.0,0.0,275.0,5154.0,1146.0,1130.0,292.0,293.0
01-05-2026-host-precopy-0049,CRIU,precopy,no,311,33063,7375,323,8009,0.04,x86_64,x86_64,True,True,transfer_mode=host;iterations=3;relay_node=edge-host-1,2026-05-01T11:36:03.017929,2_5G,4011.0,311.0,21014.0,0.0,0.0,298.0,4891.0,1074.0,1128.0,280.0,324.0
01-05-2026-direct-precopy-0040,CRIU,precopy,no,294,32805,3759,283,4336,0.07,x86_64,x86_64,True,True,transfer_mode=direct;iterations=3,2026-05-01T11:36:35.683033,2_5G,3957.0,294.0,18955.0,0.0,0.0,281.0,2648.0,1110.0,0.0,0.0,328.0
01-05-2026-direct-precopy-0041,CRIU,precopy,no,303,33652,3447,310,4060,0.08,x86_64,x86_64,True,True,transfer_mode=direct;iterations=3,2026-05-01T11:37:08.084716,2_5G,3962.0,303.0,18700.0,0.0,0.0,275.0,2311.0,1135.0,0.0,0.0,305.0
01-05-2026-direct-precopy-0042,CRIU,precopy,no,318,33209,3466,293,4077,0.08,x86_64,x86_64,True,True,transfer_mode=direct;iterations=3,2026-05-01T11:37:40.717852,2_5G,3924.0,318.0,19019.0,0.0,0.0,274.0,2355.0,1110.0,0.0,0.0,342.0
01-05-2026-direct-precopy-0043,CRIU,precopy,no,268,33891,3466,311,4045,0.08,x86_64,x86_64,True,True,transfer_mode=direct;iterations=3,2026-05-01T11:38:12.800625,2_5G,3893.0,268.0,18614.0,0.0,0.0,261.0,2386.0,1080.0,0.0,0.0,316.0
01-05-2026-direct-precopy-0044,CRIU,precopy,no,286,32903,3499,300,4085,0.08,x86_64,x86_64,True,True,transfer_mode=direct;iterations=3,2026-05-01T11:38:45.389393,2_5G,3996.0,286.0,18762.0,0.0,0.0,278.0,2384.0,1114.0,0.0,0.0,362.0
01-05-2026-direct-precopy-0045,CRIU,precopy,no,295,33764,3253,297,3845,0.08,x86_64,x86_64,True,True,transfer_mode=direct;iterations=3,2026-05-01T11:39:17.698900,2_5G,3898.0,295.0,18483.0,0.0,0.0,318.0,2200.0,1052.0,0.0,0.0,337.0
01-05-2026-direct-precopy-0046,CRIU,precopy,no,319,33158,3518,302,4139,0.08,x86_64,x86_64,True,True,transfer_mode=direct;iterations=3,2026-05-01T11:39:50.600141,2_5G,3921.0,319.0,19229.0,0.0,0.0,271.0,2386.0,1131.0,0.0,0.0,314.0
01-05-2026-direct-precopy-0047,CRIU,precopy,no,364,33160,3321,309,3994,0.08,x86_64,x86_64,True,True,transfer_mode=direct;iterations=3,2026-05-01T11:40:22.570923,2_5G,3915.0,364.0,18796.0,0.0,0.0,266.0,2302.0,1018.0,0.0,0.0,338.0
01-05-2026-direct-precopy-0048,CRIU,precopy,no,306,32808,3416,312,4034,0.08,x86_64,x86_64,True,True,transfer_mode=direct;iterations=3,2026-05-01T11:40:54.996143,2_5G,3924.0,306.0,18854.0,0.0,0.0,286.0,2297.0,1119.0,0.0,0.0,344.0
01-05-2026-direct-precopy-0049,CRIU,precopy,no,350,33731,3464,291,4105,0.08,x86_64,x86_64,True,True,transfer_mode=direct;iterations=3,2026-05-01T11:41:26.741062,2_5G,3910.0,350.0,18612.0,0.0,0.0,258.0,2373.0,1090.0,0.0,0.0,338.0
01-05-2026-host-postcopy-0040,CRIU,postcopy,no,1001,23390,8000,384,9385,0.02,x86_64,x86_64,True,True,transfer_mode=host;lazy_pages_port=9999;relay_node=edge-host-1,2026-05-01T11:42:02.400207,2_5G,0.0,1001.0,22091.0,8087.0,3196.0,296.0,5560.0,1118.0,1048.0,272.0,314.0
01-05-2026-host-postcopy-0041,CRIU,postcopy,no,1030,23409,7331,448,8809,0.03,x86_64,x86_64,True,True,transfer_mode=host;lazy_pages_port=9999;relay_node=edge-host-1,2026-05-01T11:42:37.571712,2_5G,0.0,1030.0,21738.0,8115.0,3090.0,305.0,4951.0,1064.0,1057.0,258.0,312.0
01-05-2026-host-postcopy-0042,CRIU,postcopy,no,1019,23374,7881,372,9272,0.02,x86_64,x86_64,True,True,transfer_mode=host;lazy_pages_port=9999;relay_node=edge-host-1,2026-05-01T11:43:13.204181,2_5G,0.0,1019.0,22117.0,8138.0,3253.0,312.0,5316.0,1123.0,1159.0,281.0,362.0
01-05-2026-host-postcopy-0043,CRIU,postcopy,no,1037,23312,7367,473,8877,0.03,x86_64,x86_64,True,True,transfer_mode=host;lazy_pages_port=9999;relay_node=edge-host-1,2026-05-01T11:43:48.499274,2_5G,0.0,1037.0,21916.0,8158.0,3147.0,326.0,4886.0,1150.0,1081.0,248.0,286.0
01-05-2026-host-postcopy-0044,CRIU,postcopy,no,1038,23315,7917,359,9314,0.02,x86_64,x86_64,True,True,transfer_mode=host;lazy_pages_port=9999;relay_node=edge-host-1,2026-05-01T11:44:24.215167,2_5G,0.0,1038.0,21898.0,7970.0,3147.0,309.0,5284.0,1132.0,1217.0,282.0,302.0
01-05-2026-host-postcopy-0045,CRIU,postcopy,no,1142,23254,7458,381,8981,0.02,x86_64,x86_64,True,True,transfer_mode=host;lazy_pages_port=9999;relay_node=edge-host-1,2026-05-01T11:45:00.092101,2_5G,0.0,1142.0,22451.0,8365.0,3253.0,290.0,4867.0,1151.0,1128.0,311.0,306.0
01-05-2026-host-postcopy-0046,CRIU,postcopy,no,1064,23355,7780,402,9246,0.02,x86_64,x86_64,True,True,transfer_mode=host;lazy_pages_port=9999;relay_node=edge-host-1,2026-05-01T11:45:35.308501,2_5G,0.0,1064.0,21982.0,8052.0,3196.0,344.0,5225.0,1122.0,1111.0,320.0,298.0
01-05-2026-host-postcopy-0047,CRIU,postcopy,no,1033,23343,7806,392,9231,0.02,x86_64,x86_64,True,True,transfer_mode=host;lazy_pages_port=9999;relay_node=edge-host-1,2026-05-01T11:46:09.566069,2_5G,0.0,1033.0,21012.0,6847.0,3147.0,350.0,5323.0,1139.0,1062.0,280.0,305.0
01-05-2026-host-postcopy-0048,CRIU,postcopy,no,1084,23158,8029,352,9465,0.02,x86_64,x86_64,True,True,transfer_mode=host;lazy_pages_port=9999;relay_node=edge-host-1,2026-05-01T11:46:45.039190,2_5G,0.0,1084.0,22243.0,8012.0,3196.0,310.0,5465.0,1108.0,1178.0,276.0,389.0
01-05-2026-host-postcopy-0049,CRIU,postcopy,no,954,25214,7614,300,8868,0.03,x86_64,x86_64,True,True,transfer_mode=host;lazy_pages_port=9999;relay_node=edge-host-1,2026-05-01T11:47:19.603720,2_5G,0.0,954.0,20592.0,6672.0,1683.0,315.0,5113.0,1085.0,1120.0,294.0,326.0
01-05-2026-direct-postcopy-0040,CRIU,postcopy,no,1076,23239,3577,365,5018,0.05,x86_64,x86_64,True,True,transfer_mode=direct;lazy_pages_port=9999,2026-05-01T11:47:52.543242,2_5G,0.0,1076.0,19744.0,8010.0,3147.0,324.0,2453.0,1123.0,0.0,0.0,318.0
01-05-2026-direct-postcopy-0041,CRIU,postcopy,no,994,23272,3384,334,4712,0.06,x86_64,x86_64,True,True,transfer_mode=direct;lazy_pages_port=9999,2026-05-01T11:48:25.947675,2_5G,0.0,994.0,19847.0,8075.0,3147.0,388.0,2274.0,1109.0,0.0,0.0,297.0
01-05-2026-direct-postcopy-0042,CRIU,postcopy,no,973,23352,3440,356,4769,0.05,x86_64,x86_64,True,True,transfer_mode=direct;lazy_pages_port=9999,2026-05-01T11:48:59.251127,2_5G,0.0,973.0,19676.0,8025.0,3196.0,311.0,2333.0,1106.0,0.0,0.0,384.0
01-05-2026-direct-postcopy-0043,CRIU,postcopy,no,938,23242,3497,357,4792,0.05,x86_64,x86_64,True,True,transfer_mode=direct;lazy_pages_port=9999,2026-05-01T11:49:32.887700,2_5G,0.0,938.0,19938.0,8212.0,3090.0,280.0,2334.0,1162.0,0.0,0.0,331.0
01-05-2026-direct-postcopy-0044,CRIU,postcopy,no,1025,23336,3368,338,4731,0.06,x86_64,x86_64,True,True,transfer_mode=direct;lazy_pages_port=9999,2026-05-01T11:50:06.104820,2_5G,0.0,1025.0,19871.0,8382.0,3253.0,333.0,2218.0,1150.0,0.0,0.0,331.0
01-05-2026-direct-postcopy-0045,CRIU,postcopy,no,1022,23176,3433,365,4820,0.05,x86_64,x86_64,True,True,transfer_mode=direct;lazy_pages_port=9999,2026-05-01T11:50:38.354219,2_5G,0.0,1022.0,18649.0,6797.0,3041.0,285.0,2289.0,1143.0,0.0,0.0,333.0
01-05-2026-direct-postcopy-0046,CRIU,postcopy,no,1036,23486,3457,360,4853,0.05,x86_64,x86_64,True,True,transfer_mode=direct;lazy_pages_port=9999,2026-05-01T11:51:10.517776,2_5G,0.0,1036.0,18734.0,7230.0,3147.0,299.0,2320.0,1136.0,0.0,0.0,366.0
01-05-2026-direct-postcopy-0047,CRIU,postcopy,no,1027,23362,3427,366,4820,0.05,x86_64,x86_64,True,True,transfer_mode=direct;lazy_pages_port=9999,2026-05-01T11:51:42.514046,2_5G,0.0,1027.0,18747.0,6816.0,3147.0,309.0,2306.0,1120.0,0.0,0.0,339.0
01-05-2026-direct-postcopy-0048,CRIU,postcopy,no,1024,23164,3915,370,5309,0.05,x86_64,x86_64,True,True,transfer_mode=direct;lazy_pages_port=9999,2026-05-01T11:52:16.319381,2_5G,0.0,1024.0,20080.0,8143.0,3253.0,317.0,2818.0,1096.0,0.0,0.0,327.0
01-05-2026-direct-postcopy-0049,CRIU,postcopy,no,1041,23157,3259,397,4697,0.06,x86_64,x86_64,True,True,transfer_mode=direct;lazy_pages_port=9999,2026-05-01T11:52:49.886192,2_5G,0.0,1041.0,19856.0,8051.0,3090.0,310.0,2270.0,988.0,0.0,0.0,431.0
01-05-2026-host-cold-0050,CRIU,cold,no,405,26167,7871,406,8682,0.03,x86_64,x86_64,True,True,transfer_mode=host;relay_node=edge-host-1,2026-05-01T11:54:52.893060,2_5G,0.0,0.0,17896.0,0.0,0.0,312.0,5345.0,1132.0,1105.0,288.0,327.0
01-05-2026-host-cold-0051,CRIU,cold,no,447,25282,7445,272,8164,0.03,x86_64,x86_64,True,True,transfer_mode=host;relay_node=edge-host-1,2026-05-01T11:55:23.196425,2_5G,0.0,0.0,16891.0,0.0,0.0,350.0,4791.0,1247.0,1114.0,291.0,299.0
01-05-2026-host-cold-0052,CRIU,cold,no,384,25552,7911,336,8631,0.03,x86_64,x86_64,True,True,transfer_mode=host;relay_node=edge-host-1,2026-05-01T11:55:54.738561,2_5G,0.0,0.0,17643.0,0.0,0.0,310.0,5359.0,1144.0,1116.0,291.0,318.0
01-05-2026-host-cold-0053,CRIU,cold,no,324,25310,7441,324,8089,0.03,x86_64,x86_64,True,True,transfer_mode=host;relay_node=edge-host-1,2026-05-01T11:56:24.932990,2_5G,0.0,0.0,16919.0,0.0,0.0,311.0,4919.0,1154.0,1103.0,264.0,345.0
01-05-2026-host-cold-0054,CRIU,cold,no,330,25331,7571,321,8222,0.03,x86_64,x86_64,True,True,transfer_mode=host;relay_node=edge-host-1,2026-05-01T11:56:56.056176,2_5G,0.0,0.0,16964.0,0.0,0.0,291.0,5179.0,1026.0,1087.0,277.0,308.0
01-05-2026-host-cold-0055,CRIU,cold,no,346,25615,7475,339,8160,0.03,x86_64,x86_64,True,True,transfer_mode=host;relay_node=edge-host-1,2026-05-01T11:57:26.287237,2_5G,0.0,0.0,16804.0,0.0,0.0,311.0,4975.0,1124.0,1118.0,256.0,306.0
01-05-2026-host-cold-0056,CRIU,cold,no,323,25529,7957,300,8580,0.03,x86_64,x86_64,True,True,transfer_mode=host;relay_node=edge-host-1,2026-05-01T11:57:57.328087,2_5G,0.0,0.0,17283.0,0.0,0.0,317.0,5423.0,1160.0,1096.0,276.0,306.0
01-05-2026-host-cold-0057,CRIU,cold,no,328,25293,7348,314,7990,0.03,x86_64,x86_64,True,True,transfer_mode=host;relay_node=edge-host-1,2026-05-01T11:58:27.261326,2_5G,0.0,0.0,16679.0,0.0,0.0,314.0,4833.0,1056.0,1142.0,315.0,309.0
01-05-2026-host-cold-0058,CRIU,cold,no,311,25432,8024,357,8692,0.03,x86_64,x86_64,True,True,transfer_mode=host;relay_node=edge-host-1,2026-05-01T11:58:58.668670,2_5G,0.0,0.0,17324.0,0.0,0.0,338.0,5380.0,1163.0,1145.0,335.0,326.0
01-05-2026-host-cold-0059,CRIU,cold,no,318,25499,7388,298,8004,0.03,x86_64,x86_64,True,True,transfer_mode=host;relay_node=edge-host-1,2026-05-01T11:59:28.984135,2_5G,0.0,0.0,17063.0,0.0,0.0,348.0,4782.0,1179.0,1137.0,289.0,329.0
01-05-2026-direct-cold-0050,CRIU,cold,no,322,25519,3306,299,3927,0.06,x86_64,x86_64,True,True,transfer_mode=direct,2026-05-01T11:59:57.732183,2_5G,0.0,0.0,14855.0,0.0,0.0,296.0,2213.0,1093.0,0.0,0.0,310.0
01-05-2026-direct-cold-0051,CRIU,cold,no,332,25581,3432,292,4056,0.06,x86_64,x86_64,True,True,transfer_mode=direct,2026-05-01T12:00:26.184224,2_5G,0.0,0.0,14813.0,0.0,0.0,309.0,2275.0,1157.0,0.0,0.0,321.0
01-05-2026-direct-cold-0052,CRIU,cold,no,324,25508,3420,318,4062,0.06,x86_64,x86_64,True,True,transfer_mode=direct,2026-05-01T12:00:54.704628,2_5G,0.0,0.0,14725.0,0.0,0.0,305.0,2328.0,1091.0,0.0,0.0,303.0
01-05-2026-direct-cold-0053,CRIU,cold,no,357,25431,3511,350,4218,0.06,x86_64,x86_64,True,True,transfer_mode=direct,2026-05-01T12:01:22.915513,2_5G,0.0,0.0,14902.0,0.0,0.0,315.0,2365.0,1145.0,0.0,0.0,325.0
01-05-2026-direct-cold-0054,CRIU,cold,no,350,25500,3452,316,4118,0.06,x86_64,x86_64,True,True,transfer_mode=direct,2026-05-01T12:01:51.684198,2_5G,0.0,0.0,14814.0,0.0,0.0,315.0,2349.0,1102.0,0.0,0.0,313.0
01-05-2026-direct-cold-0055,CRIU,cold,no,342,25372,3486,292,4120,0.06,x86_64,x86_64,True,True,transfer_mode=direct,2026-05-01T12:02:19.898441,2_5G,0.0,0.0,14810.0,0.0,0.0,315.0,2392.0,1094.0,0.0,0.0,291.0
01-05-2026-direct-cold-0056,CRIU,cold,no,376,25451,3552,320,4248,0.06,x86_64,x86_64,True,True,transfer_mode=direct,2026-05-01T12:02:49.128893,2_5G,0.0,0.0,15423.0,0.0,0.0,342.0,2380.0,1172.0,0.0,0.0,339.0
01-05-2026-direct-cold-0057,CRIU,cold,no,334,25404,3370,381,4085,0.06,x86_64,x86_64,True,True,transfer_mode=direct,2026-05-01T12:03:17.548071,2_5G,0.0,0.0,14824.0,0.0,0.0,303.0,2237.0,1132.0,0.0,0.0,275.0
01-05-2026-direct-cold-0058,CRIU,cold,no,385,25483,3708,299,4392,0.05,x86_64,x86_64,True,True,transfer_mode=direct,2026-05-01T12:03:46.193928,2_5G,0.0,0.0,15488.0,0.0,0.0,341.0,2602.0,1105.0,0.0,0.0,319.0
01-05-2026-direct-cold-0059,CRIU,cold,no,331,25435,3342,290,3963,0.06,x86_64,x86_64,True,True,transfer_mode=direct,2026-05-01T12:04:14.312660,2_5G,0.0,0.0,14807.0,0.0,0.0,311.0,2209.0,1133.0,0.0,0.0,312.0
01-05-2026-host-precopy-0050,CRIU,precopy,no,312,33061,8052,329,8693,0.03,x86_64,x86_64,True,True,transfer_mode=host;iterations=3;relay_node=edge-host-1,2026-05-01T12:04:49.487255,2_5G,3909.0,312.0,21713.0,0.0,0.0,271.0,5575.0,986.0,1236.0,253.0,315.0
01-05-2026-host-precopy-0051,CRIU,precopy,no,307,33635,7387,412,8106,0.04,x86_64,x86_64,True,True,transfer_mode=host;iterations=3;relay_node=edge-host-1,2026-05-01T12:05:23.593516,2_5G,3891.0,307.0,20813.0,0.0,0.0,275.0,4886.0,1052.0,1161.0,286.0,310.0
01-05-2026-host-precopy-0052,CRIU,precopy,no,302,32656,7867,307,8476,0.03,x86_64,x86_64,True,True,transfer_mode=host;iterations=3;relay_node=edge-host-1,2026-05-01T12:05:58.622520,2_5G,3941.0,302.0,21435.0,0.0,0.0,323.0,5193.0,1151.0,1099.0,421.0,310.0
01-05-2026-host-precopy-0053,CRIU,precopy,no,296,33064,7517,328,8141,0.04,x86_64,x86_64,True,True,transfer_mode=host;iterations=3;relay_node=edge-host-1,2026-05-01T12:06:33.132931,2_5G,3977.0,296.0,20789.0,0.0,0.0,303.0,4961.0,1117.0,1153.0,284.0,327.0
01-05-2026-host-precopy-0054,CRIU,precopy,no,297,32995,8101,293,8691,0.03,x86_64,x86_64,True,True,transfer_mode=host;iterations=3;relay_node=edge-host-1,2026-05-01T12:07:08.189780,2_5G,3898.0,297.0,21249.0,0.0,0.0,286.0,5517.0,1116.0,1213.0,254.0,310.0
01-05-2026-host-precopy-0055,CRIU,precopy,no,323,32565,7402,325,8050,0.04,x86_64,x86_64,True,True,transfer_mode=host;iterations=3;relay_node=edge-host-1,2026-05-01T12:07:42.715853,2_5G,3916.0,323.0,21164.0,0.0,0.0,278.0,4987.0,1085.0,1071.0,256.0,316.0
01-05-2026-host-precopy-0056,CRIU,precopy,no,321,33174,7884,317,8522,0.03,x86_64,x86_64,True,True,transfer_mode=host;iterations=3;relay_node=edge-host-1,2026-05-01T12:08:17.557444,2_5G,3945.0,321.0,21227.0,0.0,0.0,269.0,5461.0,1057.0,1094.0,271.0,398.0
01-05-2026-host-precopy-0057,CRIU,precopy,no,284,33204,7817,305,8406,0.03,x86_64,x86_64,True,True,transfer_mode=host;iterations=3;relay_node=edge-host-1,2026-05-01T12:08:51.675157,2_5G,3938.0,284.0,20990.0,0.0,0.0,277.0,5343.0,1101.0,1088.0,283.0,306.0
01-05-2026-host-precopy-0058,CRIU,precopy,no,284,33145,7899,301,8484,0.03,x86_64,x86_64,True,True,transfer_mode=host;iterations=3;relay_node=edge-host-1,2026-05-01T12:09:26.593878,2_5G,4012.0,284.0,21216.0,0.0,0.0,335.0,5383.0,1132.0,1103.0,281.0,316.0
01-05-2026-host-precopy-0059,CRIU,precopy,no,288,33852,7703,309,8300,0.04,x86_64,x86_64,True,True,transfer_mode=host;iterations=3;relay_node=edge-host-1,2026-05-01T12:10:00.768403,2_5G,3902.0,288.0,20942.0,0.0,0.0,293.0,5208.0,1127.0,1101.0,267.0,321.0
01-05-2026-direct-precopy-0050,CRIU,precopy,no,320,33705,3445,303,4068,0.08,x86_64,x86_64,True,True,transfer_mode=direct;iterations=3,2026-05-01T12:10:42.477206,2_5G,3900.0,320.0,18684.0,0.0,0.0,273.0,2368.0,1077.0,0.0,0.0,290.0
01-05-2026-direct-precopy-0051,CRIU,precopy,no,616,33228,3440,339,4395,0.08,x86_64,x86_64,True,True,transfer_mode=direct;iterations=3,2026-05-01T12:11:15.299597,2_5G,3952.0,616.0,19168.0,0.0,0.0,310.0,2353.0,1087.0,0.0,0.0,339.0
01-05-2026-direct-precopy-0052,CRIU,precopy,no,330,32499,3480,324,4134,0.07,x86_64,x86_64,True,True,transfer_mode=direct;iterations=3,2026-05-01T12:11:47.459291,2_5G,3943.0,330.0,18887.0,0.0,0.0,296.0,2355.0,1124.0,0.0,0.0,331.0
01-05-2026-direct-precopy-0053,CRIU,precopy,no,330,33165,3404,354,4088,0.08,x86_64,x86_64,True,True,transfer_mode=direct;iterations=3,2026-05-01T12:12:20.370747,2_5G,3925.0,330.0,19203.0,0.0,0.0,278.0,2257.0,1147.0,0.0,0.0,329.0
01-05-2026-direct-precopy-0054,CRIU,precopy,no,297,32963,3456,324,4077,0.08,x86_64,x86_64,True,True,transfer_mode=direct;iterations=3,2026-05-01T12:12:52.680107,2_5G,3932.0,297.0,19206.0,0.0,0.0,268.0,2334.0,1122.0,0.0,0.0,323.0
01-05-2026-direct-precopy-0055,CRIU,precopy,no,385,33022,3421,273,4079,0.08,x86_64,x86_64,True,True,transfer_mode=direct;iterations=3,2026-05-01T12:13:24.897227,2_5G,3885.0,385.0,18671.0,0.0,0.0,305.0,2296.0,1124.0,0.0,0.0,301.0
01-05-2026-direct-precopy-0056,CRIU,precopy,no,313,33924,3387,316,4016,0.08,x86_64,x86_64,True,True,transfer_mode=direct;iterations=3,2026-05-01T12:13:57.448954,2_5G,3955.0,313.0,19099.0,0.0,0.0,280.0,2291.0,1096.0,0.0,0.0,325.0
01-05-2026-direct-precopy-0057,CRIU,precopy,no,297,33858,3488,286,4071,0.08,x86_64,x86_64,True,True,transfer_mode=direct;iterations=3,2026-05-01T12:14:29.870256,2_5G,3973.0,297.0,18877.0,0.0,0.0,266.0,2345.0,1143.0,0.0,0.0,323.0
01-05-2026-direct-precopy-0058,CRIU,precopy,no,278,33838,3526,314,4118,0.08,x86_64,x86_64,True,True,transfer_mode=direct;iterations=3,2026-05-01T12:15:02.602959,2_5G,4028.0,278.0,19409.0,0.0,0.0,282.0,2365.0,1161.0,0.0,0.0,319.0
01-05-2026-direct-precopy-0059,CRIU,precopy,no,316,33070,3472,311,4099,0.08,x86_64,x86_64,True,True,transfer_mode=direct;iterations=3,2026-05-01T12:15:35.552940,2_5G,3932.0,316.0,19251.0,0.0,0.0,352.0,2290.0,1181.0,0.0,0.0,333.0
01-05-2026-host-postcopy-0050,CRIU,postcopy,no,1002,23225,8015,365,9382,0.02,x86_64,x86_64,True,True,transfer_mode=host;lazy_pages_port=9999;relay_node=edge-host-1,2026-05-01T12:16:11.103956,2_5G,0.0,1002.0,22112.0,8074.0,3147.0,328.0,5441.0,1182.0,1075.0,316.0,375.0
01-05-2026-host-postcopy-0051,CRIU,postcopy,no,1057,23311,7515,368,8940,0.02,x86_64,x86_64,True,True,transfer_mode=host;lazy_pages_port=9999;relay_node=edge-host-1,2026-05-01T12:16:46.644642,2_5G,0.0,1057.0,21832.0,8060.0,3147.0,310.0,4934.0,1176.0,1129.0,274.0,318.0
01-05-2026-host-postcopy-0052,CRIU,postcopy,no,1025,23235,8810,363,10198,0.02,x86_64,x86_64,True,True,transfer_mode=host;lazy_pages_port=9999;relay_node=edge-host-1,2026-05-01T12:17:23.662419,2_5G,0.0,1025.0,23300.0,8084.0,3147.0,277.0,6299.0,1119.0,1072.0,318.0,337.0
01-05-2026-host-postcopy-0053,CRIU,postcopy,no,1041,23344,7354,403,8798,0.03,x86_64,x86_64,True,True,transfer_mode=host;lazy_pages_port=9999;relay_node=edge-host-1,2026-05-01T12:17:58.692537,2_5G,0.0,1041.0,21713.0,8375.0,3147.0,308.0,4869.0,1078.0,1135.0,270.0,319.0
01-05-2026-host-postcopy-0054,CRIU,postcopy,no,1008,23420,7761,381,9150,0.02,x86_64,x86_64,True,True,transfer_mode=host;lazy_pages_port=9999;relay_node=edge-host-1,2026-05-01T12:18:34.431179,2_5G,0.0,1008.0,22170.0,8059.0,3253.0,309.0,5256.0,1115.0,1116.0,272.0,313.0
01-05-2026-host-postcopy-0055,CRIU,postcopy,no,996,23280,7609,367,8972,0.02,x86_64,x86_64,True,True,transfer_mode=host;lazy_pages_port=9999;relay_node=edge-host-1,2026-05-01T12:19:08.111710,2_5G,0.0,996.0,20358.0,6812.0,3147.0,348.0,5182.0,1080.0,1069.0,277.0,312.0
01-05-2026-host-postcopy-0056,CRIU,postcopy,no,1002,23338,7807,350,9159,0.02,x86_64,x86_64,True,True,transfer_mode=host;lazy_pages_port=9999;relay_node=edge-host-1,2026-05-01T12:19:43.900242,2_5G,0.0,1002.0,22399.0,8226.0,3302.0,322.0,5257.0,1108.0,1143.0,298.0,319.0
01-05-2026-host-postcopy-0057,CRIU,postcopy,no,1019,23410,7396,368,8783,0.03,x86_64,x86_64,True,True,transfer_mode=host;lazy_pages_port=9999;relay_node=edge-host-1,2026-05-01T12:20:17.829831,2_5G,0.0,1019.0,20258.0,6799.0,3041.0,322.0,4822.0,1149.0,1136.0,288.0,353.0
01-05-2026-host-postcopy-0058,CRIU,postcopy,no,1032,23326,7659,366,9057,0.02,x86_64,x86_64,True,True,transfer_mode=host;lazy_pages_port=9999;relay_node=edge-host-1,2026-05-01T12:20:53.175766,2_5G,0.0,1032.0,22051.0,8047.0,3147.0,322.0,5260.0,1054.0,1074.0,269.0,312.0
01-05-2026-host-postcopy-0059,CRIU,postcopy,no,1050,23367,7428,346,8824,0.03,x86_64,x86_64,True,True,transfer_mode=host;lazy_pages_port=9999;relay_node=edge-host-1,2026-05-01T12:21:28.310648,2_5G,0.0,1050.0,21494.0,8012.0,3147.0,332.0,4881.0,1164.0,1111.0,271.0,311.0
01-05-2026-direct-postcopy-0050,CRIU,postcopy,no,1016,23350,3472,354,4842,0.05,x86_64,x86_64,True,True,transfer_mode=direct;lazy_pages_port=9999,2026-05-01T12:22:01.731784,2_5G,0.0,1016.0,20260.0,8466.0,3196.0,292.0,2279.0,1193.0,0.0,0.0,293.0
01-05-2026-direct-postcopy-0051,CRIU,postcopy,no,1005,23389,3484,353,4842,0.05,x86_64,x86_64,True,True,transfer_mode=direct;lazy_pages_port=9999,2026-05-01T12:22:35.019794,2_5G,0.0,1005.0,19664.0,8027.0,3196.0,338.0,2365.0,1118.0,0.0,0.0,329.0
01-05-2026-direct-postcopy-0052,CRIU,postcopy,no,1059,23333,3471,351,4881,0.05,x86_64,x86_64,True,True,transfer_mode=direct;lazy_pages_port=9999,2026-05-01T12:23:09.015007,2_5G,0.0,1059.0,20672.0,8509.0,3147.0,314.0,2336.0,1135.0,0.0,0.0,360.0
01-05-2026-direct-postcopy-0053,CRIU,postcopy,no,1028,23239,3835,369,5232,0.05,x86_64,x86_64,True,True,transfer_mode=direct;lazy_pages_port=9999,2026-05-01T12:23:42.503460,2_5G,0.0,1028.0,19952.0,8038.0,3147.0,303.0,2434.0,1400.0,0.0,0.0,299.0
01-05-2026-direct-postcopy-0054,CRIU,postcopy,no,1060,23341,3635,372,5067,0.05,x86_64,x86_64,True,True,transfer_mode=direct;lazy_pages_port=9999,2026-05-01T12:24:15.056160,2_5G,0.0,1060.0,18979.0,6887.0,3147.0,303.0,2584.0,1051.0,0.0,0.0,309.0
01-05-2026-direct-postcopy-0055,CRIU,postcopy,no,1105,23288,3329,370,4804,0.06,x86_64,x86_64,True,True,transfer_mode=direct;lazy_pages_port=9999,2026-05-01T12:24:46.665288,2_5G,0.0,1105.0,18372.0,6845.0,3041.0,335.0,2260.0,1068.0,0.0,0.0,335.0
01-05-2026-direct-postcopy-0056,CRIU,postcopy,no,1019,23386,3524,359,4902,0.05,x86_64,x86_64,True,True,transfer_mode=direct;lazy_pages_port=9999,2026-05-01T12:25:19.321156,2_5G,0.0,1019.0,19132.0,6868.0,3253.0,306.0,2392.0,1131.0,0.0,0.0,351.0
01-05-2026-direct-postcopy-0057,CRIU,postcopy,no,1032,23230,3352,351,4735,0.06,x86_64,x86_64,True,True,transfer_mode=direct;lazy_pages_port=9999,2026-05-01T12:25:52.185338,2_5G,0.0,1032.0,19430.0,8051.0,3147.0,316.0,2274.0,1077.0,0.0,0.0,283.0
01-05-2026-direct-postcopy-0058,CRIU,postcopy,no,1009,23251,3442,380,4831,0.05,x86_64,x86_64,True,True,transfer_mode=direct;lazy_pages_port=9999,2026-05-01T12:26:26.079068,2_5G,0.0,1009.0,20024.0,8052.0,3041.0,398.0,2334.0,1107.0,0.0,0.0,320.0
01-05-2026-direct-postcopy-0059,CRIU,postcopy,no,985,23317,3420,370,4775,0.05,x86_64,x86_64,True,True,transfer_mode=direct;lazy_pages_port=9999,2026-05-01T12:26:57.681464,2_5G,0.0,985.0,18168.0,6793.0,3041.0,340.0,2286.0,1134.0,0.0,0.0,316.0
01-05-2026-host-cold-0060,CRIU,cold,no,461,26133,7900,425,8786,0.03,x86_64,x86_64,True,True,transfer_mode=host;relay_node=edge-host-1,2026-05-01T12:29:00.112952,2_5G,0.0,0.0,18113.0,0.0,0.0,328.0,5355.0,1121.0,1144.0,279.0,317.0
01-05-2026-host-cold-0061,CRIU,cold,no,316,25430,7552,292,8160,0.03,x86_64,x86_64,True,True,transfer_mode=host;relay_node=edge-host-1,2026-05-01T12:29:30.489526,2_5G,0.0,0.0,17090.0,0.0,0.0,339.0,4946.0,1140.0,1185.0,280.0,340.0
01-05-2026-host-cold-0062,CRIU,cold,no,333,25624,7617,305,8255,0.03,x86_64,x86_64,True,True,transfer_mode=host;relay_node=edge-host-1,2026-05-01T12:30:01.281753,2_5G,0.0,0.0,17003.0,0.0,0.0,313.0,5175.0,1070.0,1090.0,280.0,345.0
01-05-2026-host-cold-0063,CRIU,cold,no,339,25304,7544,304,8187,0.03,x86_64,x86_64,True,True,transfer_mode=host;relay_node=edge-host-1,2026-05-01T12:30:31.863040,2_5G,0.0,0.0,17001.0,0.0,0.0,302.0,5050.0,1085.0,1128.0,278.0,302.0
01-05-2026-host-cold-0064,CRIU,cold,no,337,25358,7868,275,8480,0.03,x86_64,x86_64,True,True,transfer_mode=host;relay_node=edge-host-1,2026-05-01T12:31:03.100982,2_5G,0.0,0.0,17054.0,0.0,0.0,308.0,5280.0,1178.0,1125.0,284.0,295.0
01-05-2026-host-cold-0065,CRIU,cold,no,321,25418,7574,301,8196,0.03,x86_64,x86_64,True,True,transfer_mode=host;relay_node=edge-host-1,2026-05-01T12:31:33.207571,2_5G,0.0,0.0,16917.0,0.0,0.0,310.0,4928.0,1125.0,1164.0,356.0,319.0
01-05-2026-host-cold-0066,CRIU,cold,no,321,25283,7840,295,8456,0.03,x86_64,x86_64,True,True,transfer_mode=host;relay_node=edge-host-1,2026-05-01T12:32:04.357368,2_5G,0.0,0.0,17275.0,0.0,0.0,311.0,5203.0,1155.0,1154.0,327.0,325.0
01-05-2026-host-cold-0067,CRIU,cold,no,387,25639,7339,337,8063,0.03,x86_64,x86_64,True,True,transfer_mode=host;relay_node=edge-host-1,2026-05-01T12:32:34.232824,2_5G,0.0,0.0,16674.0,0.0,0.0,310.0,4802.0,1103.0,1153.0,279.0,321.0
01-05-2026-host-cold-0068,CRIU,cold,no,317,25687,7892,294,8503,0.03,x86_64,x86_64,True,True,transfer_mode=host;relay_node=edge-host-1,2026-05-01T12:33:05.543920,2_5G,0.0,0.0,17303.0,0.0,0.0,282.0,5275.0,1098.0,1127.0,390.0,318.0
01-05-2026-host-cold-0069,CRIU,cold,no,331,25766,7317,347,7995,0.03,x86_64,x86_64,True,True,transfer_mode=host;relay_node=edge-host-1,2026-05-01T12:33:35.602485,2_5G,0.0,0.0,16664.0,0.0,0.0,322.0,4825.0,1102.0,1123.0,265.0,301.0
01-05-2026-direct-cold-0060,CRIU,cold,no,314,25302,3424,304,4042,0.06,x86_64,x86_64,True,True,transfer_mode=direct,2026-05-01T12:34:04.527100,2_5G,0.0,0.0,14816.0,0.0,0.0,343.0,2322.0,1101.0,0.0,0.0,277.0
01-05-2026-direct-cold-0061,CRIU,cold,no,431,25433,3435,317,4183,0.06,x86_64,x86_64,True,True,transfer_mode=direct,2026-05-01T12:34:32.981142,2_5G,0.0,0.0,15018.0,0.0,0.0,320.0,2385.0,1050.0,0.0,0.0,324.0
01-05-2026-direct-cold-0062,CRIU,cold,no,348,25725,3448,295,4091,0.06,x86_64,x86_64,True,True,transfer_mode=direct,2026-05-01T12:35:01.711957,2_5G,0.0,0.0,14987.0,0.0,0.0,302.0,2270.0,1177.0,0.0,0.0,351.0
01-05-2026-direct-cold-0063,CRIU,cold,no,347,25568,3400,306,4053,0.06,x86_64,x86_64,True,True,transfer_mode=direct,2026-05-01T12:35:29.879112,2_5G,0.0,0.0,14725.0,0.0,0.0,311.0,2279.0,1120.0,0.0,0.0,309.0
01-05-2026-direct-cold-0064,CRIU,cold,no,320,25373,3155,314,3789,0.06,x86_64,x86_64,True,True,transfer_mode=direct,2026-05-01T12:35:58.392535,2_5G,0.0,0.0,14681.0,0.0,0.0,325.0,2171.0,983.0,0.0,0.0,414.0
01-05-2026-direct-cold-0065,CRIU,cold,no,282,25540,3305,324,3911,0.06,x86_64,x86_64,True,True,transfer_mode=direct,2026-05-01T12:36:26.293589,2_5G,0.0,0.0,14671.0,0.0,0.0,336.0,2201.0,1103.0,0.0,0.0,305.0
01-05-2026-direct-cold-0066,CRIU,cold,no,325,25439,3544,340,4209,0.06,x86_64,x86_64,True,True,transfer_mode=direct,2026-05-01T12:36:55.270052,2_5G,0.0,0.0,15542.0,0.0,0.0,298.0,2419.0,1125.0,0.0,0.0,310.0
01-05-2026-direct-cold-0067,CRIU,cold,no,326,25585,3490,295,4111,0.06,x86_64,x86_64,True,True,transfer_mode=direct,2026-05-01T12:37:23.511555,2_5G,0.0,0.0,15051.0,0.0,0.0,306.0,2318.0,1171.0,0.0,0.0,340.0
01-05-2026-direct-cold-0068,CRIU,cold,no,338,25465,4280,321,4939,0.05,x86_64,x86_64,True,True,transfer_mode=direct,2026-05-01T12:37:52.568512,2_5G,0.0,0.0,15623.0,0.0,0.0,311.0,2632.0,1647.0,0.0,0.0,294.0
01-05-2026-direct-cold-0069,CRIU,cold,no,310,25608,3621,323,4254,0.06,x86_64,x86_64,True,True,transfer_mode=direct,2026-05-01T12:38:20.876605,2_5G,0.0,0.0,14952.0,0.0,0.0,305.0,2463.0,1158.0,0.0,0.0,370.0
01-05-2026-host-precopy-0060,CRIU,precopy,no,342,33169,8338,282,8962,0.03,x86_64,x86_64,True,True,transfer_mode=host;iterations=3;relay_node=edge-host-1,2026-05-01T12:38:56.057040,2_5G,4025.0,342.0,21644.0,0.0,0.0,282.0,5804.0,1089.0,1166.0,278.0,333.0
01-05-2026-host-precopy-0061,CRIU,precopy,no,325,32940,7348,384,8057,0.04,x86_64,x86_64,True,True,transfer_mode=host;iterations=3;relay_node=edge-host-1,2026-05-01T12:39:30.126682,2_5G,4131.0,325.0,20855.0,0.0,0.0,290.0,4809.0,1142.0,1121.0,275.0,308.0
01-05-2026-host-precopy-0062,CRIU,precopy,no,331,33084,8157,325,8813,0.03,x86_64,x86_64,True,True,transfer_mode=host;iterations=3;relay_node=edge-host-1,2026-05-01T12:40:05.431769,2_5G,3894.0,331.0,21478.0,0.0,0.0,259.0,5697.0,1130.0,1066.0,263.0,339.0
01-05-2026-host-precopy-0063,CRIU,precopy,no,298,33222,7542,312,8152,0.04,x86_64,x86_64,True,True,transfer_mode=host;iterations=3;relay_node=edge-host-1,2026-05-01T12:40:39.558961,2_5G,3906.0,298.0,20827.0,0.0,0.0,302.0,4985.0,1156.0,1133.0,266.0,314.0
01-05-2026-host-precopy-0064,CRIU,precopy,no,391,33195,7540,298,8229,0.04,x86_64,x86_64,True,True,transfer_mode=host;iterations=3;relay_node=edge-host-1,2026-05-01T12:41:14.289981,2_5G,3960.0,391.0,20834.0,0.0,0.0,281.0,5173.0,985.0,1107.0,274.0,313.0
01-05-2026-host-precopy-0065,CRIU,precopy,no,357,33125,7434,323,8114,0.04,x86_64,x86_64,True,True,transfer_mode=host;iterations=3;relay_node=edge-host-1,2026-05-01T12:41:48.229399,2_5G,3945.0,357.0,20697.0,0.0,0.0,308.0,4921.0,1130.0,1097.0,285.0,299.0
01-05-2026-host-precopy-0066,CRIU,precopy,no,328,33193,7686,325,8339,0.03,x86_64,x86_64,True,True,transfer_mode=host;iterations=3;relay_node=edge-host-1,2026-05-01T12:42:23.156311,2_5G,3937.0,328.0,21074.0,0.0,0.0,355.0,5057.0,1165.0,1196.0,266.0,328.0
01-05-2026-host-precopy-0067,CRIU,precopy,no,325,33090,7517,307,8149,0.04,x86_64,x86_64,True,True,transfer_mode=host;iterations=3;relay_node=edge-host-1,2026-05-01T12:42:57.651134,2_5G,3914.0,325.0,21112.0,0.0,0.0,265.0,4971.0,1127.0,1127.0,289.0,322.0
01-05-2026-host-precopy-0068,CRIU,precopy,no,323,33762,7724,298,8345,0.03,x86_64,x86_64,True,True,transfer_mode=host;iterations=3;relay_node=edge-host-1,2026-05-01T12:43:32.125705,2_5G,3990.0,323.0,21068.0,0.0,0.0,307.0,5204.0,1157.0,1068.0,295.0,345.0
01-05-2026-host-precopy-0069,CRIU,precopy,no,312,33712,7728,308,8348,0.03,x86_64,x86_64,True,True,transfer_mode=host;iterations=3;relay_node=edge-host-1,2026-05-01T12:44:06.792692,2_5G,3954.0,312.0,21267.0,0.0,0.0,284.0,5178.0,1141.0,1101.0,306.0,358.0
01-05-2026-direct-precopy-0060,CRIU,precopy,no,310,33742,3606,311,4227,0.07,x86_64,x86_64,True,True,transfer_mode=direct;iterations=3,2026-05-01T12:44:39.356581,2_5G,3939.0,310.0,18860.0,0.0,0.0,268.0,2439.0,1167.0,0.0,0.0,320.0
01-05-2026-direct-precopy-0061,CRIU,precopy,no,385,33068,3444,314,4143,0.08,x86_64,x86_64,True,True,transfer_mode=direct;iterations=3,2026-05-01T12:45:12.138855,2_5G,3932.0,385.0,19290.0,0.0,0.0,280.0,2299.0,1144.0,0.0,0.0,318.0
01-05-2026-direct-precopy-0062,CRIU,precopy,no,350,33883,3269,370,3989,0.08,x86_64,x86_64,True,True,transfer_mode=direct;iterations=3,2026-05-01T12:45:44.522717,2_5G,3913.0,350.0,18645.0,0.0,0.0,325.0,2153.0,1115.0,0.0,0.0,312.0
01-05-2026-direct-precopy-0063,CRIU,precopy,no,319,33053,3578,326,4223,0.07,x86_64,x86_64,True,True,transfer_mode=direct;iterations=3,2026-05-01T12:46:16.929464,2_5G,4012.0,319.0,19272.0,0.0,0.0,272.0,2418.0,1159.0,0.0,0.0,340.0
01-05-2026-direct-precopy-0064,CRIU,precopy,no,290,33171,3339,265,3894,0.08,x86_64,x86_64,True,True,transfer_mode=direct;iterations=3,2026-05-01T12:46:49.281740,2_5G,3959.0,290.0,18678.0,0.0,0.0,282.0,2270.0,1069.0,0.0,0.0,341.0
01-05-2026-direct-precopy-0065,CRIU,precopy,no,309,33166,3395,313,4017,0.08,x86_64,x86_64,True,True,transfer_mode=direct;iterations=3,2026-05-01T12:47:21.904079,2_5G,4164.0,309.0,19310.0,0.0,0.0,276.0,2280.0,1115.0,0.0,0.0,328.0
01-05-2026-direct-precopy-0066,CRIU,precopy,no,289,33200,3458,333,4080,0.08,x86_64,x86_64,True,True,transfer_mode=direct;iterations=3,2026-05-01T12:47:54.352443,2_5G,3939.0,289.0,19026.0,0.0,0.0,297.0,2412.0,1046.0,0.0,0.0,329.0
01-05-2026-direct-precopy-0067,CRIU,precopy,no,280,33771,3636,304,4220,0.07,x86_64,x86_64,True,True,transfer_mode=direct;iterations=3,2026-05-01T12:48:26.784706,2_5G,3939.0,280.0,19050.0,0.0,0.0,259.0,2487.0,1148.0,0.0,0.0,297.0
01-05-2026-direct-precopy-0068,CRIU,precopy,no,331,32989,3516,290,4137,0.08,x86_64,x86_64,True,True,transfer_mode=direct;iterations=3,2026-05-01T12:48:59.038923,2_5G,4007.0,331.0,18686.0,0.0,0.0,278.0,2382.0,1133.0,0.0,0.0,305.0
01-05-2026-direct-precopy-0069,CRIU,precopy,no,296,33268,3552,306,4154,0.07,x86_64,x86_64,True,True,transfer_mode=direct;iterations=3,2026-05-01T12:49:31.683549,2_5G,3961.0,296.0,19168.0,0.0,0.0,289.0,2405.0,1147.0,0.0,0.0,319.0
01-05-2026-host-postcopy-0060,CRIU,postcopy,no,1036,23369,7745,359,9140,0.02,x86_64,x86_64,True,True,transfer_mode=host;lazy_pages_port=9999;relay_node=edge-host-1,2026-05-01T12:50:05.842373,2_5G,0.0,1036.0,20626.0,6857.0,3041.0,314.0,5224.0,1105.0,1117.0,297.0,346.0
01-05-2026-host-postcopy-0061,CRIU,postcopy,no,1076,23331,7279,376,8731,0.03,x86_64,x86_64,True,True,transfer_mode=host;lazy_pages_port=9999;relay_node=edge-host-1,2026-05-01T12:50:41.528267,2_5G,0.0,1076.0,22176.0,8072.0,3196.0,335.0,4831.0,953.0,1197.0,297.0,310.0
01-05-2026-host-postcopy-0062,CRIU,postcopy,no,997,23303,8152,379,9528,0.02,x86_64,x86_64,True,True,transfer_mode=host;lazy_pages_port=9999;relay_node=edge-host-1,2026-05-01T12:51:17.100400,2_5G,0.0,997.0,22325.0,8140.0,3196.0,309.0,5607.0,1096.0,1167.0,280.0,361.0
01-05-2026-host-postcopy-0063,CRIU,postcopy,no,1006,23283,7638,424,9068,0.02,x86_64,x86_64,True,True,transfer_mode=host;lazy_pages_port=9999;relay_node=edge-host-1,2026-05-01T12:51:51.476918,2_5G,0.0,1006.0,20837.0,6865.0,3196.0,292.0,4985.0,1134.0,1201.0,317.0,327.0
01-05-2026-host-postcopy-0064,CRIU,postcopy,no,1002,23299,7851,376,9229,0.02,x86_64,x86_64,True,True,transfer_mode=host;lazy_pages_port=9999;relay_node=edge-host-1,2026-05-01T12:52:27.213570,2_5G,0.0,1002.0,22430.0,8419.0,3196.0,310.0,5182.0,1164.0,1110.0,393.0,321.0
01-05-2026-host-postcopy-0065,CRIU,postcopy,no,1011,23424,7574,346,8931,0.02,x86_64,x86_64,True,True,transfer_mode=host;lazy_pages_port=9999;relay_node=edge-host-1,2026-05-01T12:53:02.689206,2_5G,0.0,1011.0,21786.0,7959.0,3041.0,289.0,4992.0,1150.0,1139.0,291.0,313.0
01-05-2026-host-postcopy-0066,CRIU,postcopy,no,1062,23262,8119,352,9533,0.02,x86_64,x86_64,True,True,transfer_mode=host;lazy_pages_port=9999;relay_node=edge-host-1,2026-05-01T12:53:36.991578,2_5G,0.0,1062.0,20975.0,6795.0,3196.0,322.0,5610.0,1076.0,1157.0,274.0,335.0
01-05-2026-host-postcopy-0067,CRIU,postcopy,no,1094,23197,7438,367,8899,0.02,x86_64,x86_64,True,True,transfer_mode=host;lazy_pages_port=9999;relay_node=edge-host-1,2026-05-01T12:54:12.061944,2_5G,0.0,1094.0,21811.0,8030.0,3253.0,322.0,4941.0,1099.0,1130.0,266.0,338.0
01-05-2026-host-postcopy-0068,CRIU,postcopy,no,1030,23252,7626,371,9027,0.02,x86_64,x86_64,True,True,transfer_mode=host;lazy_pages_port=9999;relay_node=edge-host-1,2026-05-01T12:54:46.195702,2_5G,0.0,1030.0,20552.0,6849.0,3196.0,347.0,5206.0,1116.0,1039.0,264.0,321.0
01-05-2026-host-postcopy-0069,CRIU,postcopy,no,1102,23347,7428,363,8893,0.03,x86_64,x86_64,True,True,transfer_mode=host;lazy_pages_port=9999;relay_node=edge-host-1,2026-05-01T12:55:21.544593,2_5G,0.0,1102.0,21902.0,8067.0,3147.0,370.0,4929.0,1143.0,1084.0,271.0,314.0
01-05-2026-direct-postcopy-0060,CRIU,postcopy,no,1039,23230,3387,374,4800,0.05,x86_64,x86_64,True,True,transfer_mode=direct;lazy_pages_port=9999,2026-05-01T12:55:53.960612,2_5G,0.0,1039.0,18364.0,6832.0,3253.0,314.0,2373.0,1014.0,0.0,0.0,353.0
01-05-2026-direct-postcopy-0061,CRIU,postcopy,no,1041,23367,3607,369,5017,0.05,x86_64,x86_64,True,True,transfer_mode=direct;lazy_pages_port=9999,2026-05-01T12:56:27.438046,2_5G,0.0,1041.0,20364.0,8042.0,3147.0,307.0,2469.0,1138.0,0.0,0.0,324.0
01-05-2026-direct-postcopy-0062,CRIU,postcopy,no,1057,23376,3699,416,5172,0.05,x86_64,x86_64,True,True,transfer_mode=direct;lazy_pages_port=9999,2026-05-01T12:57:01.264284,2_5G,0.0,1057.0,20077.0,8096.0,3147.0,316.0,2560.0,1138.0,0.0,0.0,343.0
01-05-2026-direct-postcopy-0063,CRIU,postcopy,no,1012,23305,3362,347,4721,0.06,x86_64,x86_64,True,True,transfer_mode=direct;lazy_pages_port=9999,2026-05-01T12:57:34.910993,2_5G,0.0,1012.0,20338.0,8377.0,3196.0,327.0,2232.0,1130.0,0.0,0.0,289.0
01-05-2026-direct-postcopy-0064,CRIU,postcopy,no,1021,23357,3414,344,4779,0.05,x86_64,x86_64,True,True,transfer_mode=direct;lazy_pages_port=9999,2026-05-01T12:58:07.650826,2_5G,0.0,1021.0,19704.0,8046.0,3253.0,324.0,2341.0,1072.0,0.0,0.0,332.0
01-05-2026-direct-postcopy-0065,CRIU,postcopy,no,1031,23264,3494,355,4880,0.05,x86_64,x86_64,True,True,transfer_mode=direct;lazy_pages_port=9999,2026-05-01T12:58:41.085688,2_5G,0.0,1031.0,20085.0,7976.0,3090.0,319.0,2374.0,1119.0,0.0,0.0,324.0
01-05-2026-direct-postcopy-0066,CRIU,postcopy,no,1048,23406,3436,357,4841,0.05,x86_64,x86_64,True,True,transfer_mode=direct;lazy_pages_port=9999,2026-05-01T12:59:12.990771,2_5G,0.0,1048.0,18523.0,6905.0,3196.0,310.0,2308.0,1128.0,0.0,0.0,299.0
01-05-2026-direct-postcopy-0067,CRIU,postcopy,no,1017,23263,3519,366,4902,0.05,x86_64,x86_64,True,True,transfer_mode=direct;lazy_pages_port=9999,2026-05-01T12:59:46.506413,2_5G,0.0,1017.0,20107.0,7993.0,3253.0,279.0,2365.0,1154.0,0.0,0.0,314.0
01-05-2026-direct-postcopy-0068,CRIU,postcopy,no,1019,23332,3578,353,4950,0.05,x86_64,x86_64,True,True,transfer_mode=direct;lazy_pages_port=9999,2026-05-01T13:00:19.680075,2_5G,0.0,1019.0,19955.0,8108.0,3041.0,316.0,2444.0,1133.0,0.0,0.0,317.0
01-05-2026-direct-postcopy-0069,CRIU,postcopy,no,1180,23261,3555,335,5070,0.05,x86_64,x86_64,True,True,transfer_mode=direct;lazy_pages_port=9999,2026-05-01T13:00:52.156347,2_5G,0.0,1180.0,18916.0,6871.0,3147.0,330.0,2467.0,1088.0,0.0,0.0,307.0
01-05-2026-host-cold-0070,CRIU,cold,no,426,26124,8188,448,9062,0.03,x86_64,x86_64,True,True,transfer_mode=host;relay_node=edge-host-1,2026-05-01T13:02:55.844887,2_5G,0.0,0.0,18348.0,0.0,0.0,304.0,5664.0,1109.0,1141.0,273.0,325.0
01-05-2026-host-cold-0071,CRIU,cold,no,323,25452,7239,292,7854,0.03,x86_64,x86_64,True,True,transfer_mode=host;relay_node=edge-host-1,2026-05-01T13:03:25.784490,2_5G,0.0,0.0,16702.0,0.0,0.0,306.0,4722.0,1120.0,1108.0,288.0,357.0
01-05-2026-host-cold-0072,CRIU,cold,no,353,25616,7863,309,8525,0.03,x86_64,x86_64,True,True,transfer_mode=host;relay_node=edge-host-1,2026-05-01T13:03:57.089260,2_5G,0.0,0.0,17247.0,0.0,0.0,320.0,5346.0,1092.0,1117.0,306.0,340.0
01-05-2026-host-cold-0073,CRIU,cold,no,347,25571,7311,314,7972,0.03,x86_64,x86_64,True,True,transfer_mode=host;relay_node=edge-host-1,2026-05-01T13:04:27.483798,2_5G,0.0,0.0,16776.0,0.0,0.0,321.0,4815.0,1122.0,1086.0,286.0,333.0
01-05-2026-host-cold-0074,CRIU,cold,no,323,25567,7766,308,8397,0.03,x86_64,x86_64,True,True,transfer_mode=host;relay_node=edge-host-1,2026-05-01T13:04:58.582909,2_5G,0.0,0.0,17117.0,0.0,0.0,300.0,5257.0,1123.0,1123.0,262.0,309.0
01-05-2026-host-cold-0075,CRIU,cold,no,318,25537,7424,362,8104,0.03,x86_64,x86_64,True,True,transfer_mode=host;relay_node=edge-host-1,2026-05-01T13:05:28.935568,2_5G,0.0,0.0,16794.0,0.0,0.0,307.0,4863.0,1107.0,1156.0,296.0,305.0
01-05-2026-host-cold-0076,CRIU,cold,no,330,25566,7575,387,8292,0.03,x86_64,x86_64,True,True,transfer_mode=host;relay_node=edge-host-1,2026-05-01T13:06:00.314229,2_5G,0.0,0.0,17216.0,0.0,0.0,397.0,5226.0,1053.0,1039.0,255.0,368.0
01-05-2026-host-cold-0077,CRIU,cold,no,286,25327,7418,297,8001,0.03,x86_64,x86_64,True,True,transfer_mode=host;relay_node=edge-host-1,2026-05-01T13:06:30.417547,2_5G,0.0,0.0,16697.0,0.0,0.0,279.0,4954.0,1073.0,1104.0,285.0,339.0
01-05-2026-host-cold-0078,CRIU,cold,no,340,25383,7688,294,8322,0.03,x86_64,x86_64,True,True,transfer_mode=host;relay_node=edge-host-1,2026-05-01T13:07:01.393324,2_5G,0.0,0.0,17088.0,0.0,0.0,311.0,5227.0,1119.0,1077.0,263.0,310.0
01-05-2026-host-cold-0079,CRIU,cold,no,321,25373,7382,320,8023,0.03,x86_64,x86_64,True,True,transfer_mode=host;relay_node=edge-host-1,2026-05-01T13:07:31.548236,2_5G,0.0,0.0,16688.0,0.0,0.0,318.0,5026.0,956.0,1116.0,283.0,326.0
01-05-2026-direct-cold-0070,CRIU,cold,no,318,25559,3357,321,3996,0.06,x86_64,x86_64,True,True,transfer_mode=direct,2026-05-01T13:08:00.379117,2_5G,0.0,0.0,14927.0,0.0,0.0,313.0,2284.0,1072.0,0.0,0.0,316.0
01-05-2026-direct-cold-0071,CRIU,cold,no,341,25635,3527,297,4165,0.06,x86_64,x86_64,True,True,transfer_mode=direct,2026-05-01T13:08:28.777911,2_5G,0.0,0.0,14888.0,0.0,0.0,316.0,2394.0,1132.0,0.0,0.0,320.0
01-05-2026-direct-cold-0072,CRIU,cold,no,364,25411,3388,325,4077,0.06,x86_64,x86_64,True,True,transfer_mode=direct,2026-05-01T13:08:57.579588,2_5G,0.0,0.0,14913.0,0.0,0.0,312.0,2295.0,1092.0,0.0,0.0,303.0
01-05-2026-direct-cold-0073,CRIU,cold,no,314,25336,3441,303,4058,0.06,x86_64,x86_64,True,True,transfer_mode=direct,2026-05-01T13:09:25.697907,2_5G,0.0,0.0,14898.0,0.0,0.0,314.0,2306.0,1135.0,0.0,0.0,338.0
01-05-2026-direct-cold-0074,CRIU,cold,no,304,25603,3356,349,4009,0.06,x86_64,x86_64,True,True,transfer_mode=direct,2026-05-01T13:09:54.600194,2_5G,0.0,0.0,14896.0,0.0,0.0,322.0,2227.0,1129.0,0.0,0.0,326.0
01-05-2026-direct-cold-0075,CRIU,cold,no,345,25654,3456,317,4118,0.06,x86_64,x86_64,True,True,transfer_mode=direct,2026-05-01T13:10:22.488893,2_5G,0.0,0.0,14756.0,0.0,0.0,308.0,2337.0,1118.0,0.0,0.0,330.0
01-05-2026-direct-cold-0076,CRIU,cold,no,328,25486,3363,268,3959,0.06,x86_64,x86_64,True,True,transfer_mode=direct,2026-05-01T13:10:51.084723,2_5G,0.0,0.0,15264.0,0.0,0.0,301.0,2308.0,1055.0,0.0,0.0,317.0
01-05-2026-direct-cold-0077,CRIU,cold,no,337,25385,3356,348,4041,0.06,x86_64,x86_64,True,True,transfer_mode=direct,2026-05-01T13:11:19.403805,2_5G,0.0,0.0,14900.0,0.0,0.0,338.0,2253.0,1103.0,0.0,0.0,321.0
01-05-2026-direct-cold-0078,CRIU,cold,no,339,25199,3773,310,4422,0.05,x86_64,x86_64,True,True,transfer_mode=direct,2026-05-01T13:11:48.102918,2_5G,0.0,0.0,15355.0,0.0,0.0,305.0,2628.0,1145.0,0.0,0.0,616.0
01-05-2026-direct-cold-0079,CRIU,cold,no,318,25209,3450,302,4070,0.06,x86_64,x86_64,True,True,transfer_mode=direct,2026-05-01T13:12:16.344274,2_5G,0.0,0.0,14953.0,0.0,0.0,330.0,2344.0,1105.0,0.0,0.0,341.0
01-05-2026-host-precopy-0070,CRIU,precopy,no,296,33770,8234,292,8822,0.03,x86_64,x86_64,True,True,transfer_mode=host;iterations=3;relay_node=edge-host-1,2026-05-01T13:12:51.201096,2_5G,3962.0,296.0,21483.0,0.0,0.0,300.0,5694.0,1118.0,1137.0,283.0,354.0
01-05-2026-host-precopy-0071,CRIU,precopy,no,380,33198,7420,298,8098,0.04,x86_64,x86_64,True,True,transfer_mode=host;iterations=3;relay_node=edge-host-1,2026-05-01T13:13:25.049598,2_5G,3957.0,380.0,20790.0,0.0,0.0,284.0,4908.0,1135.0,1125.0,251.0,299.0
01-05-2026-host-precopy-0072,CRIU,precopy,no,296,33782,7946,310,8552,0.03,x86_64,x86_64,True,True,transfer_mode=host;iterations=3;relay_node=edge-host-1,2026-05-01T13:14:00.158590,2_5G,3913.0,296.0,21528.0,0.0,0.0,317.0,5421.0,1116.0,1134.0,274.0,327.0
01-05-2026-host-precopy-0073,CRIU,precopy,no,302,33725,7486,356,8144,0.04,x86_64,x86_64,True,True,transfer_mode=host;iterations=3;relay_node=edge-host-1,2026-05-01T13:14:34.444862,2_5G,3915.0,302.0,20809.0,0.0,0.0,294.0,4934.0,1162.0,1116.0,273.0,303.0
01-05-2026-host-precopy-0074,CRIU,precopy,no,372,33760,7717,302,8391,0.03,x86_64,x86_64,True,True,transfer_mode=host;iterations=3;relay_node=edge-host-1,2026-05-01T13:15:09.690500,2_5G,3920.0,372.0,21240.0,0.0,0.0,353.0,5168.0,1141.0,1100.0,306.0,300.0
01-05-2026-host-precopy-0075,CRIU,precopy,no,302,33236,7425,292,8019,0.04,x86_64,x86_64,True,True,transfer_mode=host;iterations=3;relay_node=edge-host-1,2026-05-01T13:15:43.829738,2_5G,3961.0,302.0,20693.0,0.0,0.0,297.0,4864.0,1131.0,1135.0,293.0,291.0
01-05-2026-host-precopy-0076,CRIU,precopy,no,327,33055,7589,310,8226,0.03,x86_64,x86_64,True,True,transfer_mode=host;iterations=3;relay_node=edge-host-1,2026-05-01T13:16:18.589789,2_5G,3970.0,327.0,20981.0,0.0,0.0,309.0,5265.0,1000.0,1057.0,266.0,295.0
01-05-2026-host-precopy-0077,CRIU,precopy,no,339,33247,7589,478,8406,0.04,x86_64,x86_64,True,True,transfer_mode=host;iterations=3;relay_node=edge-host-1,2026-05-01T13:16:53.274983,2_5G,3977.0,339.0,21255.0,0.0,0.0,265.0,5081.0,1145.0,1114.0,247.0,315.0
01-05-2026-host-precopy-0078,CRIU,precopy,no,297,33290,8039,324,8660,0.03,x86_64,x86_64,True,True,transfer_mode=host;iterations=3;relay_node=edge-host-1,2026-05-01T13:17:28.202872,2_5G,3894.0,297.0,21148.0,0.0,0.0,269.0,5482.0,1115.0,1154.0,287.0,312.0
01-05-2026-host-precopy-0079,CRIU,precopy,no,276,33675,7716,313,8305,0.03,x86_64,x86_64,True,True,transfer_mode=host;iterations=3;relay_node=edge-host-1,2026-05-01T13:18:02.573349,2_5G,4020.0,276.0,21078.0,0.0,0.0,274.0,5204.0,958.0,1217.0,335.0,310.0
01-05-2026-direct-precopy-0070,CRIU,precopy,no,297,33118,3573,286,4156,0.07,x86_64,x86_64,True,True,transfer_mode=direct;iterations=3,2026-05-01T13:18:35.240212,2_5G,3942.0,297.0,19021.0,0.0,0.0,325.0,2439.0,1134.0,0.0,0.0,311.0
01-05-2026-direct-precopy-0071,CRIU,precopy,no,317,33061,3464,343,4124,0.08,x86_64,x86_64,True,True,transfer_mode=direct;iterations=3,2026-05-01T13:19:07.576531,2_5G,3942.0,317.0,19008.0,0.0,0.0,277.0,2374.0,1090.0,0.0,0.0,325.0
01-05-2026-direct-precopy-0072,CRIU,precopy,no,294,33085,3500,304,4098,0.08,x86_64,x86_64,True,True,transfer_mode=direct;iterations=3,2026-05-01T13:19:40.166404,2_5G,4116.0,294.0,18905.0,0.0,0.0,265.0,2388.0,1111.0,0.0,0.0,316.0
01-05-2026-direct-precopy-0073,CRIU,precopy,no,287,33175,3434,310,4031,0.08,x86_64,x86_64,True,True,transfer_mode=direct;iterations=3,2026-05-01T13:20:12.484346,2_5G,3934.0,287.0,18957.0,0.0,0.0,267.0,2293.0,1140.0,0.0,0.0,312.0
01-05-2026-direct-precopy-0074,CRIU,precopy,no,323,33787,3422,325,4070,0.08,x86_64,x86_64,True,True,transfer_mode=direct;iterations=3,2026-05-01T13:20:44.678951,2_5G,3888.0,323.0,18564.0,0.0,0.0,286.0,2344.0,1078.0,0.0,0.0,319.0
01-05-2026-direct-precopy-0075,CRIU,precopy,no,313,33230,3604,310,4227,0.07,x86_64,x86_64,True,True,transfer_mode=direct;iterations=3,2026-05-01T13:21:17.280452,2_5G,3979.0,313.0,19365.0,0.0,0.0,321.0,2467.0,1137.0,0.0,0.0,321.0
01-05-2026-direct-precopy-0076,CRIU,precopy,no,298,33815,3372,296,3966,0.08,x86_64,x86_64,True,True,transfer_mode=direct;iterations=3,2026-05-01T13:21:49.604464,2_5G,3921.0,298.0,18607.0,0.0,0.0,335.0,2363.0,1009.0,0.0,0.0,310.0
01-05-2026-direct-precopy-0077,CRIU,precopy,no,293,33855,3321,322,3936,0.08,x86_64,x86_64,True,True,transfer_mode=direct;iterations=3,2026-05-01T13:22:22.035087,2_5G,3920.0,293.0,18934.0,0.0,0.0,281.0,2234.0,1086.0,0.0,0.0,307.0
01-05-2026-direct-precopy-0078,CRIU,precopy,no,288,33304,3352,359,3999,0.08,x86_64,x86_64,True,True,transfer_mode=direct;iterations=3,2026-05-01T13:22:54.393496,2_5G,3904.0,288.0,18654.0,0.0,0.0,279.0,2278.0,1074.0,0.0,0.0,299.0
01-05-2026-direct-precopy-0079,CRIU,precopy,no,336,33046,3502,342,4180,0.08,x86_64,x86_64,True,True,transfer_mode=direct;iterations=3,2026-05-01T13:23:26.873481,2_5G,3931.0,336.0,19112.0,0.0,0.0,298.0,2344.0,1157.0,0.0,0.0,363.0
01-05-2026-host-postcopy-0070,CRIU,postcopy,no,992,23246,7748,317,9057,0.02,x86_64,x86_64,True,True,transfer_mode=host;lazy_pages_port=9999;relay_node=edge-host-1,2026-05-01T13:24:02.219929,2_5G,0.0,992.0,21782.0,7983.0,3147.0,307.0,5261.0,1118.0,1088.0,280.0,362.0
01-05-2026-host-postcopy-0071,CRIU,postcopy,no,1015,23381,7597,355,8967,0.02,x86_64,x86_64,True,True,transfer_mode=host;lazy_pages_port=9999;relay_node=edge-host-1,2026-05-01T13:24:36.691981,2_5G,0.0,1015.0,20926.0,6843.0,3302.0,329.0,5106.0,1128.0,1098.0,264.0,329.0
01-05-2026-host-postcopy-0072,CRIU,postcopy,no,1058,23309,7808,364,9230,0.02,x86_64,x86_64,True,True,transfer_mode=host;lazy_pages_port=9999;relay_node=edge-host-1,2026-05-01T13:25:11.719335,2_5G,0.0,1058.0,21916.0,8060.0,3253.0,320.0,5371.0,1069.0,1117.0,249.0,272.0
01-05-2026-host-postcopy-0073,CRIU,postcopy,no,981,23326,7522,362,8865,0.02,x86_64,x86_64,True,True,transfer_mode=host;lazy_pages_port=9999;relay_node=edge-host-1,2026-05-01T13:25:46.325711,2_5G,0.0,981.0,20496.0,6749.0,3147.0,333.0,4934.0,1140.0,1167.0,280.0,307.0
01-05-2026-host-postcopy-0074,CRIU,postcopy,no,1030,23307,7608,373,9011,0.02,x86_64,x86_64,True,True,transfer_mode=host;lazy_pages_port=9999;relay_node=edge-host-1,2026-05-01T13:26:20.306438,2_5G,0.0,1030.0,20708.0,7100.0,3041.0,329.0,5135.0,988.0,1210.0,274.0,300.0
01-05-2026-host-postcopy-0075,CRIU,postcopy,no,976,23274,7483,337,8796,0.02,x86_64,x86_64,True,True,transfer_mode=host;lazy_pages_port=9999;relay_node=edge-host-1,2026-05-01T13:26:55.352829,2_5G,0.0,976.0,21735.0,8003.0,3253.0,330.0,4903.0,1176.0,1139.0,263.0,312.0
01-05-2026-host-postcopy-0076,CRIU,postcopy,no,1018,23209,7521,362,8901,0.02,x86_64,x86_64,True,True,transfer_mode=host;lazy_pages_port=9999;relay_node=edge-host-1,2026-05-01T13:27:30.699249,2_5G,0.0,1018.0,22196.0,8206.0,3090.0,317.0,4997.0,1193.0,1080.0,251.0,649.0
01-05-2026-host-postcopy-0077,CRIU,postcopy,no,1010,23298,7678,417,9105,0.02,x86_64,x86_64,True,True,transfer_mode=host;lazy_pages_port=9999;relay_node=edge-host-1,2026-05-01T13:28:04.979073,2_5G,0.0,1010.0,20847.0,6839.0,3196.0,308.0,5059.0,1129.0,1187.0,302.0,324.0
01-05-2026-host-postcopy-0078,CRIU,postcopy,no,1086,23365,8151,377,9614,0.02,x86_64,x86_64,True,True,transfer_mode=host;lazy_pages_port=9999;relay_node=edge-host-1,2026-05-01T13:28:40.867702,2_5G,0.0,1086.0,22413.0,8091.0,3196.0,342.0,5586.0,1143.0,1129.0,291.0,330.0
01-05-2026-host-postcopy-0079,CRIU,postcopy,no,986,23249,7572,369,8927,0.02,x86_64,x86_64,True,True,transfer_mode=host;lazy_pages_port=9999;relay_node=edge-host-1,2026-05-01T13:29:16.397539,2_5G,0.0,986.0,22091.0,8072.0,3196.0,307.0,5002.0,1079.0,1232.0,257.0,318.0
01-05-2026-direct-postcopy-0070,CRIU,postcopy,no,1036,23343,3353,356,4745,0.06,x86_64,x86_64,True,True,transfer_mode=direct;lazy_pages_port=9999,2026-05-01T13:29:49.653552,2_5G,0.0,1036.0,19646.0,8102.0,3147.0,312.0,2247.0,1105.0,0.0,0.0,331.0
01-05-2026-direct-postcopy-0071,CRIU,postcopy,no,1089,23389,3434,340,4863,0.05,x86_64,x86_64,True,True,transfer_mode=direct;lazy_pages_port=9999,2026-05-01T13:30:21.540442,2_5G,0.0,1089.0,18673.0,6863.0,3041.0,318.0,2326.0,1107.0,0.0,0.0,318.0
01-05-2026-direct-postcopy-0072,CRIU,postcopy,no,1078,23419,3424,389,4891,0.05,x86_64,x86_64,True,True,transfer_mode=direct;lazy_pages_port=9999,2026-05-01T13:30:54.823732,2_5G,0.0,1078.0,19638.0,8108.0,3196.0,332.0,2328.0,1095.0,0.0,0.0,323.0
01-05-2026-direct-postcopy-0073,CRIU,postcopy,no,1035,23198,3197,368,4600,0.06,x86_64,x86_64,True,True,transfer_mode=direct;lazy_pages_port=9999,2026-05-01T13:31:28.287327,2_5G,0.0,1035.0,20107.0,8095.0,3196.0,340.0,2170.0,1026.0,0.0,0.0,332.0
01-05-2026-direct-postcopy-0074,CRIU,postcopy,no,1015,23269,3410,362,4787,0.05,x86_64,x86_64,True,True,transfer_mode=direct;lazy_pages_port=9999,2026-05-01T13:32:01.396182,2_5G,0.0,1015.0,19457.0,8052.0,3147.0,316.0,2344.0,1065.0,0.0,0.0,304.0
01-05-2026-direct-postcopy-0075,CRIU,postcopy,no,1018,23353,3533,406,4957,0.05,x86_64,x86_64,True,True,transfer_mode=direct;lazy_pages_port=9999,2026-05-01T13:32:33.876881,2_5G,0.0,1018.0,19119.0,7233.0,3196.0,323.0,2352.0,1181.0,0.0,0.0,299.0
01-05-2026-direct-postcopy-0076,CRIU,postcopy,no,1068,23242,3415,413,4896,0.05,x86_64,x86_64,True,True,transfer_mode=direct;lazy_pages_port=9999,2026-05-01T13:33:07.061011,2_5G,0.0,1068.0,19733.0,8156.0,3196.0,335.0,2276.0,1138.0,0.0,0.0,315.0
01-05-2026-direct-postcopy-0077,CRIU,postcopy,no,1006,23342,3397,353,4756,0.05,x86_64,x86_64,True,True,transfer_mode=direct;lazy_pages_port=9999,2026-05-01T13:33:40.545705,2_5G,0.0,1006.0,20242.0,8014.0,3253.0,312.0,2265.0,1131.0,0.0,0.0,292.0
01-05-2026-direct-postcopy-0078,CRIU,postcopy,no,993,23305,3236,445,4674,0.06,x86_64,x86_64,True,True,transfer_mode=direct;lazy_pages_port=9999,2026-05-01T13:34:11.807432,2_5G,0.0,993.0,18082.0,6852.0,3147.0,323.0,2165.0,1071.0,0.0,0.0,326.0
01-05-2026-direct-postcopy-0079,CRIU,postcopy,no,1031,23514,3434,351,4816,0.05,x86_64,x86_64,True,True,transfer_mode=direct;lazy_pages_port=9999,2026-05-01T13:34:45.505769,2_5G,0.0,1031.0,20203.0,8008.0,3090.0,325.0,2323.0,1111.0,0.0,0.0,327.0
