run_id,migration_method,transfer_mode,source_node,dest_node,src_dt_s,dst_dt_s,src_cpu_util_pct,dst_cpu_util_pct,cpu_util_pct_avg,src_mem_used_pct_before,src_mem_used_pct_after,src_mem_used_pct_delta,dst_mem_used_pct_before,dst_mem_used_pct_after,dst_mem_used_pct_delta,mem_used_pct_after_avg,mem_used_pct_delta_avg,src_disk_read_mb_s,src_disk_write_mb_s,src_disk_total_mb_s,dst_disk_read_mb_s,dst_disk_write_mb_s,dst_disk_total_mb_s,disk_total_mb_s_avg,timestamp
12-04-2026-host-cold-0001,cold,host,edge-node-1,edge-node-2,20.963886,20.968456,4.985618,5.135589,5.060604,19.504222,19.498448,-0.005774,20.026877,19.560205,-0.466672,19.529327,-0.236223,0.000000,0.051800,0.051800,0.000000,0.127610,0.127610,0.089705,2026-04-12T23:00:43+0200
12-04-2026-host-cold-0002,cold,host,edge-node-1,edge-node-2,21.761872,21.748322,5.220605,5.052879,5.136742,19.513380,20.269132,0.755752,21.486621,19.432587,-2.054034,19.850860,-0.649141,0.000000,0.158857,0.158857,0.000000,0.014369,0.014369,0.086613,2026-04-12T23:01:30+0200
12-04-2026-host-cold-0003,cold,host,edge-node-1,edge-node-2,21.490641,21.506052,5.611410,5.728314,5.669862,19.555587,20.159831,0.604243,19.465239,20.258621,0.793382,20.209226,0.698813,0.000000,0.020358,0.020358,0.000000,0.112795,0.112795,0.066576,2026-04-12T23:02:16+0200
12-04-2026-host-cold-0004,cold,host,edge-node-1,edge-node-2,20.620862,20.627007,4.968339,4.914842,4.941590,19.560963,20.713306,1.152343,19.669507,19.133551,-0.535956,19.923428,0.308193,0.000000,0.107787,0.107787,0.000000,0.130480,0.130480,0.119133,2026-04-12T23:03:02+0200
12-04-2026-host-cold-0005,cold,host,edge-node-1,edge-node-2,20.372584,20.394683,5.049261,4.995079,5.022170,20.049335,20.057498,0.008163,19.675281,19.663335,-0.011946,19.860416,-0.001891,0.000000,0.043717,0.043717,0.000000,0.121240,0.121240,0.082479,2026-04-12T23:03:48+0200
12-04-2026-host-cold-0006,cold,host,edge-node-1,edge-node-2,21.056514,21.075786,4.841402,4.886309,4.863855,19.532294,20.197061,0.664767,20.587919,19.139126,-1.448794,19.668093,-0.392013,0.000000,0.051201,0.051201,0.000000,0.014457,0.014457,0.032829,2026-04-12T23:04:34+0200
12-04-2026-host-cold-0007,cold,host,edge-node-1,edge-node-2,21.211554,21.226901,5.680473,5.498933,5.589703,19.520348,20.456478,0.936129,19.131759,20.037429,0.905670,20.246953,0.920900,0.000000,0.109389,0.109389,0.000000,0.120535,0.120535,0.114962,2026-04-12T23:05:20+0200
12-04-2026-host-cold-0008,cold,host,edge-node-1,edge-node-2,20.407026,20.408154,4.852217,5.020921,4.936569,19.520149,20.093135,0.572986,19.796329,19.146293,-0.650036,19.619714,-0.038525,0.000000,0.053597,0.053597,0.000000,0.019332,0.019332,0.036464,2026-04-12T23:06:05+0200
12-04-2026-host-cold-0009,cold,host,edge-node-1,edge-node-2,20.727600,20.747108,4.824242,8.624031,6.724137,19.979056,19.666482,-0.312574,19.345385,19.819423,0.474038,19.742952,0.080732,0.000000,0.048810,0.048810,0.000000,0.113721,0.113721,0.081265,2026-04-12T23:06:52+0200
12-04-2026-host-cold-0010,cold,host,edge-node-1,edge-node-2,21.174612,21.176846,4.752852,4.812320,4.782586,19.605759,19.809628,0.203870,20.996257,19.158039,-1.838218,19.483834,-0.817174,0.000000,0.122124,0.122124,0.000000,0.018077,0.018077,0.070101,2026-04-12T23:07:38+0200
12-04-2026-host-cold-0011,cold,host,edge-node-1,edge-node-2,21.071383,21.084512,5.792610,5.680191,5.736401,19.552601,19.755476,0.202874,19.147687,20.318747,1.171060,20.037111,0.686967,0.000000,0.037632,0.037632,0.000000,0.165628,0.165628,0.101630,2026-04-12T23:08:24+0200
12-04-2026-host-cold-0012,cold,host,edge-node-1,edge-node-2,20.377170,20.394196,5.129470,4.953179,5.041324,19.524330,19.859601,0.335270,19.764872,19.152266,-0.612607,19.505933,-0.138668,0.000000,0.125562,0.125562,0.000000,0.114348,0.114348,0.119955,2026-04-12T23:09:09+0200
12-04-2026-host-cold-0013,cold,host,edge-node-1,edge-node-2,20.620681,20.627522,4.876859,4.825737,4.851298,19.548221,19.520746,-0.027475,19.683643,19.582703,-0.100940,19.551725,-0.064207,0.000000,0.016670,0.016670,0.000000,0.024997,0.024997,0.020834,2026-04-12T23:09:55+0200
12-04-2026-host-cold-0014,cold,host,edge-node-1,edge-node-2,21.096639,21.097628,4.835636,4.906937,4.871287,19.531298,19.672255,0.140957,20.838377,19.162021,-1.676356,19.417138,-0.767699,0.000000,0.131834,0.131834,0.000000,0.123681,0.123681,0.127757,2026-04-12T23:10:41+0200
12-04-2026-host-cold-0015,cold,host,edge-node-1,edge-node-2,20.918846,20.941463,5.779376,5.668989,5.724183,19.519353,19.731385,0.212033,19.567970,20.001394,0.433424,19.866390,0.322728,0.000000,0.048924,0.048924,0.000000,0.020519,0.020519,0.034721,2026-04-12T23:11:27+0200
12-04-2026-host-cold-0016,cold,host,edge-node-1,edge-node-2,20.410677,20.511045,5.054241,5.047782,5.051012,19.531099,20.246436,0.715337,20.172215,19.151071,-1.021144,19.698753,-0.152903,0.000000,0.151192,0.151192,0.000000,0.118267,0.118267,0.134730,2026-04-12T23:12:13+0200
12-04-2026-host-cold-0017,cold,host,edge-node-1,edge-node-2,20.789809,20.823739,4.810249,5.000000,4.905124,19.543642,19.568927,0.025285,19.507247,19.648403,0.141156,19.608665,0.083220,0.000000,0.127203,0.127203,0.000000,0.127184,0.127184,0.127193,2026-04-12T23:12:59+0200
12-04-2026-host-cold-0018,cold,host,edge-node-1,edge-node-2,20.675033,20.683336,4.957473,4.930966,4.944220,19.541054,20.108465,0.567411,20.736641,19.147687,-1.588954,19.628076,-0.510771,0.000000,0.046856,0.046856,0.000000,0.018508,0.018508,0.032682,2026-04-12T23:13:45+0200
12-04-2026-host-cold-0019,cold,host,edge-node-1,edge-node-2,20.929135,20.961257,5.680729,5.656759,5.668744,19.554990,19.508403,-0.046587,19.142112,19.724656,0.582544,19.616529,0.267978,0.000000,0.103959,0.103959,0.000000,0.137158,0.137158,0.120559,2026-04-12T23:14:31+0200
12-04-2026-host-cold-0020,cold,host,edge-node-1,edge-node-2,20.821313,20.834493,5.018094,5.108434,5.063264,19.535877,20.204029,0.668152,19.884726,19.255993,-0.628733,19.730011,0.019709,0.000000,0.026640,0.026640,0.000000,0.145304,0.145304,0.085972,2026-04-12T23:15:16+0200
12-04-2026-host-cold-0021,cold,host,edge-node-1,edge-node-2,20.938783,20.958967,5.208833,5.087593,5.148213,19.539262,20.064665,0.525403,20.204069,19.736203,-0.467867,19.900434,0.028768,0.000000,0.101300,0.101300,0.000000,0.124686,0.124686,0.112993,2026-04-12T23:16:03+0200
12-04-2026-host-cold-0022,cold,host,edge-node-1,edge-node-2,21.157675,21.200257,5.238208,5.242905,5.240557,19.565542,20.226527,0.660985,21.051206,19.143705,-1.907502,19.685116,-0.623259,0.000000,0.147147,0.147147,0.000000,0.125662,0.125662,0.136404,2026-04-12T23:16:49+0200
12-04-2026-host-cold-0023,cold,host,edge-node-1,edge-node-2,21.160175,21.304900,5.710241,5.692017,5.701129,19.557379,20.397347,0.839968,19.875567,19.145895,-0.729673,19.771621,0.055148,0.000000,0.137714,0.137714,0.000000,0.087641,0.087641,0.112678,2026-04-12T23:17:38+0200
12-04-2026-host-cold-0024,cold,host,edge-node-1,edge-node-2,21.590026,21.551031,5.365057,5.411103,5.388080,19.584655,19.517959,-0.066696,19.965955,19.181532,-0.784423,19.349746,-0.425559,0.000000,0.071467,0.071467,0.000000,0.087547,0.087547,0.079507,2026-04-12T23:18:24+0200
12-04-2026-host-cold-0025,cold,host,edge-node-1,edge-node-2,21.363597,21.350139,5.338664,5.912839,5.625751,19.538864,20.171577,0.632714,19.952019,19.127379,-0.824640,19.649478,-0.095963,0.000000,0.046809,0.046809,0.000000,0.216443,0.216443,0.131626,2026-04-12T23:19:12+0200
12-04-2026-host-cold-0026,cold,host,edge-node-1,edge-node-2,21.289095,21.302713,5.518868,5.101796,5.310332,20.810463,20.588077,-0.222385,20.559449,19.180537,-1.378912,19.884307,-0.800649,0.000000,0.152477,0.152477,0.000000,0.108188,0.108188,0.130332,2026-04-12T23:19:59+0200
12-04-2026-host-cold-0027,cold,host,edge-node-1,edge-node-2,21.649892,21.665772,5.701043,5.545244,5.623143,19.556981,19.886876,0.329895,20.131799,19.167596,-0.964203,19.527236,-0.317154,0.000000,0.056654,0.056654,0.000000,0.019652,0.019652,0.038153,2026-04-12T23:20:46+0200
12-04-2026-host-cold-0028,cold,host,edge-node-1,edge-node-2,20.852295,20.872988,8.876594,4.848046,6.862320,19.548022,19.926495,0.378473,19.578124,19.328860,-0.249263,19.627678,0.064605,0.000000,0.144431,0.144431,0.000000,0.074483,0.074483,0.109457,2026-04-12T23:21:32+0200
12-04-2026-host-cold-0029,cold,host,edge-node-1,edge-node-2,21.836100,21.852364,4.973521,5.446927,5.210224,19.585849,19.888469,0.302619,20.343832,19.153261,-1.190571,19.520865,-0.443976,0.000000,0.021646,0.021646,0.000000,0.056487,0.056487,0.039066,2026-04-12T23:22:19+0200
12-04-2026-host-cold-0030,cold,host,edge-node-1,edge-node-2,20.933572,20.961156,5.251799,5.205546,5.228672,19.555388,19.973282,0.417894,20.698415,19.158438,-1.539978,19.565860,-0.561042,0.000000,0.190334,0.190334,0.002982,0.018263,0.021245,0.105789,2026-04-12T23:23:05+0200
12-04-2026-direct-cold-0001,cold,direct,edge-node-1,edge-node-2,19.643949,19.649350,6.840892,6.811780,6.826336,19.537470,19.530900,-0.006570,19.331648,19.180338,-0.151310,19.355619,-0.078940,0.000000,0.023067,0.023067,0.000000,0.087869,0.087869,0.055468,2026-04-12T23:23:51+0200
12-04-2026-direct-cold-0002,cold,direct,edge-node-1,edge-node-2,19.561901,19.597852,6.618779,6.331710,6.475244,19.538266,20.003146,0.464879,19.670303,19.251812,-0.418492,19.627479,0.023194,0.000000,0.121809,0.121809,0.000000,0.019533,0.019533,0.070671,2026-04-12T23:24:36+0200
12-04-2026-direct-cold-0003,cold,direct,edge-node-1,edge-node-2,19.336910,19.304559,6.197917,5.974433,6.086175,19.571913,19.521344,-0.050569,19.813252,19.126384,-0.686868,19.323864,-0.368719,0.000000,0.027271,0.027271,0.000000,0.096925,0.096925,0.062098,2026-04-12T23:25:21+0200
12-04-2026-direct-cold-0004,cold,direct,edge-node-1,edge-node-2,19.539878,19.567437,6.169666,6.546216,6.357941,19.851239,20.065660,0.214422,21.090826,19.681054,-1.409771,19.873357,-0.597675,0.000000,0.136540,0.136540,0.000000,0.090033,0.090033,0.113286,2026-04-12T23:26:06+0200
12-04-2026-direct-cold-0005,cold,direct,edge-node-1,edge-node-2,19.568881,19.576044,6.884151,6.634096,6.759124,19.537868,20.425817,0.887949,20.620371,19.596241,-1.024130,20.011029,-0.068090,0.000000,0.028944,0.028944,0.000000,0.019555,0.019555,0.024250,2026-04-12T23:26:51+0200
12-04-2026-direct-cold-0006,cold,direct,edge-node-1,edge-node-2,19.280059,19.267491,6.150639,6.165099,6.157869,19.581868,19.525325,-0.056542,19.260572,19.169985,-0.090587,19.347655,-0.073564,0.000000,0.161882,0.161882,0.000000,0.111709,0.111709,0.136795,2026-04-12T23:27:35+0200
12-04-2026-direct-cold-0007,cold,direct,edge-node-1,edge-node-2,19.110217,19.102725,6.291129,6.166008,6.228569,19.558375,20.248427,0.690052,21.045831,19.354742,-1.691089,19.801585,-0.500518,0.000000,0.105065,0.105065,0.000000,0.123714,0.123714,0.114390,2026-04-12T23:28:20+0200
12-04-2026-direct-cold-0008,cold,direct,edge-node-1,edge-node-2,19.508194,19.487683,6.683871,6.744186,6.714029,19.574302,19.519552,-0.054750,19.672693,19.191885,-0.480808,19.355718,-0.267779,0.000000,0.018422,0.018422,0.000000,0.104834,0.104834,0.061628,2026-04-12T23:29:05+0200
12-04-2026-direct-cold-0009,cold,direct,edge-node-1,edge-node-2,19.396073,19.408948,6.044099,6.284082,6.164090,19.732779,20.580711,0.847932,19.671896,19.140121,-0.531775,19.860416,0.158078,0.000000,0.167157,0.167157,0.000000,0.096806,0.096806,0.131982,2026-04-12T23:29:49+0200
12-04-2026-direct-cold-0010,cold,direct,edge-node-1,edge-node-2,19.287397,19.363361,6.319896,6.597403,6.458649,19.545832,20.249024,0.703192,20.022099,19.238074,-0.784025,19.743549,-0.040416,0.000000,0.050430,0.050430,0.000000,0.025015,0.025015,0.037722,2026-04-12T23:30:34+0200
12-04-2026-direct-cold-0011,cold,direct,edge-node-1,edge-node-2,19.701607,19.693711,6.235625,6.417251,6.326438,20.116031,19.512185,-0.603845,20.492952,19.162419,-1.330533,19.337302,-0.967189,0.000000,0.026767,0.026767,0.000000,0.108101,0.108101,0.067434,2026-04-12T23:31:20+0200
12-04-2026-direct-cold-0012,cold,direct,edge-node-1,edge-node-2,19.585573,19.862089,6.507977,6.811851,6.659914,19.583261,21.845740,2.262479,20.240503,20.444374,0.203870,21.145057,1.233174,0.000000,0.139811,0.139811,0.000000,0.110528,0.110528,0.125169,2026-04-12T23:32:04+0200
12-04-2026-direct-cold-0013,cold,direct,edge-node-1,edge-node-2,19.000416,19.012810,5.905720,6.273160,6.089440,19.570718,20.163016,0.592298,19.889106,19.135940,-0.753166,19.649478,-0.080434,0.000000,0.054070,0.054070,0.000000,0.019929,0.019929,0.036999,2026-04-12T23:32:48+0200
12-04-2026-direct-cold-0014,cold,direct,edge-node-1,edge-node-2,19.038813,19.056448,6.126221,6.311064,6.218643,19.811221,20.404714,0.593492,20.790993,19.164609,-1.626384,19.784662,-0.516446,0.000000,0.036931,0.036931,0.000000,0.154967,0.154967,0.095949,2026-04-12T23:33:33+0200
12-04-2026-direct-cold-0015,cold,direct,edge-node-1,edge-node-2,20.069739,20.086149,6.688377,6.965673,6.827025,19.540656,20.247033,0.706378,19.653978,19.145696,-0.508282,19.696364,0.099048,0.000000,0.144224,0.144224,0.000000,0.015169,0.015169,0.079696,2026-04-12T23:34:18+0200
12-04-2026-direct-cold-0016,cold,direct,edge-node-1,edge-node-2,19.186647,19.180109,6.132075,6.596583,6.364329,19.545434,19.514375,-0.031058,19.840726,19.178546,-0.662180,19.346461,-0.346619,0.000000,0.125616,0.125616,0.000000,0.117920,0.117920,0.121768,2026-04-12T23:35:02+0200
12-04-2026-direct-cold-0017,cold,direct,edge-node-1,edge-node-2,19.099564,19.113758,5.973684,6.705233,6.339458,19.555787,20.342995,0.787209,20.118062,19.722266,-0.395795,20.032631,0.195707,0.000000,0.042745,0.042745,0.000000,0.020232,0.020232,0.031489,2026-04-12T23:35:47+0200
12-04-2026-direct-cold-0018,cold,direct,edge-node-1,edge-node-2,19.889012,19.749095,9.187547,6.426535,7.807041,21.046187,19.531497,-1.514690,21.046826,19.194871,-1.851955,19.363184,-1.683323,0.000000,0.085239,0.085239,0.000000,0.110962,0.110962,0.098101,2026-04-12T23:36:32+0200
12-04-2026-direct-cold-0019,cold,direct,edge-node-1,edge-node-2,20.004084,19.979845,6.742138,6.930444,6.836291,20.055507,20.880543,0.825036,19.939277,19.784582,-0.154695,20.332563,0.335171,0.000000,0.016793,0.016793,0.000000,0.112418,0.112418,0.064606,2026-04-12T23:37:17+0200
12-04-2026-direct-cold-0020,cold,direct,edge-node-1,edge-node-2,19.186480,19.198255,6.236897,6.420335,6.328616,19.524529,20.262164,0.737635,19.934897,19.185912,-0.748985,19.724038,-0.005675,0.000000,0.083881,0.083881,0.000000,0.022992,0.022992,0.053436,2026-04-12T23:38:02+0200
12-04-2026-direct-cold-0021,cold,direct,edge-node-1,edge-node-2,19.125265,19.132978,6.074152,6.471981,6.273067,19.562954,19.519950,-0.043004,20.888548,19.167596,-1.720952,19.343773,-0.881978,0.000000,0.026756,0.026756,0.000000,0.089015,0.089015,0.057886,2026-04-12T23:38:47+0200
12-04-2026-direct-cold-0022,cold,direct,edge-node-1,edge-node-2,19.952511,19.967802,6.500378,6.945143,6.722761,19.562157,20.026439,0.464282,19.675878,19.946643,0.270765,19.986541,0.367524,0.000000,0.085359,0.085359,0.000000,0.045581,0.045581,0.065470,2026-04-12T23:39:32+0200
12-04-2026-direct-cold-0023,cold,direct,edge-node-1,edge-node-2,19.092849,19.100926,6.269758,6.483922,6.376840,19.521145,19.670862,0.149717,20.245879,19.261766,-0.984112,19.466314,-0.417198,0.000000,0.056877,0.056877,0.000000,0.154811,0.154811,0.105844,2026-04-12T23:40:16+0200
12-04-2026-direct-cold-0024,cold,direct,edge-node-1,edge-node-2,19.178321,19.193416,6.310553,6.505771,6.408162,19.555388,20.189097,0.633709,19.262762,19.167397,-0.095365,19.678247,0.269172,0.000000,0.130356,0.130356,0.000000,0.116821,0.116821,0.123588,2026-04-12T23:41:01+0200
12-04-2026-direct-cold-0025,cold,direct,edge-node-1,edge-node-2,20.011512,20.017055,5.904523,6.481245,6.192884,19.691169,20.082384,0.391215,20.668950,19.169189,-1.499761,19.625786,-0.554273,0.000000,0.056803,0.056803,0.000000,0.119625,0.119625,0.088214,2026-04-12T23:41:47+0200
12-04-2026-direct-cold-0026,cold,direct,edge-node-1,edge-node-2,19.992571,20.155478,6.587880,7.010978,6.799429,20.239069,20.665723,0.426654,19.811858,19.985267,0.173409,20.325495,0.300031,0.000000,0.019734,0.019734,0.000000,0.017443,0.017443,0.018588,2026-04-12T23:42:32+0200
12-04-2026-direct-cold-0027,cold,direct,edge-node-1,edge-node-2,19.272466,19.278166,6.315240,6.311946,6.313593,19.538864,20.298001,0.759137,19.517401,19.737995,0.220594,20.017998,0.489865,0.000000,0.156473,0.156473,0.000000,0.130694,0.130694,0.143583,2026-04-12T23:43:16+0200
12-04-2026-direct-cold-0028,cold,direct,edge-node-1,edge-node-2,19.104552,19.114411,6.294443,6.524599,6.409521,19.548022,19.559569,0.011547,20.375090,19.557219,-0.817871,19.558394,-0.403162,0.000000,0.044983,0.044983,0.000000,0.084810,0.084810,0.064896,2026-04-12T23:44:01+0200
12-04-2026-direct-cold-0029,cold,direct,edge-node-1,edge-node-2,20.072611,20.074713,6.795386,6.941650,6.868518,19.561162,20.023254,0.462092,19.679860,19.463845,-0.216015,19.743549,0.123038,0.000000,0.060912,0.060912,0.000000,0.023156,0.023156,0.042034,2026-04-12T23:44:46+0200
12-04-2026-direct-cold-0030,cold,direct,edge-node-1,edge-node-2,19.330755,19.356920,6.261367,6.290616,6.275991,19.545832,20.271720,0.725888,19.887115,19.471211,-0.415903,19.871466,0.154993,0.000000,0.137208,0.137208,0.000000,0.128144,0.128144,0.132676,2026-04-12T23:45:31+0200
12-04-2026-host-precopy-0000,precopy,host,edge-node-1,edge-node-2,24.873496,24.883211,5.232323,4.439064,4.835693,19.708490,19.652147,-0.056343,19.913594,19.475193,-0.438401,19.563670,-0.247372,0.000000,0.120139,0.120139,0.000000,0.108162,0.108162,0.114150,2026-04-12T23:46:22+0200
12-04-2026-host-precopy-0001,precopy,host,edge-node-1,edge-node-2,25.359700,25.384250,5.247525,4.449278,4.848401,20.295611,19.697938,-0.597673,20.709763,19.460659,-1.249104,19.579299,-0.923389,0.000000,0.125383,0.125383,0.000000,0.102487,0.102487,0.113935,2026-04-12T23:47:13+0200
12-04-2026-host-precopy-0002,precopy,host,edge-node-1,edge-node-2,25.730611,25.750104,5.860520,4.991226,5.425873,19.566537,20.406904,0.840366,20.056542,19.518993,-0.537549,19.962949,0.151409,0.000000,0.105207,0.105207,0.000000,0.111498,0.111498,0.108352,2026-04-12T23:48:04+0200
12-04-2026-host-precopy-0003,precopy,host,edge-node-1,edge-node-2,25.640816,25.661554,5.953780,4.897160,5.425470,19.536475,19.967508,0.431034,20.864458,19.188102,-1.676356,19.577805,-0.622661,0.000000,0.129341,0.129341,0.000000,0.096661,0.096661,0.113001,2026-04-12T23:48:54+0200
12-04-2026-host-precopy-0004,precopy,host,edge-node-1,edge-node-2,25.103054,25.383871,5.944125,4.946577,5.445351,19.544836,21.580151,2.035315,19.681054,20.427053,0.745998,21.003602,1.390657,0.000000,0.105658,0.105658,0.000000,0.027084,0.027084,0.066371,2026-04-12T23:49:45+0200
12-04-2026-host-precopy-0005,precopy,host,edge-node-1,edge-node-2,24.869004,24.889136,5.374823,4.399596,4.887210,19.621487,19.966314,0.344827,20.281715,19.788962,-0.492753,19.877638,-0.073963,0.000000,0.119061,0.119061,0.000000,0.117082,0.117082,0.118072,2026-04-12T23:50:35+0200
12-04-2026-host-precopy-0006,precopy,host,edge-node-1,edge-node-2,25.624357,25.634884,8.388867,4.448364,6.418615,19.535479,20.119614,0.584135,19.706140,20.347217,0.641077,20.233416,0.612606,0.000000,0.140400,0.140400,0.000000,0.030781,0.030781,0.085590,2026-04-12T23:51:26+0200
12-04-2026-host-precopy-0007,precopy,host,edge-node-1,edge-node-2,25.766627,25.702920,5.904131,4.426003,5.165067,19.549814,20.354144,0.804331,21.406586,19.445130,-1.961456,19.899637,-0.578563,0.000000,0.142202,0.142202,0.000000,0.114743,0.114743,0.128472,2026-04-12T23:52:17+0200
12-04-2026-host-precopy-0008,precopy,host,edge-node-1,edge-node-2,26.000676,26.002232,5.702687,4.870506,5.286597,19.566139,20.088954,0.522815,20.014932,20.023891,0.008959,20.056423,0.265887,0.000000,0.139119,0.139119,0.000000,0.026440,0.026440,0.082780,2026-04-12T23:53:08+0200
12-04-2026-host-precopy-0009,precopy,host,edge-node-1,edge-node-2,25.363406,25.674118,5.929550,5.223005,5.576277,19.567533,21.655806,2.088273,19.678466,20.217409,0.538942,20.936607,1.313608,0.000000,0.156629,0.156629,0.000000,0.070140,0.070140,0.113385,2026-04-12T23:53:59+0200
12-04-2026-host-precopy-0010,precopy,host,edge-node-1,edge-node-2,24.981497,24.983843,5.515298,4.366197,4.940748,19.573307,20.269331,0.696025,19.875567,19.173768,-0.701800,19.721549,-0.002888,0.000000,0.123529,0.123529,0.000000,0.128677,0.128677,0.126103,2026-04-12T23:54:49+0200
12-04-2026-host-precopy-0011,precopy,host,edge-node-1,edge-node-2,25.213089,25.218745,5.301973,4.523715,4.912844,19.542846,20.647805,1.104959,20.035040,19.166799,-0.868241,19.907302,0.118359,0.000000,0.139901,0.139901,0.000000,0.179833,0.179833,0.159867,2026-04-12T23:55:40+0200
12-04-2026-host-precopy-0012,precopy,host,edge-node-1,edge-node-2,26.023423,26.032971,5.723125,4.176425,4.949775,19.570121,20.067452,0.497331,20.837780,19.178745,-1.659035,19.623099,-0.580852,0.000000,0.106124,0.106124,0.000000,0.062271,0.062271,0.084198,2026-04-12T23:56:31+0200
12-04-2026-host-precopy-0013,precopy,host,edge-node-1,edge-node-2,25.720669,25.751728,5.724893,4.779555,5.252224,19.564347,20.349366,0.785019,19.534323,19.148682,-0.385641,19.749024,0.199689,0.000000,0.149290,0.149290,0.000000,0.068715,0.068715,0.109003,2026-04-12T23:57:22+0200
12-04-2026-host-precopy-0014,precopy,host,edge-node-1,edge-node-2,25.092335,25.372677,5.744849,4.875149,5.309999,19.535280,21.818265,2.282985,19.836744,20.364339,0.527594,21.091302,1.405290,0.003269,0.228220,0.231489,0.000000,0.070357,0.070357,0.150923,2026-04-12T23:58:13+0200
12-04-2026-host-precopy-0015,precopy,host,edge-node-1,edge-node-2,25.038524,25.051552,5.353920,4.334738,4.844329,19.535280,20.226527,0.691247,20.199689,19.171976,-1.027714,19.699251,-0.168234,0.000000,0.130268,0.130268,0.000000,0.085137,0.085137,0.107702,2026-04-12T23:59:03+0200
12-04-2026-host-precopy-0016,precopy,host,edge-node-1,edge-node-2,25.136648,25.151139,5.377849,4.318273,4.848061,19.688780,20.567770,0.878990,20.398582,19.200446,-1.198136,19.884108,-0.159573,0.000000,0.119192,0.119192,0.000000,0.091634,0.091634,0.105413,2026-04-12T23:59:54+0200
12-04-2026-host-precopy-0017,precopy,host,edge-node-1,edge-node-2,25.912199,25.921208,5.640628,4.254068,4.947348,19.628057,20.037589,0.409532,21.587362,19.184519,-2.402843,19.611054,-0.996656,0.000000,0.161603,0.161603,0.000000,0.096295,0.096295,0.128949,2026-04-13T00:00:45+0200
12-04-2026-host-precopy-0018,precopy,host,edge-node-1,edge-node-2,26.042717,26.049532,5.633803,4.945904,5.289853,19.577288,20.356733,0.779444,20.448555,19.177152,-1.271402,19.766942,-0.245979,0.000000,0.133345,0.133345,0.000000,0.048735,0.048735,0.091040,2026-04-13T00:01:36+0200
12-04-2026-host-precopy-0019,precopy,host,edge-node-1,edge-node-2,25.064329,25.391231,5.736894,4.751534,5.244214,19.571316,21.348608,1.777292,19.773632,19.892490,0.118858,20.620549,0.948075,0.000000,0.155537,0.155537,0.000000,0.080767,0.080767,0.118152,2026-04-13T00:02:26+0200
12-04-2026-host-precopy-0020,precopy,host,edge-node-1,edge-node-2,24.842157,24.869820,5.360032,4.181818,4.770925,19.572112,20.112049,0.539937,19.857450,19.168790,-0.688660,19.640420,-0.074361,0.000000,0.225801,0.225801,0.000000,0.102879,0.102879,0.164340,2026-04-13T00:03:17+0200
12-04-2026-host-precopy-0021,precopy,host,edge-node-1,edge-node-2,25.248515,25.261813,5.233831,4.096242,4.665036,19.556185,19.699332,0.143147,20.514852,19.192482,-1.322370,19.445907,-0.589612,0.000000,0.156569,0.156569,0.000000,0.080872,0.080872,0.118720,2026-04-13T00:04:07+0200
12-04-2026-host-precopy-0022,precopy,host,edge-node-1,edge-node-2,25.674086,25.675041,5.691375,4.213650,4.952512,19.563949,19.571117,0.007167,20.622561,19.213188,-1.409373,19.392152,-0.701103,0.000000,0.124305,0.124305,0.000000,0.079875,0.079875,0.102090,2026-04-13T00:04:58+0200
12-04-2026-host-precopy-0023,precopy,host,edge-node-1,edge-node-2,25.618650,25.617985,5.709241,4.532078,5.120659,19.566537,19.564347,-0.002190,20.325117,19.183523,-1.141594,19.373935,-0.571892,0.000000,0.174433,0.174433,0.000000,0.075173,0.075173,0.124803,2026-04-13T00:05:49+0200
12-04-2026-host-precopy-0024,precopy,host,edge-node-1,edge-node-2,25.316409,25.621181,8.664968,5.338287,7.001627,19.560963,21.015726,1.454763,19.698176,20.740424,1.042247,20.878075,1.248505,0.000000,0.132387,0.132387,0.000000,0.089800,0.089800,0.111093,2026-04-13T00:06:39+0200
12-04-2026-host-precopy-0025,precopy,host,edge-node-1,edge-node-2,25.179884,25.156969,5.432395,4.092633,4.762514,19.579279,19.562755,-0.016525,19.761687,19.209604,-0.552083,19.386179,-0.284304,0.000000,0.197796,0.197796,0.000000,0.088973,0.088973,0.143384,2026-04-13T00:07:31+0200
12-04-2026-host-precopy-0026,precopy,host,edge-node-1,edge-node-2,25.473592,25.488147,5.181245,4.415533,4.798389,19.567533,19.581270,0.013737,20.314167,19.198057,-1.116111,19.389664,-0.551187,0.000000,0.093387,0.093387,0.000000,0.081533,0.081533,0.087460,2026-04-13T00:08:22+0200
12-04-2026-host-precopy-0027,precopy,host,edge-node-1,edge-node-2,25.353950,25.375171,5.785615,4.054589,4.920102,19.560963,19.549416,-0.011547,20.350203,19.198256,-1.151947,19.373836,-0.581747,0.000000,0.100761,0.100761,0.000000,0.085898,0.085898,0.093330,2026-04-13T00:09:13+0200
12-04-2026-host-precopy-0028,precopy,host,edge-node-1,edge-node-2,26.126769,26.141480,5.671986,4.594387,5.133186,19.605161,19.631640,0.026479,19.560803,19.174365,-0.386438,19.403003,-0.179979,0.000000,0.079241,0.079241,0.000000,0.088013,0.088013,0.083627,2026-04-13T00:10:04+0200
12-04-2026-host-precopy-0029,precopy,host,edge-node-1,edge-node-2,25.059173,25.440298,5.827736,4.728132,5.277934,19.567732,21.046984,1.479252,19.695986,19.166401,-0.529585,20.106692,0.474833,0.000000,0.105064,0.105064,0.000000,0.095813,0.095813,0.100438,2026-04-13T00:10:55+0200
12-04-2026-direct-precopy-0000,precopy,direct,edge-node-1,edge-node-2,23.269065,23.287510,6.303972,5.719163,6.011568,19.599985,19.595008,-0.004977,19.971729,20.515649,0.543920,20.055328,0.269471,0.000000,0.095352,0.095352,0.000000,0.029355,0.029355,0.062353,2026-04-13T00:11:44+0200
12-04-2026-direct-precopy-0001,precopy,direct,edge-node-1,edge-node-2,24.131335,24.136755,6.375000,5.290564,5.832782,19.613324,19.584655,-0.028669,19.839731,19.201043,-0.638688,19.392849,-0.333678,0.000000,0.114445,0.114445,0.000000,0.087393,0.087393,0.100919,2026-04-13T00:12:34+0200
12-04-2026-direct-precopy-0002,precopy,direct,edge-node-1,edge-node-2,23.880378,23.885249,6.610526,5.151388,5.880957,19.707694,19.929880,0.222186,19.752927,19.690810,-0.062117,19.810345,0.080035,0.000000,0.124481,0.124481,0.000000,0.029928,0.029928,0.077205,2026-04-13T00:13:23+0200
12-04-2026-direct-precopy-0003,precopy,direct,edge-node-1,edge-node-2,24.301929,24.300318,6.938691,4.982206,5.960449,19.540058,20.747948,1.207890,21.169268,19.217767,-1.951501,19.982857,-0.371806,0.000000,0.101426,0.101426,0.000000,0.092270,0.092270,0.096848,2026-04-13T00:14:12+0200
12-04-2026-direct-precopy-0004,precopy,direct,edge-node-1,edge-node-2,23.694866,23.715475,6.179656,5.648758,5.914207,19.562755,20.227323,0.664568,20.156686,19.291630,-0.865055,19.759477,-0.100244,0.000000,0.060502,0.060502,0.000000,0.094545,0.094545,0.077524,2026-04-13T00:15:01+0200
12-04-2026-direct-precopy-0005,precopy,direct,edge-node-1,edge-node-2,23.341450,23.375362,6.267499,5.144210,5.705855,19.569723,19.548221,-0.021502,19.460858,19.166998,-0.293860,19.357610,-0.157681,0.000000,0.138401,0.138401,0.000000,0.107284,0.107284,0.122842,2026-04-13T00:15:50+0200
12-04-2026-direct-precopy-0006,precopy,direct,edge-node-1,edge-node-2,23.599818,23.593400,6.184688,5.137497,5.661092,19.626265,19.578682,-0.047583,20.885363,19.487537,-1.397826,19.533109,-0.722704,0.000000,0.036083,0.036083,0.000000,0.100829,0.100829,0.068456,2026-04-13T00:16:40+0200
12-04-2026-direct-precopy-0007,precopy,direct,edge-node-1,edge-node-2,24.396391,24.415803,6.599299,5.191827,5.895563,19.602175,19.568927,-0.033248,21.251493,19.453492,-1.798001,19.511209,-0.915625,0.000000,0.101193,0.101193,0.000000,0.103993,0.103993,0.102593,2026-04-13T00:17:30+0200
12-04-2026-direct-precopy-0008,precopy,direct,edge-node-1,edge-node-2,24.216172,24.245787,6.643139,5.679934,6.161536,19.573904,20.223938,0.650035,20.268177,19.997611,-0.270566,20.110775,0.189734,0.000000,0.136789,0.136789,0.000000,0.099566,0.099566,0.118178,2026-04-13T00:18:19+0200
12-04-2026-direct-precopy-0009,precopy,direct,edge-node-1,edge-node-2,23.319588,23.316564,6.081518,5.029139,5.555329,19.948794,20.023254,0.074460,20.188540,19.472804,-0.715736,19.748029,-0.320638,0.000000,0.115246,0.115246,0.000000,0.030323,0.030323,0.072785,2026-04-13T00:19:07+0200
12-04-2026-direct-precopy-0010,precopy,direct,edge-node-1,edge-node-2,23.357890,23.363179,6.267499,5.059203,5.663351,19.572510,20.294417,0.721907,20.386836,19.519192,-0.867644,19.906805,-0.072868,0.000000,0.110877,0.110877,0.000000,0.095971,0.095971,0.103424,2026-04-13T00:19:56+0200
12-04-2026-direct-precopy-0011,precopy,direct,edge-node-1,edge-node-2,23.900159,23.923604,5.954134,4.998936,5.476535,19.586447,19.560366,-0.026081,21.008004,19.692801,-1.315203,19.626583,-0.670642,0.000000,0.138107,0.138107,0.000000,0.105969,0.105969,0.122038,2026-04-13T00:20:46+0200
12-04-2026-direct-precopy-0012,precopy,direct,edge-node-1,edge-node-2,24.203606,24.213976,9.721645,5.540569,7.631107,19.562556,19.596202,0.033647,20.272159,19.307358,-0.964801,19.451780,-0.465577,0.000000,0.119430,0.119430,0.000000,0.106150,0.106150,0.112790,2026-04-13T00:21:35+0200
12-04-2026-direct-precopy-0013,precopy,direct,edge-node-1,edge-node-2,23.663180,23.682101,6.648258,4.942724,5.795491,19.575297,20.220355,0.645057,20.238114,19.196663,-1.041451,19.708509,-0.198197,0.000000,0.122322,0.122322,0.000000,0.112328,0.112328,0.117325,2026-04-13T00:22:24+0200
12-04-2026-direct-precopy-0014,precopy,direct,edge-node-1,edge-node-2,23.247186,23.248636,6.250000,5.124324,5.687162,20.098112,19.925898,-0.172214,19.940870,19.172971,-0.767898,19.549435,-0.470056,0.000000,0.058139,0.058139,0.000000,0.107701,0.107701,0.082920,2026-04-13T00:23:13+0200
12-04-2026-direct-precopy-0015,precopy,direct,edge-node-1,edge-node-2,23.607579,23.639352,6.260647,5.269951,5.765299,19.547823,20.062077,0.514254,21.700446,19.181134,-2.519312,19.621605,-1.002529,0.000000,0.111855,0.111855,0.000000,0.131369,0.131369,0.121612,2026-04-13T00:24:02+0200
12-04-2026-direct-precopy-0016,precopy,direct,edge-node-1,edge-node-2,24.124740,24.124554,6.188789,5.694618,5.941704,19.593614,19.875130,0.281516,19.850084,19.330453,-0.519630,19.602791,-0.119057,0.000000,0.058938,0.058938,0.000000,0.132613,0.132613,0.095776,2026-04-13T00:24:51+0200
12-04-2026-direct-precopy-0017,precopy,direct,edge-node-1,edge-node-2,23.897180,23.917012,6.726929,5.093664,5.910297,19.596003,19.548619,-0.047384,19.371267,19.181134,-0.190133,19.364877,-0.118758,0.000000,0.106249,0.106249,0.000000,0.057164,0.057164,0.081707,2026-04-13T00:25:40+0200
12-04-2026-direct-precopy-0018,precopy,direct,edge-node-1,edge-node-2,23.541718,23.563293,6.747811,5.161015,5.954413,19.588438,19.903202,0.314764,19.742375,19.627100,-0.115274,19.765151,0.099745,0.000000,0.034513,0.034513,0.000000,0.110573,0.110573,0.072543,2026-04-13T00:26:29+0200
12-04-2026-direct-precopy-0019,precopy,direct,edge-node-1,edge-node-2,23.565716,23.577247,6.039266,4.964386,5.501826,19.878713,20.202636,0.323922,21.122681,19.206419,-1.916262,19.704527,-0.796170,0.000000,0.139073,0.139073,0.000000,0.023195,0.023195,0.081134,2026-04-13T00:27:18+0200
12-04-2026-direct-precopy-0020,precopy,direct,edge-node-1,edge-node-2,23.778316,23.786475,6.370370,5.643627,6.006999,19.570917,19.879510,0.308592,19.843514,19.234292,-0.609222,19.556901,-0.150315,0.000000,0.028584,0.028584,0.000000,0.113477,0.113477,0.071031,2026-04-13T00:28:07+0200
12-04-2026-direct-precopy-0021,precopy,direct,edge-node-1,edge-node-2,23.803306,23.804361,6.160034,4.922882,5.541458,19.591424,20.504459,0.913035,20.506291,19.194075,-1.312216,19.849267,-0.199591,0.000000,0.117828,0.117828,0.000000,0.057434,0.057434,0.087631,2026-04-13T00:28:56+0200
12-04-2026-direct-precopy-0022,precopy,direct,edge-node-1,edge-node-2,24.048634,24.060652,6.733584,5.012531,5.873058,19.596998,19.576293,-0.020706,19.294816,19.182926,-0.111890,19.379609,-0.066298,0.000000,0.033623,0.033623,0.000000,0.129068,0.129068,0.081346,2026-04-13T00:29:45+0200
12-04-2026-direct-precopy-0023,precopy,direct,edge-node-1,edge-node-2,24.053451,24.065269,6.672244,5.033841,5.853043,19.555787,19.741340,0.185554,21.245720,19.928128,-1.317592,19.834734,-0.566019,0.000000,0.162561,0.162561,0.000000,0.031328,0.031328,0.096944,2026-04-13T00:30:35+0200
12-04-2026-direct-precopy-0024,precopy,direct,edge-node-1,edge-node-2,23.447646,23.461901,6.023580,5.571031,5.797305,19.580474,20.272716,0.692242,19.831170,19.216174,-0.614996,19.744445,0.038623,0.000000,0.033152,0.033152,0.000000,0.119043,0.119043,0.076098,2026-04-13T00:31:23+0200
12-04-2026-direct-precopy-0025,precopy,direct,edge-node-1,edge-node-2,23.325964,23.344729,6.340306,5.011831,5.676068,20.134546,20.296806,0.162260,20.092379,19.175360,-0.917018,19.736083,-0.377379,0.000000,0.137655,0.137655,0.000000,0.041498,0.041498,0.089576,2026-04-13T00:32:12+0200
12-04-2026-direct-precopy-0026,precopy,direct,edge-node-1,edge-node-2,23.452724,23.488092,6.300900,4.921892,5.611396,19.561759,19.687585,0.125826,20.013538,19.319702,-0.693836,19.503644,-0.284005,0.000000,0.064292,0.064292,0.000000,0.149012,0.149012,0.106652,2026-04-13T00:33:01+0200
12-04-2026-direct-precopy-0027,precopy,direct,edge-node-1,edge-node-2,24.039083,24.046623,6.546748,5.118443,5.832595,19.602772,19.548221,-0.054551,20.882177,19.214183,-1.667994,19.381202,-0.861273,0.000000,0.176145,0.176145,0.000000,0.088857,0.088857,0.132501,2026-04-13T00:33:50+0200
12-04-2026-direct-precopy-0028,precopy,direct,edge-node-1,edge-node-2,23.758565,23.773518,6.747039,5.519137,6.133088,19.573705,19.835311,0.261607,20.077845,19.233495,-0.844350,19.534403,-0.291372,0.000000,0.064615,0.064615,0.000000,0.102037,0.102037,0.083326,2026-04-13T00:34:39+0200
12-04-2026-direct-precopy-0029,precopy,direct,edge-node-1,edge-node-2,23.235107,23.231788,6.208090,5.127650,5.667870,20.248028,19.740345,-0.507684,20.227562,19.196663,-1.030899,19.468504,-0.769292,0.000000,0.146599,0.146599,0.000000,0.027239,0.027239,0.086919,2026-04-13T00:35:27+0200
12-04-2026-host-postcopy-0000,postcopy,host,edge-node-1,edge-node-2,22.569857,22.705670,5.911111,5.464726,5.687918,19.579279,20.732220,1.152940,20.474038,19.202437,-1.271601,19.967328,-0.059331,0.000000,0.050538,0.050538,0.001548,0.064859,0.066407,0.058472,2026-04-13T00:36:16+0200
12-04-2026-host-postcopy-0001,postcopy,host,edge-node-1,edge-node-2,23.180162,23.174119,5.248319,8.683227,6.965773,19.621288,19.570917,-0.050370,21.099984,19.191089,-1.908895,19.381003,-0.979633,0.000000,0.111221,0.111221,0.000000,0.013316,0.013316,0.062269,2026-04-13T00:37:04+0200
12-04-2026-host-postcopy-0002,postcopy,host,edge-node-1,edge-node-2,23.149752,23.174848,5.793014,5.757115,5.775064,19.557977,19.566139,0.008163,19.787569,19.216971,-0.570598,19.391555,-0.281218,0.000000,0.020249,0.020249,0.000000,0.064388,0.064388,0.042318,2026-04-13T00:37:52+0200
12-04-2026-host-postcopy-0003,postcopy,host,edge-node-1,edge-node-2,22.697122,22.710025,6.061947,5.270151,5.666049,20.015290,20.495898,0.480607,19.387393,19.174962,-0.212431,19.835430,0.134088,0.000000,0.219260,0.219260,0.000000,0.017545,0.017545,0.118402,2026-04-13T00:38:40+0200
12-04-2026-host-postcopy-0004,postcopy,host,edge-node-1,edge-node-2,22.837861,22.638106,5.899377,5.419813,5.659595,19.574899,19.865772,0.290873,19.699570,19.192482,-0.507088,19.529127,-0.108107,0.000000,0.091850,0.091850,0.000000,0.073507,0.073507,0.082679,2026-04-13T00:39:30+0200
12-04-2026-host-postcopy-0005,postcopy,host,edge-node-1,edge-node-2,23.363310,23.432043,5.107296,5.437147,5.272221,19.582664,19.587442,0.004778,20.657800,19.194672,-1.463128,19.391057,-0.729175,0.000000,0.069052,0.069052,0.000000,0.067016,0.067016,0.068034,2026-04-13T00:40:18+0200
12-04-2026-host-postcopy-0006,postcopy,host,edge-node-1,edge-node-2,23.401714,23.409329,5.905089,5.670103,5.787596,19.601777,19.561759,-0.040017,20.094569,19.165207,-0.929362,19.363483,-0.484690,0.000000,0.087133,0.087133,0.000000,0.075424,0.075424,0.081279,2026-04-13T00:41:07+0200
12-04-2026-host-postcopy-0007,postcopy,host,edge-node-1,edge-node-2,22.867114,22.883523,5.957353,5.295539,5.626446,20.459265,21.312572,0.853307,20.181771,19.219360,-0.962411,20.265966,-0.054552,0.000000,0.019816,0.019816,0.000000,0.104981,0.104981,0.062398,2026-04-13T00:41:54+0200
12-04-2026-host-postcopy-0008,postcopy,host,edge-node-1,edge-node-2,22.356106,22.398024,5.349517,5.341113,5.345315,19.597994,19.552800,-0.045194,20.261209,19.203831,-1.057378,19.378315,-0.551286,0.000000,0.089636,0.089636,0.000000,0.104990,0.104990,0.097313,2026-04-13T00:42:42+0200
12-04-2026-host-postcopy-0009,postcopy,host,edge-node-1,edge-node-2,23.059336,23.059004,5.166776,5.241044,5.203910,19.582465,19.906984,0.324520,20.993669,19.693597,-1.300072,19.800291,-0.487776,0.000000,0.043875,0.043875,0.000000,0.082330,0.082330,0.063102,2026-04-13T00:43:30+0200
12-04-2026-host-postcopy-0010,postcopy,host,edge-node-1,edge-node-2,23.528041,23.553458,5.738055,5.705128,5.721591,19.603369,19.803457,0.200087,20.264992,19.231305,-1.033686,19.517381,-0.416800,0.000000,0.077202,0.077202,0.000000,0.052739,0.052739,0.064970,2026-04-13T00:44:19+0200
12-04-2026-host-postcopy-0011,postcopy,host,edge-node-1,edge-node-2,22.759532,22.762042,6.132804,5.239885,5.686344,19.580872,20.650393,1.069521,19.668910,19.213984,-0.454926,19.932189,0.307298,0.000000,0.041706,0.041706,0.000000,0.080486,0.080486,0.061096,2026-04-13T00:45:07+0200
12-04-2026-host-postcopy-0012,postcopy,host,edge-node-1,edge-node-2,22.564930,22.566972,5.697752,5.480062,5.588907,19.551008,19.538067,-0.012941,19.899060,19.201840,-0.697221,19.369953,-0.355081,0.000000,0.047433,0.047433,0.000000,0.085336,0.085336,0.066384,2026-04-13T00:45:55+0200
12-04-2026-host-postcopy-0013,postcopy,host,edge-node-1,edge-node-2,22.978113,22.973657,5.232049,5.144124,5.188087,19.570320,19.562954,-0.007366,20.960022,19.191288,-1.768735,19.377121,-0.888050,0.000000,0.093839,0.093839,0.000000,0.081105,0.081105,0.087472,2026-04-13T00:46:43+0200
12-04-2026-host-postcopy-0014,postcopy,host,edge-node-1,edge-node-2,23.285399,23.306650,5.911543,5.780846,5.846194,20.146890,19.742335,-0.404554,19.444931,19.215975,-0.228956,19.479155,-0.316755,0.000000,0.037242,0.037242,0.000000,0.010727,0.010727,0.023984,2026-04-13T00:47:31+0200
12-04-2026-host-postcopy-0015,postcopy,host,edge-node-1,edge-node-2,22.776268,22.798026,6.368444,5.228326,5.798385,19.569524,21.180972,1.611449,20.176595,19.189098,-0.987497,20.185035,0.311976,0.000000,0.050423,0.050423,0.000000,0.093038,0.093038,0.071731,2026-04-13T00:48:19+0200
12-04-2026-host-postcopy-0016,postcopy,host,edge-node-1,edge-node-2,22.673893,22.730736,5.621957,5.835544,5.728750,19.624274,19.568528,-0.055746,20.055746,19.657960,-0.397786,19.613244,-0.226766,0.000000,0.075286,0.075286,0.000000,0.040213,0.040213,0.057749,2026-04-13T00:49:07+0200
12-04-2026-host-postcopy-0017,postcopy,host,edge-node-1,edge-node-2,22.933906,22.953574,5.765015,5.186170,5.475593,19.672255,19.839293,0.167038,20.695628,19.217170,-1.478458,19.528231,-0.655710,0.002896,0.104751,0.107646,0.000000,0.092919,0.092919,0.100282,2026-04-13T00:49:56+0200
12-04-2026-host-postcopy-0018,postcopy,host,edge-node-1,edge-node-2,23.247962,23.233196,6.110509,5.738415,5.924462,19.578085,20.032412,0.454327,19.976507,19.240065,-0.736442,19.636239,-0.141057,0.000000,0.047215,0.047215,0.000000,0.013787,0.013787,0.030501,2026-04-13T00:50:44+0200
12-04-2026-host-postcopy-0019,postcopy,host,edge-node-1,edge-node-2,22.761727,22.783965,9.618354,5.257345,7.437850,19.555587,20.374850,0.819263,19.884527,19.418452,-0.466075,19.896651,0.176594,0.000000,0.092500,0.092500,0.000000,0.107155,0.107155,0.099827,2026-04-13T00:51:31+0200
12-04-2026-host-postcopy-0020,postcopy,host,edge-node-1,edge-node-2,22.481120,22.495434,5.270210,5.162011,5.216111,19.557777,20.091144,0.533367,19.735805,19.191487,-0.544318,19.641316,-0.005476,0.000000,0.017723,0.017723,0.000000,0.011634,0.011634,0.014679,2026-04-13T00:52:19+0200
12-04-2026-host-postcopy-0021,postcopy,host,edge-node-1,edge-node-2,23.215561,23.235878,5.041108,5.312843,5.176975,20.670302,19.631640,-1.038662,20.633113,19.195270,-1.437843,19.413455,-1.238253,0.000000,0.123166,0.123166,0.000000,0.092630,0.092630,0.107898,2026-04-13T00:53:07+0200
12-04-2026-host-postcopy-0022,postcopy,host,edge-node-1,edge-node-2,23.315179,23.341039,6.011635,5.689655,5.850645,19.554393,20.179342,0.624949,19.714701,19.195668,-0.519033,19.687505,0.052958,0.000000,0.075393,0.075393,0.000000,0.069118,0.069118,0.072256,2026-04-13T00:53:56+0200
12-04-2026-host-postcopy-0023,postcopy,host,edge-node-1,edge-node-2,22.527824,22.540463,6.053161,5.494751,5.773956,19.618899,20.445328,0.826430,19.835152,19.190292,-0.644859,19.817810,0.090785,0.000000,0.159525,0.159525,0.002946,0.096354,0.099301,0.129413,2026-04-13T00:54:43+0200
12-04-2026-host-postcopy-0024,postcopy,host,edge-node-1,edge-node-2,22.464432,22.467284,5.372733,5.195969,5.284351,19.586845,19.705703,0.118858,19.939277,19.223939,-0.715338,19.464821,-0.298240,0.000000,0.112678,0.112678,0.000000,0.018777,0.018777,0.065728,2026-04-13T00:55:31+0200
12-04-2026-host-postcopy-0025,postcopy,host,edge-node-1,edge-node-2,22.840418,22.843907,5.416116,5.151650,5.283883,19.698137,19.543045,-0.155092,20.717130,19.210002,-1.507127,19.376524,-0.831110,0.000000,0.050452,0.050452,0.000000,0.106531,0.106531,0.078492,2026-04-13T00:56:19+0200
12-04-2026-host-postcopy-0026,postcopy,host,edge-node-1,edge-node-2,23.080896,23.078691,5.790161,5.553136,5.671648,19.594410,19.543244,-0.051167,20.279724,19.208211,-1.071514,19.375727,-0.561340,0.000000,0.096129,0.096129,0.000000,0.086322,0.086322,0.091225,2026-04-13T00:57:06+0200
12-04-2026-host-postcopy-0027,postcopy,host,edge-node-1,edge-node-2,22.774923,22.788907,5.847308,5.140084,5.493696,19.570320,20.432587,0.862266,19.897866,19.233893,-0.663972,19.833240,0.099147,0.000000,0.045452,0.045452,0.000000,0.022798,0.022798,0.034125,2026-04-13T00:57:54+0200
12-04-2026-host-postcopy-0028,postcopy,host,edge-node-1,edge-node-2,22.454850,22.384217,5.347953,5.259609,5.303781,19.596003,19.582266,-0.013737,20.424464,19.191487,-1.232978,19.386876,-0.623357,0.000000,0.151345,0.151345,0.000000,0.104182,0.104182,0.127764,2026-04-13T00:58:41+0200
12-04-2026-host-postcopy-0029,postcopy,host,edge-node-1,edge-node-2,22.888221,22.889610,5.228471,5.157848,5.193159,19.565542,19.561958,-0.003584,21.051406,19.202835,-1.848571,19.382397,-0.926077,0.000000,0.123392,0.123392,0.000000,0.018943,0.018943,0.071167,2026-04-13T00:59:29+0200
12-04-2026-direct-postcopy-0000,postcopy,direct,edge-node-1,edge-node-2,21.739161,21.755390,6.754569,6.729880,6.742224,19.567334,19.720834,0.153500,20.232540,19.199849,-1.032691,19.460341,-0.439596,0.000000,0.044922,0.044922,0.000000,0.113478,0.113478,0.079200,2026-04-13T01:00:16+0200
12-04-2026-direct-postcopy-0001,postcopy,direct,edge-node-1,edge-node-2,21.145214,21.151088,6.949072,6.230678,6.589875,19.574501,20.712510,1.138008,19.411882,19.346580,-0.065302,20.029545,0.536353,0.000000,0.154992,0.154992,0.000000,0.021423,0.021423,0.088208,2026-04-13T01:01:01+0200
12-04-2026-direct-postcopy-0002,postcopy,direct,edge-node-1,edge-node-2,21.056316,21.069249,6.430791,6.610979,6.520885,19.570519,19.554791,-0.015728,19.775822,19.261169,-0.514653,19.407980,-0.265191,0.000000,0.023189,0.023189,0.000000,0.121808,0.121808,0.072499,2026-04-13T01:01:48+0200
12-04-2026-direct-postcopy-0003,postcopy,direct,edge-node-1,edge-node-2,21.505738,21.525399,6.264610,6.214421,6.239515,19.601179,20.189296,0.588117,21.447400,19.333440,-2.113960,19.761368,-0.762922,0.000000,0.152031,0.152031,0.000000,0.021958,0.021958,0.086994,2026-04-13T01:02:34+0200
12-04-2026-direct-postcopy-0004,postcopy,direct,edge-node-1,edge-node-2,21.829781,21.837730,6.848052,6.619004,6.733528,19.567732,19.593216,0.025484,19.999204,19.299196,-0.700008,19.446206,-0.337262,0.000000,0.105396,0.105396,0.000000,0.114839,0.114839,0.110117,2026-04-13T01:03:21+0200
12-04-2026-direct-postcopy-0005,postcopy,direct,edge-node-1,edge-node-2,20.830292,20.849450,6.443050,6.299783,6.371416,20.408696,19.629450,-0.779245,19.764673,19.193876,-0.570797,19.411663,-0.675021,0.000000,0.016877,0.016877,0.000000,0.050586,0.050586,0.033732,2026-04-13T01:04:07+0200
12-04-2026-direct-postcopy-0006,postcopy,direct,edge-node-1,edge-node-2,21.045899,21.056388,6.617296,6.523297,6.570297,19.614917,20.367284,0.752368,19.890698,19.216373,-0.674325,19.791829,0.039021,0.000000,0.160921,0.160921,0.000000,0.128932,0.128932,0.144926,2026-04-13T01:04:54+0200
12-04-2026-direct-postcopy-0007,postcopy,direct,edge-node-1,edge-node-2,21.515399,21.523864,6.239776,6.301824,6.270800,19.556981,19.670065,0.113084,21.506729,19.227124,-2.279605,19.448595,-1.083260,0.000000,0.143974,0.143974,0.000000,0.021052,0.021052,0.082513,2026-04-13T01:05:41+0200
12-04-2026-direct-postcopy-0008,postcopy,direct,edge-node-1,edge-node-2,22.031687,22.032711,10.175679,6.806761,8.491220,19.586248,19.572311,-0.013936,19.578920,19.206817,-0.372103,19.389564,-0.193020,0.000000,0.159571,0.159571,0.000000,0.120559,0.120559,0.140065,2026-04-13T01:06:28+0200
12-04-2026-direct-postcopy-0009,postcopy,direct,edge-node-1,edge-node-2,20.951821,20.959542,6.549904,6.426859,6.488381,19.696146,20.253802,0.557656,21.440830,19.195070,-2.245759,19.724436,-0.844052,0.000000,0.131440,0.131440,0.000000,0.018078,0.018078,0.074759,2026-04-13T01:07:14+0200
12-04-2026-direct-postcopy-0010,postcopy,direct,edge-node-1,edge-node-2,20.977760,20.991548,6.471716,6.369732,6.420724,19.608944,19.544438,-0.064506,19.763279,19.363303,-0.399976,19.453871,-0.232241,0.000000,0.146733,0.146733,0.000000,0.130075,0.130075,0.138404,2026-04-13T01:08:00+0200
12-04-2026-direct-postcopy-0011,postcopy,direct,edge-node-1,edge-node-2,21.420694,21.441589,6.154569,6.254459,6.204514,19.554592,19.564347,0.009755,21.359401,19.215577,-2.143824,19.389962,-1.067034,0.000000,0.146252,0.146252,0.000000,0.017489,0.017489,0.081871,2026-04-13T01:08:47+0200
12-04-2026-direct-postcopy-0012,postcopy,direct,edge-node-1,edge-node-2,21.888626,21.900492,7.100184,6.847426,6.973805,19.593813,19.782751,0.188938,19.734411,19.201242,-0.533169,19.491997,-0.172115,0.000000,0.164362,0.164362,0.000000,0.103451,0.103451,0.133906,2026-04-13T01:09:33+0200
12-04-2026-direct-postcopy-0013,postcopy,direct,edge-node-1,edge-node-2,21.077085,21.088644,6.513958,6.443914,6.478936,19.628256,19.767819,0.139563,19.947639,19.204826,-0.742813,19.486323,-0.301625,0.000000,0.014641,0.014641,0.000000,0.111508,0.111508,0.063075,2026-04-13T01:10:19+0200
12-04-2026-direct-postcopy-0014,postcopy,direct,edge-node-1,edge-node-2,21.112216,21.115149,6.558550,6.460072,6.509311,19.582266,19.752688,0.170423,19.955204,19.225332,-0.729872,19.489010,-0.279725,0.000000,0.162265,0.162265,0.000000,0.014800,0.014800,0.088533,2026-04-13T01:11:07+0200
12-04-2026-direct-postcopy-0015,postcopy,direct,edge-node-1,edge-node-2,21.563074,21.575854,6.292240,6.230751,6.261495,19.710282,19.690373,-0.019909,20.551286,19.222744,-1.328542,19.456558,-0.674226,0.000000,0.109055,0.109055,0.000000,0.132346,0.132346,0.120700,2026-04-13T01:11:54+0200
12-04-2026-direct-postcopy-0016,postcopy,direct,edge-node-1,edge-node-2,21.883595,21.891956,6.871983,7.034483,6.953233,19.567931,19.548619,-0.019312,19.627698,19.211197,-0.416501,19.379908,-0.217906,0.000000,0.014459,0.014459,0.000000,0.091001,0.091001,0.052730,2026-04-13T01:12:41+0200
12-04-2026-direct-postcopy-0017,postcopy,direct,edge-node-1,edge-node-2,21.126880,21.135488,6.826832,6.431634,6.629233,19.599985,19.572709,-0.027276,19.993828,19.254201,-0.739627,19.413455,-0.383451,0.000000,0.103726,0.103726,0.000000,0.104608,0.104608,0.104167,2026-04-13T01:13:27+0200
12-04-2026-direct-postcopy-0018,postcopy,direct,edge-node-1,edge-node-2,21.043100,21.048371,6.429254,6.291866,6.360560,19.589234,19.685196,0.095962,19.742972,19.201242,-0.541730,19.443219,-0.222884,0.000000,0.085947,0.085947,0.000000,0.016146,0.016146,0.051046,2026-04-13T01:14:14+0200
12-04-2026-direct-postcopy-0019,postcopy,direct,edge-node-1,edge-node-2,22.026193,22.037482,6.318431,6.250000,6.284215,20.056303,20.258979,0.202675,20.683882,19.238672,-1.445210,19.748825,-0.621267,0.000000,0.021104,0.021104,0.000000,0.084019,0.084019,0.052561,2026-04-13T01:15:01+0200
12-04-2026-direct-postcopy-0020,postcopy,direct,edge-node-1,edge-node-2,22.132012,22.150164,7.687059,6.712173,7.199616,19.608944,19.663097,0.054153,20.039022,19.251015,-0.788007,19.457056,-0.366927,0.021886,0.100780,0.122666,0.000000,0.092585,0.092585,0.107626,2026-04-13T01:15:48+0200
12-04-2026-direct-postcopy-0021,postcopy,direct,edge-node-1,edge-node-2,20.893867,20.893415,6.307174,6.405008,6.356091,19.564945,19.763041,0.198096,19.520785,19.199650,-0.321136,19.481345,-0.061520,0.000000,0.021687,0.021687,0.000000,0.020005,0.020005,0.020846,2026-04-13T01:16:34+0200
12-04-2026-direct-postcopy-0022,postcopy,direct,edge-node-1,edge-node-2,20.896858,20.939169,6.553048,6.461686,6.507367,19.582465,19.560764,-0.021701,19.496695,19.296010,-0.200685,19.428387,-0.111193,0.000000,0.085988,0.085988,0.000000,0.088799,0.088799,0.087393,2026-04-13T01:17:20+0200
12-04-2026-direct-postcopy-0023,postcopy,direct,edge-node-1,edge-node-2,21.780468,21.773320,6.234126,6.349578,6.291852,19.588836,19.846261,0.257426,21.646293,19.225332,-2.420960,19.535797,-1.081767,0.000000,0.020087,0.020087,0.000000,0.082526,0.082526,0.051307,2026-04-13T01:18:08+0200
12-04-2026-direct-postcopy-0024,postcopy,direct,edge-node-1,edge-node-2,21.878269,21.890185,7.123162,6.940933,7.032047,19.575098,19.563949,-0.011149,20.259616,19.306960,-0.952656,19.435455,-0.481903,0.000000,0.179973,0.179973,0.000000,0.121166,0.121166,0.150569,2026-04-13T01:18:54+0200
12-04-2026-direct-postcopy-0025,postcopy,direct,edge-node-1,edge-node-2,21.158299,21.163648,7.064700,6.198053,6.631377,19.605958,20.536712,0.930754,19.872382,19.227124,-0.645258,19.881918,0.142748,0.000000,0.021047,0.021047,0.000000,0.095425,0.095425,0.058236,2026-04-13T01:19:40+0200
12-04-2026-direct-postcopy-0026,postcopy,direct,edge-node-1,edge-node-2,20.978207,20.998104,6.700168,6.299401,6.499784,19.603170,19.698137,0.094967,19.650394,19.225332,-0.425062,19.461735,-0.165047,0.000000,0.118613,0.118613,0.000000,0.120361,0.120361,0.119487,2026-04-13T01:20:27+0200
12-04-2026-direct-postcopy-0027,postcopy,direct,edge-node-1,edge-node-2,21.973278,22.087299,6.534608,6.578947,6.556778,19.582863,19.540456,-0.042407,21.157721,19.214980,-1.942741,19.377718,-0.992574,0.000000,0.047110,0.047110,0.000000,0.116194,0.116194,0.081652,2026-04-13T01:21:14+0200
12-04-2026-direct-postcopy-0028,postcopy,direct,edge-node-1,edge-node-2,21.948164,21.949944,6.898923,10.206422,8.552672,20.012503,19.868560,-0.143943,19.552242,19.238672,-0.313570,19.553616,-0.228757,0.000000,0.095395,0.095395,0.000000,0.096099,0.096099,0.095747,2026-04-13T01:22:02+0200
12-04-2026-direct-postcopy-0029,postcopy,direct,edge-node-1,edge-node-2,21.272142,21.281095,7.255968,6.929991,7.092979,19.603768,20.742373,1.138606,19.700366,20.239906,0.539540,20.491140,0.839073,0.000000,0.140662,0.140662,0.000000,0.111785,0.111785,0.126224,2026-04-13T01:22:48+0200
22-04-2026-host-cold-0000,cold,host,edge-node-1,edge-node-2,21.116443,21.132439,4.948846,5.278174,5.113510,19.450467,20.068249,0.617782,21.542523,21.081427,-0.461096,20.574838,0.078343,0.002960,0.056791,0.059751,0.002958,0.170428,0.173386,0.116568,2026-04-22T18:25:08+0200
22-04-2026-host-cold-0001,cold,host,edge-node-1,edge-node-2,21.795105,21.804537,4.769585,5.945822,5.357704,19.451263,19.431155,-0.020108,22.608261,22.776693,0.168432,21.103924,0.074162,0.000000,0.053409,0.053409,0.000000,0.082767,0.082767,0.068088,2026-04-22T18:25:52+0200
22-04-2026-host-cold-0002,cold,host,edge-node-1,edge-node-2,22.118024,22.005522,8.857597,5.580970,7.219283,20.623715,20.050928,-0.572787,21.812491,21.078838,-0.733653,20.564883,-0.653220,0.000000,0.227826,0.227826,0.000000,0.047928,0.047928,0.137877,2026-04-22T18:26:36+0200
22-04-2026-host-cold-0003,cold,host,edge-node-1,edge-node-2,21.056739,21.066108,4.865252,5.038204,4.951728,19.453652,20.133153,0.679500,21.802139,21.101734,-0.700405,20.617443,-0.010452,0.000000,0.052685,0.052685,0.000000,0.021324,0.021324,0.037005,2026-04-22T18:27:18+0200
22-04-2026-host-cold-0004,cold,host,edge-node-1,edge-node-2,21.093332,21.085502,4.930919,5.034598,4.982759,19.445490,19.893844,0.448355,21.777053,21.076250,-0.700803,20.485047,-0.126224,0.000000,0.062964,0.062964,0.000000,0.155246,0.155246,0.109105,2026-04-22T18:28:01+0200
22-04-2026-host-cold-0005,cold,host,edge-node-1,edge-node-2,21.901797,21.902915,5.435780,5.806748,5.621264,19.444494,19.674047,0.229553,21.064902,21.879386,0.814484,20.776717,0.522019,0.000000,0.230254,0.230254,0.000000,0.151592,0.151592,0.190923,2026-04-22T18:28:45+0200
22-04-2026-host-cold-0006,cold,host,edge-node-1,edge-node-2,21.503115,21.743020,5.606830,5.596670,5.601750,19.458829,20.982677,1.523848,22.059564,21.725289,-0.334275,21.353983,0.594787,0.000000,0.040510,0.040510,0.000000,0.019582,0.019582,0.030046,2026-04-22T18:29:28+0200
22-04-2026-host-cold-0007,cold,host,edge-node-1,edge-node-2,21.077301,21.070786,4.960649,5.103744,5.032197,19.444693,19.869356,0.424663,21.614992,21.176592,-0.438400,20.522974,-0.006869,0.000000,0.058750,0.058750,0.000000,0.140523,0.140523,0.099636,2026-04-22T18:30:10+0200
22-04-2026-host-cold-0008,cold,host,edge-node-1,edge-node-2,21.623621,21.623087,4.740878,4.923439,4.832159,20.023055,20.189097,0.166043,22.855334,21.106313,-1.749021,20.647705,-0.791489,0.000000,0.233938,0.233938,0.000000,0.014813,0.014813,0.124376,2026-04-22T18:30:53+0200
22-04-2026-host-cold-0009,cold,host,edge-node-1,edge-node-2,21.364315,21.648021,5.496289,5.712959,5.604624,19.453254,20.963166,1.509912,21.922191,21.449547,-0.472644,21.206357,0.518634,0.000000,0.059606,0.059606,0.000000,0.135513,0.135513,0.097560,2026-04-22T18:31:36+0200
22-04-2026-host-cold-0010,cold,host,edge-node-1,edge-node-2,21.316528,21.317016,4.809052,5.027142,4.918097,19.444693,19.452856,0.008163,21.552876,21.111688,-0.441187,20.282272,-0.216512,0.000000,0.059190,0.059190,0.000000,0.155026,0.155026,0.107108,2026-04-22T18:32:19+0200
22-04-2026-host-cold-0011,cold,host,edge-node-1,edge-node-2,21.629767,21.625301,4.735376,5.038851,4.887113,20.472803,20.266544,-0.206259,23.129881,21.393005,-1.736876,20.829775,-0.971568,0.000000,0.228996,0.228996,0.000000,0.148481,0.148481,0.188738,2026-04-22T18:33:02+0200
22-04-2026-host-cold-0012,cold,host,edge-node-1,edge-node-2,21.330821,21.604612,5.417345,5.702980,5.560162,19.455643,21.857486,2.401843,21.737633,22.105754,0.368121,21.981620,1.384982,0.000000,0.064644,0.064644,0.000000,0.217872,0.217872,0.141258,2026-04-22T18:33:45+0200
22-04-2026-host-cold-0013,cold,host,edge-node-1,edge-node-2,20.904475,20.897486,4.950733,5.122655,5.036694,19.461815,20.167197,0.705382,21.778049,21.084015,-0.694034,20.625606,0.005674,0.000000,0.188170,0.188170,0.000000,0.052526,0.052526,0.120348,2026-04-22T18:34:27+0200
22-04-2026-host-cold-0014,cold,host,edge-node-1,edge-node-2,21.639407,21.625309,4.899002,5.042413,4.970707,20.171179,19.482322,-0.688857,22.653654,21.122439,-1.531215,20.302381,-1.110036,0.000000,0.228172,0.228172,0.000000,0.174672,0.174672,0.201422,2026-04-22T18:35:11+0200
22-04-2026-host-cold-0015,cold,host,edge-node-1,edge-node-2,21.288667,21.555506,5.683671,5.600933,5.642302,19.445091,21.725488,2.280397,21.642666,22.197336,0.554670,21.961412,1.417533,0.000000,0.052478,0.052478,0.000000,0.180856,0.180856,0.116667,2026-04-22T18:35:53+0200
22-04-2026-host-cold-0016,cold,host,edge-node-1,edge-node-2,21.032955,21.016096,5.526316,5.168701,5.347508,20.253006,20.581905,0.328900,21.633309,21.141751,-0.491558,20.861828,-0.081329,0.000000,0.065559,0.065559,0.000000,0.057248,0.057248,0.061404,2026-04-22T18:36:36+0200
22-04-2026-host-cold-0017,cold,host,edge-node-1,edge-node-2,21.858863,21.870071,4.755341,4.982538,4.868939,19.752887,20.314923,0.562036,23.018788,21.148520,-1.870268,20.731722,-0.654116,0.000000,0.221592,0.221592,0.000000,0.049475,0.049475,0.135534,2026-04-22T18:37:19+0200
22-04-2026-host-cold-0018,cold,host,edge-node-1,edge-node-2,21.305545,21.581200,5.355064,5.634459,5.494761,19.739349,21.270166,1.530816,22.166078,21.946082,-0.219996,21.608124,0.655410,0.000000,0.058303,0.058303,0.000000,0.187519,0.187519,0.122911,2026-04-22T18:38:02+0200
22-04-2026-host-cold-0019,cold,host,edge-node-1,edge-node-2,21.152422,21.142461,4.872831,5.066603,4.969717,19.732182,19.730987,-0.001195,21.097951,21.138168,0.040217,20.434577,0.019511,0.000000,0.050969,0.050969,0.000000,0.178292,0.178292,0.114631,2026-04-22T18:38:45+0200
22-04-2026-direct-cold-0000,cold,direct,edge-node-1,edge-node-2,20.011544,20.018323,5.973896,6.218145,6.096020,20.667117,19.734770,-0.932347,22.937957,21.117263,-1.820694,20.426017,-1.376520,0.000000,0.182707,0.182707,0.000000,0.014830,0.014830,0.098769,2026-04-22T18:39:26+0200
22-04-2026-direct-cold-0001,cold,direct,edge-node-1,edge-node-2,19.407147,19.686775,6.768838,6.945143,6.856991,19.734173,21.265387,1.531215,21.441185,23.016001,1.574816,22.140694,1.553015,0.000000,0.242139,0.242139,0.000000,0.024803,0.024803,0.133471,2026-04-22T18:40:07+0200
22-04-2026-direct-cold-0002,cold,direct,edge-node-1,edge-node-2,19.778463,19.769023,5.849440,6.219730,6.034585,20.278888,19.721431,-0.557457,21.834989,21.524804,-0.310185,20.623117,-0.433821,0.000000,0.066558,0.066558,0.000000,0.155902,0.155902,0.111230,2026-04-22T18:40:48+0200
22-04-2026-direct-cold-0003,cold,direct,edge-node-1,edge-node-2,21.289367,21.290908,9.035150,5.919003,7.477076,20.014494,20.281675,0.267181,22.525837,21.223777,-1.302060,20.752726,-0.517439,0.000000,0.055963,0.055963,0.000000,0.013760,0.013760,0.034861,2026-04-22T18:41:31+0200
22-04-2026-direct-cold-0004,cold,direct,edge-node-1,edge-node-2,19.717934,19.912822,6.609701,6.722264,6.665983,19.435933,21.417095,1.981162,21.636096,22.166078,0.529982,21.791587,1.255572,0.000000,0.258529,0.258529,0.000000,0.158896,0.158896,0.208712,2026-04-22T18:42:13+0200
22-04-2026-direct-cold-0005,cold,direct,edge-node-1,edge-node-2,19.398228,19.397078,5.989111,6.384635,6.186873,19.463607,19.983834,0.520227,21.837378,21.123435,-0.713943,20.553634,-0.096858,0.000000,0.241646,0.241646,0.000000,0.161711,0.161711,0.201678,2026-04-22T18:42:54+0200
22-04-2026-direct-cold-0006,cold,direct,edge-node-1,edge-node-2,20.143410,20.134948,5.819181,6.189751,6.004466,19.508204,20.510033,1.001830,22.744440,21.128611,-1.615829,20.819322,-0.306999,0.000000,0.056431,0.056431,0.000000,0.115626,0.115626,0.086029,2026-04-22T18:43:36+0200
22-04-2026-direct-cold-0007,cold,direct,edge-node-1,edge-node-2,19.272602,19.554646,6.635802,7.021546,6.828674,19.482521,20.983274,1.500754,21.750574,22.626378,0.875805,21.804826,1.188279,0.000000,0.319430,0.319430,0.000000,0.023172,0.023172,0.171301,2026-04-22T18:44:17+0200
22-04-2026-direct-cold-0008,cold,direct,edge-node-1,edge-node-2,19.392921,19.391316,6.022845,6.279190,6.151018,19.458829,19.902206,0.443377,21.702394,21.103924,-0.598470,20.503065,-0.077546,0.000000,0.059622,0.059622,0.000000,0.186335,0.186335,0.122979,2026-04-22T18:44:58+0200
22-04-2026-direct-cold-0009,cold,direct,edge-node-1,edge-node-2,19.906923,19.907562,5.882353,6.105695,5.994024,19.455245,20.141913,0.686667,23.291743,21.128611,-2.163132,20.635262,-0.738232,0.000000,0.061811,0.061811,0.000000,0.167375,0.167375,0.114593,2026-04-22T18:45:39+0200
22-04-2026-direct-cold-0010,cold,direct,edge-node-1,edge-node-2,19.535565,19.800237,6.654813,6.791980,6.723397,19.445091,21.408335,1.963244,21.849323,22.561275,0.711952,21.984805,1.337598,0.000000,0.235948,0.235948,0.000000,0.025450,0.025450,0.130699,2026-04-22T18:46:20+0200
22-04-2026-direct-cold-0011,cold,direct,edge-node-1,edge-node-2,19.660267,19.664954,5.904908,6.115660,6.010284,19.431155,20.574340,1.143185,21.999239,21.136376,-0.862864,20.855358,0.140161,0.000000,0.251936,0.251936,0.000000,0.015097,0.015097,0.133516,2026-04-22T18:47:01+0200
22-04-2026-direct-cold-0012,cold,direct,edge-node-1,edge-node-2,20.030046,20.029186,5.750879,6.277001,6.013940,19.885682,19.929681,0.043999,23.132271,21.127019,-2.005252,20.528350,-0.980626,0.000000,0.053240,0.053240,0.000000,0.182546,0.182546,0.117893,2026-04-22T18:47:43+0200
22-04-2026-direct-cold-0013,cold,direct,edge-node-1,edge-node-2,19.472460,19.748040,6.724401,6.827309,6.775855,19.458232,21.588115,2.129883,21.676313,22.729906,1.053594,22.159011,1.591738,0.000000,0.235709,0.235709,0.000000,0.179409,0.179409,0.207559,2026-04-22T18:48:25+0200
22-04-2026-direct-cold-0014,cold,direct,edge-node-1,edge-node-2,19.340442,19.324508,6.035380,6.380208,6.207794,19.485706,20.009317,0.523611,21.678304,21.123236,-0.555068,20.566277,-0.015728,0.000000,0.349010,0.349010,0.000000,0.021427,0.021427,0.185218,2026-04-22T18:49:06+0200
22-04-2026-direct-cold-0015,cold,direct,edge-node-1,edge-node-2,20.208296,19.971411,5.741627,6.121926,5.931777,20.277494,19.418811,-0.858683,22.796403,21.146530,-1.649873,20.282670,-1.254278,0.000000,0.020296,0.020296,0.000000,0.204785,0.204785,0.112541,2026-04-22T18:49:48+0200
22-04-2026-direct-cold-0016,cold,direct,edge-node-1,edge-node-2,19.408201,19.695957,6.591722,6.923464,6.757593,19.460621,21.277731,1.817110,22.094206,22.841198,0.746992,22.059465,1.282051,0.000000,0.025762,0.025762,0.000000,0.213400,0.213400,0.119581,2026-04-22T18:50:29+0200
22-04-2026-direct-cold-0017,cold,direct,edge-node-1,edge-node-2,19.337865,19.346797,5.899168,6.375228,6.137198,19.442702,19.437327,-0.005375,21.629128,21.581346,-0.047782,20.509336,-0.026579,0.000000,0.141602,0.141602,0.000000,0.021604,0.021604,0.081603,2026-04-22T18:51:10+0200
22-04-2026-direct-cold-0018,cold,direct,edge-node-1,edge-node-2,20.150311,20.152813,5.682951,6.256332,5.969642,19.788326,19.469381,-0.318945,23.823318,21.151905,-2.671413,20.310643,-1.495179,0.000000,0.121547,0.121547,0.000000,0.190343,0.190343,0.155945,2026-04-22T18:51:51+0200
22-04-2026-direct-cold-0019,cold,direct,edge-node-1,edge-node-2,19.607183,19.891869,6.551986,6.829511,6.690749,19.444295,20.939275,1.494980,22.175635,22.482037,0.306402,21.710656,0.900691,0.000000,0.017731,0.017731,0.000000,0.172613,0.172613,0.095172,2026-04-22T18:52:33+0200
22-04-2026-host-precopy-0000,precopy,host,edge-node-1,edge-node-2,25.290478,25.310899,5.105284,4.306410,4.705847,19.431752,20.536114,1.104362,21.580151,21.148122,-0.432029,20.842118,0.336166,0.000000,0.122483,0.122483,0.000000,0.027008,0.027008,0.074745,2026-04-22T18:53:19+0200
22-04-2026-host-precopy-0001,precopy,host,edge-node-1,edge-node-2,25.881928,25.892463,5.221273,4.378559,4.799916,19.437725,20.135143,0.697418,22.813525,21.134982,-1.678542,20.635063,-0.490562,0.000000,0.218390,0.218390,0.000000,0.075432,0.075432,0.146911,2026-04-22T18:54:07+0200
22-04-2026-host-precopy-0002,precopy,host,edge-node-1,edge-node-2,26.275658,26.268153,5.704441,4.744595,5.224518,19.411843,20.218762,0.806919,21.885359,21.966190,0.080831,21.092476,0.443875,0.000000,0.146880,0.146880,0.000000,0.026470,0.026470,0.086675,2026-04-22T18:54:54+0200
22-04-2026-host-precopy-0003,precopy,host,edge-node-1,edge-node-2,25.724128,25.733398,5.720422,4.198399,4.959410,19.437526,20.527951,1.090425,21.745198,21.189334,-0.555864,20.858643,0.267281,0.000000,0.133629,0.133629,0.000000,0.127206,0.127206,0.130418,2026-04-22T18:55:42+0200
22-04-2026-host-precopy-0004,precopy,host,edge-node-1,edge-node-2,25.273485,25.275323,8.257063,4.096242,6.176653,19.440313,20.133153,0.692839,23.063385,21.136376,-1.927009,20.634764,-0.617085,0.000000,0.065379,0.065379,0.000000,0.026273,0.026273,0.045826,2026-04-22T18:56:29+0200
22-04-2026-host-precopy-0005,precopy,host,edge-node-1,edge-node-2,25.909079,25.913943,5.182453,4.115226,4.648840,19.442105,19.517362,0.075257,23.441659,21.746592,-1.695067,20.631977,-0.809905,0.000000,0.144435,0.144435,0.000000,0.136268,0.136268,0.140352,2026-04-22T18:57:17+0200
22-04-2026-host-precopy-0006,precopy,host,edge-node-1,edge-node-2,25.933527,25.938793,5.154040,4.644862,4.899451,19.638609,20.533725,0.895116,21.760927,21.188538,-0.572389,20.861132,0.161364,0.000000,0.133153,0.133153,0.000000,0.025300,0.025300,0.079226,2026-04-22T18:58:04+0200
22-04-2026-host-precopy-0007,precopy,host,edge-node-1,edge-node-2,25.747567,25.765108,5.702011,4.099161,4.900586,19.432549,19.421599,-0.010950,21.979728,21.371503,-0.608225,20.396551,-0.309588,0.000000,0.057803,0.057803,0.000000,0.157523,0.157523,0.107663,2026-04-22T18:58:51+0200
22-04-2026-host-precopy-0008,precopy,host,edge-node-1,edge-node-2,25.274938,25.277822,5.387674,4.054860,4.721267,19.446883,20.599824,1.152940,21.681091,21.181171,-0.499919,20.890498,0.326510,0.000000,0.107258,0.107258,0.000000,0.027352,0.027352,0.067305,2026-04-22T18:59:38+0200
22-04-2026-host-precopy-0009,precopy,host,edge-node-1,edge-node-2,26.033819,25.984552,5.357834,4.187048,4.772441,19.449472,20.537110,1.087638,22.649672,21.145733,-1.503939,20.841421,-0.208150,0.000000,0.126338,0.126338,0.000000,0.136950,0.136950,0.131644,2026-04-22T19:00:26+0200
22-04-2026-host-precopy-0010,precopy,host,edge-node-1,edge-node-2,25.901533,25.901491,5.083430,4.634477,4.858954,19.448078,19.571515,0.123437,21.946480,21.168430,-0.778051,20.369972,-0.327307,0.000000,0.153677,0.153677,0.000000,0.153376,0.153376,0.153526,2026-04-22T19:01:13+0200
22-04-2026-host-precopy-0011,precopy,host,edge-node-1,edge-node-2,25.617827,25.620320,5.771496,4.152791,4.962144,19.914351,20.520187,0.605836,21.597472,21.167036,-0.430436,20.843611,0.087700,0.000000,0.173372,0.173372,0.000000,0.135543,0.135543,0.154457,2026-04-22T19:02:00+0200
22-04-2026-host-precopy-0012,precopy,host,edge-node-1,edge-node-2,25.185999,25.465580,5.857988,4.224240,5.041114,19.416621,20.908814,1.492193,21.566613,21.180375,-0.386238,21.044595,0.552977,0.000000,0.063589,0.063589,0.000000,0.162137,0.162137,0.112863,2026-04-22T19:02:48+0200
22-04-2026-host-precopy-0013,precopy,host,edge-node-1,edge-node-2,26.095803,26.091646,5.200308,4.164234,4.682271,19.482123,19.415626,-0.066497,23.176668,21.359757,-1.816911,20.387691,-0.941704,0.000000,0.125888,0.125888,0.000000,0.148066,0.148066,0.136977,2026-04-22T19:03:35+0200
22-04-2026-host-precopy-0014,precopy,host,edge-node-1,edge-node-2,26.041015,26.032208,5.174744,4.495466,4.835105,19.458431,20.477183,1.018752,21.905865,21.168231,-0.737635,20.822707,0.140559,0.000000,0.217055,0.217055,0.000000,0.138050,0.138050,0.177553,2026-04-22T19:04:23+0200
22-04-2026-host-precopy-0015,precopy,host,edge-node-1,edge-node-2,25.609061,25.610584,6.083203,4.235294,5.159248,19.447282,20.495300,1.048019,21.901884,21.474035,-0.427848,20.984668,0.310085,0.000000,0.148873,0.148873,0.000000,0.020591,0.020591,0.084732,2026-04-22T19:05:10+0200
22-04-2026-host-precopy-0016,precopy,host,edge-node-1,edge-node-2,25.557866,25.548953,5.723839,4.011011,4.867425,19.464602,20.700564,1.235962,21.716529,21.152104,-0.564425,20.926334,0.335768,0.000000,0.067402,0.067402,0.000000,0.139285,0.139285,0.103344,2026-04-22T19:05:57+0200
22-04-2026-host-precopy-0017,precopy,host,edge-node-1,edge-node-2,25.882786,25.873592,5.340843,4.082434,4.711638,19.424784,20.211396,0.786611,22.663410,21.152303,-1.511106,20.681849,-0.362247,0.000000,0.123453,0.123453,0.000000,0.260431,0.260431,0.191942,2026-04-22T19:06:44+0200
22-04-2026-host-precopy-0018,precopy,host,edge-node-1,edge-node-2,25.761849,25.758677,5.267265,4.620784,4.944024,19.451662,20.484948,1.033286,21.789795,21.162855,-0.626940,20.823901,0.203173,0.000000,0.127672,0.127672,0.000000,0.158320,0.158320,0.142996,2026-04-22T19:07:32+0200
22-04-2026-host-precopy-0019,precopy,host,edge-node-1,edge-node-2,25.311388,25.321083,5.163853,4.167494,4.665673,19.859601,19.908179,0.048578,21.699805,21.167633,-0.532172,20.537906,-0.241797,0.000000,0.155717,0.155717,0.000000,0.143933,0.143933,0.149825,2026-04-22T19:08:19+0200
22-04-2026-direct-precopy-0000,precopy,direct,edge-node-1,edge-node-2,24.080794,24.072264,6.748851,5.052192,5.900521,19.481127,20.609977,1.128850,21.401566,21.169624,-0.231942,20.889801,0.448454,0.000000,0.073159,0.073159,0.000000,0.062150,0.062150,0.067654,2026-04-22T19:09:05+0200
22-04-2026-direct-precopy-0001,precopy,direct,edge-node-1,edge-node-2,24.172154,24.167828,6.051154,4.952582,5.501868,19.441110,19.658120,0.217010,22.624587,21.191524,-1.433062,20.424822,-0.608026,0.000000,0.138977,0.138977,0.000000,0.021658,0.021658,0.080318,2026-04-22T19:09:50+0200
22-04-2026-direct-precopy-0002,precopy,direct,edge-node-1,edge-node-2,23.889650,23.893576,6.339511,5.619870,5.979690,19.446883,19.868560,0.421676,21.609219,21.164050,-0.445169,20.516305,-0.011746,0.000000,0.030413,0.030413,0.000000,0.171333,0.171333,0.100873,2026-04-22T19:10:35+0200
22-04-2026-direct-precopy-0003,precopy,direct,edge-node-1,edge-node-2,23.899339,23.814681,9.293524,7.439593,8.366559,20.468622,21.447357,0.978735,23.076127,21.174601,-1.901525,21.310979,-0.461395,0.000000,0.187636,0.187636,0.000000,0.025588,0.025588,0.106612,2026-04-22T19:11:21+0200
22-04-2026-direct-precopy-0004,precopy,direct,edge-node-1,edge-node-2,24.262370,24.257454,6.839378,5.121294,5.980336,19.457037,20.375646,0.918609,21.296446,21.166439,-0.130007,20.771043,0.394301,0.000000,0.182896,0.182896,0.000000,0.144769,0.144769,0.163833,2026-04-22T19:12:07+0200
22-04-2026-direct-precopy-0005,precopy,direct,edge-node-1,edge-node-2,24.121175,24.125093,6.068822,5.035820,5.552321,19.473562,20.146293,0.672731,23.341317,21.157280,-2.184036,20.651787,-0.755653,0.000000,0.073198,0.073198,0.000000,0.026716,0.026716,0.049957,2026-04-22T19:12:53+0200
22-04-2026-direct-precopy-0006,precopy,direct,edge-node-1,edge-node-2,23.953008,23.951632,6.259189,5.729276,5.994233,19.434739,20.070439,0.635700,21.663173,21.163253,-0.499919,20.616846,0.067890,0.000000,0.165200,0.165200,0.000000,0.151184,0.151184,0.158192,2026-04-22T19:13:38+0200
22-04-2026-direct-precopy-0007,precopy,direct,edge-node-1,edge-node-2,23.907979,23.896161,6.289440,4.906296,5.597868,20.255793,20.279485,0.023692,22.246711,21.194909,-1.051802,20.737197,-0.514055,0.000000,0.182176,0.182176,0.000000,0.124235,0.124235,0.153206,2026-04-22T19:14:24+0200
22-04-2026-direct-precopy-0008,precopy,direct,edge-node-1,edge-node-2,23.962492,23.984741,6.964548,5.091138,6.027843,19.455245,20.593453,1.138207,21.647444,21.680892,0.033447,21.137172,0.585827,0.000000,0.180621,0.180621,0.000000,0.148858,0.148858,0.164739,2026-04-22T19:15:09+0200
22-04-2026-direct-precopy-0009,precopy,direct,edge-node-1,edge-node-2,24.013453,24.015875,6.094241,5.061415,5.577828,20.079398,19.952377,-0.127021,22.955676,21.192321,-1.763356,20.572349,-0.945188,0.000000,0.180238,0.180238,0.000000,0.153544,0.153544,0.166891,2026-04-22T19:15:55+0200
22-04-2026-direct-precopy-0010,precopy,direct,edge-node-1,edge-node-2,24.274343,24.276410,6.255178,5.549803,5.902491,19.447481,20.003743,0.556262,21.548496,21.354779,-0.193716,20.679261,0.181273,0.000000,0.140323,0.140323,0.000000,0.026067,0.026067,0.083195,2026-04-22T19:16:41+0200
22-04-2026-direct-precopy-0011,precopy,direct,edge-node-1,edge-node-2,23.651243,23.644586,6.252658,4.933021,5.592840,19.739747,20.174763,0.435015,21.613400,21.180574,-0.432825,20.677668,0.001095,0.000000,0.192412,0.192412,0.000000,0.145052,0.145052,0.168732,2026-04-22T19:17:26+0200
22-04-2026-direct-precopy-0012,precopy,direct,edge-node-1,edge-node-2,23.919322,23.912045,6.711551,4.897016,5.804283,19.445490,19.460023,0.014534,22.298673,21.153697,-1.144977,20.306860,-0.565221,0.000000,0.158573,0.158573,0.000000,0.024831,0.024831,0.091702,2026-04-22T19:18:12+0200
22-04-2026-direct-precopy-0013,precopy,direct,edge-node-1,edge-node-2,24.220041,24.206748,6.094010,4.918033,5.506021,19.712472,20.533526,0.821054,22.694269,21.279523,-1.414746,20.906524,-0.296846,0.000000,0.179507,0.179507,0.000000,0.188319,0.188319,0.183913,2026-04-22T19:18:57+0200
22-04-2026-host-cold-0020,cold,host,edge-node-1,edge-node-2,22.076015,22.081105,5.195989,5.664740,5.430364,19.786335,20.350760,0.564425,22.616623,21.678702,-0.937921,21.014731,-0.186748,0.000000,0.061046,0.061046,0.000000,0.117288,0.117288,0.089167,2026-04-22T21:51:37+0200
22-04-2026-direct-cold-0020,cold,direct,edge-node-1,edge-node-2,21.081575,21.095213,7.016706,7.224607,7.120657,19.481923,20.551046,1.069123,22.411359,21.923186,-0.488173,21.237116,0.290475,0.000000,0.050029,0.050029,0.000000,0.138139,0.138139,0.094084,2026-04-22T21:52:20+0200
22-04-2026-host-precopy-0020,precopy,host,edge-node-1,edge-node-2,23.759324,23.748100,5.676763,5.167302,5.422033,19.463806,19.998965,0.535159,21.634304,21.218203,-0.416102,20.608584,0.059528,0.000000,0.130870,0.130870,0.000000,0.114976,0.114976,0.122923,2026-04-22T21:53:07+0200
22-04-2026-direct-precopy-0014,precopy,direct,edge-node-1,edge-node-2,22.626903,22.621773,6.742323,7.023783,6.883053,19.454051,19.438521,-0.015529,22.325352,21.654213,-0.671138,20.546367,-0.343334,0.000000,0.166595,0.166595,0.000000,0.098598,0.098598,0.132597,2026-04-22T21:53:53+0200
22-04-2026-host-postcopy-0000,postcopy,host,edge-node-1,edge-node-2,26.259937,26.288962,6.948698,7.060850,7.004774,19.417219,19.787529,0.370311,21.613599,21.213623,-0.399975,20.500576,-0.014832,0.000000,0.180140,0.180140,0.000000,0.089005,0.089005,0.134572,2026-04-22T21:54:42+0200
22-04-2026-direct-postcopy-0000,postcopy,direct,edge-node-1,edge-node-2,25.206744,25.198655,7.231322,8.486789,7.859056,19.471969,20.595444,1.123475,22.101573,21.271758,-0.829814,20.933601,0.146830,0.000000,0.201614,0.201614,0.000000,0.117349,0.117349,0.159481,2026-04-22T21:55:30+0200
