run_id,technology,migration_method,network_migration,checkpoint_ms,archive_bytes,transfer_ms,restore_ms,downtime_ms,bandwidth_mbps,src_arch,dst_arch,same_arch,success,notes,timestamp,profile_name,predump_ms,final_dump_ms,total_ms,lazy_pages_active_ms,lazy_pages_log_bytes,archive_create_ms,transfer_setup_ms,transfer_send_ms,transfer_receive_ms,transfer_cleanup_ms,unpack_ms,transfer_mode,raw_transfer_ms,transfer_setup_removed_ms,raw_downtime_ms
16-05-2026-host-cold-0000,CRIU,cold,no,461,12682302,2313453.0,506,2343159,0.04,x86_64,x86_64,True,True,transfer_mode=host;relay_node=edge-host-1,2026-05-16T04:07:38.767256,6_TEE_Avg,0.0,0.0,2354703.0,0.0,0.0,1604.0,31197.0,1127885.0,1182339.0,770.0,854.0,host,2342192,31197.0,2343159
16-05-2026-host-cold-0001,CRIU,cold,no,407,12681388,2351269.0,314,2387988,0.04,x86_64,x86_64,True,True,transfer_mode=host;relay_node=edge-host-1,2026-05-16T04:47:50.973316,6_TEE_Avg,0.0,0.0,2398503.0,0.0,0.0,1592.0,38455.0,1139242.0,1208972.0,596.0,865.0,host,2387267,38455.0,2387988
16-05-2026-host-cold-0002,CRIU,cold,no,390,12681501,2412124.0,362,2439686,0.04,x86_64,x86_64,True,True,transfer_mode=host;relay_node=edge-host-1,2026-05-16T05:28:55.119103,6_TEE_Avg,0.0,0.0,2450320.0,0.0,0.0,1680.0,29380.0,1230039.0,1178857.0,656.0,890.0,host,2438934,29380.0,2439686
16-05-2026-host-cold-0003,CRIU,cold,no,364,12681508,2362046.0,320,2394732,0.04,x86_64,x86_64,True,True,transfer_mode=host;relay_node=edge-host-1,2026-05-16T06:09:14.158411,6_TEE_Avg,0.0,0.0,2405260.0,0.0,0.0,1611.0,34520.0,1217523.0,1141395.0,609.0,907.0,host,2394048,34520.0,2394732
16-05-2026-host-cold-0004,CRIU,cold,no,492,12681363,2515408.0,338,2555994,0.04,x86_64,x86_64,True,True,transfer_mode=host;relay_node=edge-host-1,2026-05-16T06:52:14.489491,6_TEE_Avg,0.0,0.0,2566662.0,0.0,0.0,1740.0,42359.0,1260848.0,1251314.0,641.0,863.0,host,2555164,42359.0,2555994
16-05-2026-host-cold-0005,CRIU,cold,no,356,12681329,2379780.0,377,2407025,0.04,x86_64,x86_64,True,True,transfer_mode=host;relay_node=edge-host-1,2026-05-16T07:32:45.707331,6_TEE_Avg,0.0,0.0,2417558.0,0.0,0.0,1613.0,28984.0,1194379.0,1182275.0,653.0,859.0,host,2406292,28984.0,2407025
16-05-2026-host-cold-0006,CRIU,cold,no,363,12681600,2410152.0,343,2443296,0.04,x86_64,x86_64,True,True,transfer_mode=host;relay_node=edge-host-1,2026-05-16T08:13:53.327851,6_TEE_Avg,0.0,0.0,2453824.0,0.0,0.0,1589.0,34868.0,1184813.0,1222312.0,595.0,841.0,host,2442590,34868.0,2443296
16-05-2026-host-cold-0007,CRIU,cold,no,350,12681507,2348796.0,340,2377960,0.04,x86_64,x86_64,True,True,transfer_mode=host;relay_node=edge-host-1,2026-05-16T08:53:55.564549,6_TEE_Avg,0.0,0.0,2388574.0,0.0,0.0,1636.0,30955.0,1146757.0,1198972.0,585.0,845.0,host,2377270,30955.0,2377960
16-05-2026-host-cold-0008,CRIU,cold,no,369,12681484,2452963.0,316,2491231,0.04,x86_64,x86_64,True,True,transfer_mode=host;relay_node=edge-host-1,2026-05-16T09:35:51.091880,6_TEE_Avg,0.0,0.0,2501721.0,0.0,0.0,1599.0,40041.0,1203385.0,1246493.0,626.0,859.0,host,2490546,40041.0,2491231
16-05-2026-host-cold-0009,CRIU,cold,no,306,12681273,2638197.0,352,2671275,0.04,x86_64,x86_64,True,True,transfer_mode=host;relay_node=edge-host-1,2026-05-16T10:20:46.759517,6_TEE_Avg,0.0,0.0,2681765.0,0.0,0.0,1664.0,34929.0,1241136.0,1393955.0,596.0,845.0,host,2670617,34929.0,2671275
16-05-2026-direct-cold-0000,CRIU,cold,no,350,12681484,1205617.0,327,1224811,0.08,x86_64,x86_64,True,True,transfer_mode=direct,2026-05-16T10:41:47.386420,6_TEE_Avg,0.0,0.0,1247004.0,0.0,0.0,1640.0,21040.0,1203093.0,0.0,0.0,883.0,direct,1224134,21040.0,1224811
16-05-2026-direct-cold-0001,CRIU,cold,no,399,12681250,1200077.0,316,1220910,0.08,x86_64,x86_64,True,True,transfer_mode=direct,2026-05-16T11:02:47.144659,6_TEE_Avg,0.0,0.0,1245737.0,0.0,0.0,1601.0,22576.0,1197618.0,0.0,0.0,857.0,direct,1220195,22576.0,1220910
16-05-2026-direct-cold-0002,CRIU,cold,no,356,12681475,1159080.0,313,1171612,0.09,x86_64,x86_64,True,True,transfer_mode=direct,2026-05-16T11:22:57.010098,6_TEE_Avg,0.0,0.0,1196342.0,0.0,0.0,1591.0,14312.0,1156630.0,0.0,0.0,858.0,direct,1170943,14312.0,1171612
16-05-2026-direct-cold-0003,CRIU,cold,no,360,12681693,1152750.0,318,1162436,0.09,x86_64,x86_64,True,True,transfer_mode=direct,2026-05-16T11:43:06.357761,6_TEE_Avg,0.0,0.0,1195707.0,0.0,0.0,1619.0,11633.0,1150124.0,0.0,0.0,1006.0,direct,1161758,11633.0,1162436
16-05-2026-direct-cold-0004,CRIU,cold,no,353,12681553,1330915.0,314,1348054,0.08,x86_64,x86_64,True,True,transfer_mode=direct,2026-05-16T12:06:13.565374,6_TEE_Avg,0.0,0.0,1373684.0,0.0,0.0,1610.0,18981.0,1328405.0,0.0,0.0,899.0,direct,1347387,18981.0,1348054
16-05-2026-direct-cold-0005,CRIU,cold,no,359,12681337,1184550.0,299,1199869,0.08,x86_64,x86_64,True,True,transfer_mode=direct,2026-05-16T12:26:58.036190,6_TEE_Avg,0.0,0.0,1230728.0,0.0,0.0,1587.0,17090.0,1182121.0,0.0,0.0,842.0,direct,1199211,17090.0,1199869
16-05-2026-direct-cold-0006,CRIU,cold,no,385,12681581,1290301.0,324,1309386,0.08,x86_64,x86_64,True,True,transfer_mode=direct,2026-05-16T12:49:27.017418,6_TEE_Avg,0.0,0.0,1335486.0,0.0,0.0,1639.0,20919.0,1287757.0,0.0,0.0,904.0,direct,1308677,20919.0,1309386
16-05-2026-direct-cold-0007,CRIU,cold,no,392,12681579,1177724.0,341,1190246,0.09,x86_64,x86_64,True,True,transfer_mode=direct,2026-05-16T13:09:54.467497,6_TEE_Avg,0.0,0.0,1213713.0,0.0,0.0,1619.0,14305.0,1175207.0,0.0,0.0,897.0,direct,1189513,14305.0,1190246
16-05-2026-direct-cold-0008,CRIU,cold,no,340,12681340,1059938.0,339,1074166,0.09,x86_64,x86_64,True,True,transfer_mode=direct,2026-05-16T13:28:29.774701,6_TEE_Avg,0.0,0.0,1101608.0,0.0,0.0,1600.0,15994.0,1057493.0,0.0,0.0,845.0,direct,1073487,15994.0,1074166
16-05-2026-direct-cold-0009,CRIU,cold,no,358,12681613,1120752.0,308,1133044,0.09,x86_64,x86_64,True,True,transfer_mode=direct,2026-05-16T13:48:04.463133,6_TEE_Avg,0.0,0.0,1160923.0,0.0,0.0,1650.0,14198.0,1118180.0,0.0,0.0,922.0,direct,1132378,14198.0,1133044
16-05-2026-host-precopy-0000,CRIU,precopy,no,626,1759805,401987.0,328,451859,0.03,x86_64,x86_64,True,True,transfer_mode=host;iterations=3;relay_node=edge-host-1;precopy_streamed_iters=3;precopy_stream_archive_ms=2975;precopy_stream_transfer_ms=3251760;precopy_stream_unpack_ms=2391;precopy_stream_bytes=16286215,2026-05-16T14:50:22.180927,6_TEE_Avg,3262644.0,626.0,3723978.0,0.0,0.0,703.0,50406.0,223572.0,176309.0,615.0,785.0,host,450905,50406.0,451859
16-05-2026-host-precopy-0001,CRIU,precopy,no,762,1765833,407515.0,318,440992,0.03,x86_64,x86_64,True,True,transfer_mode=host;iterations=3;relay_node=edge-host-1;precopy_streamed_iters=3;precopy_stream_archive_ms=3015;precopy_stream_transfer_ms=3219676;precopy_stream_unpack_ms=2337;precopy_stream_bytes=16294607,2026-05-16T15:51:57.131986,6_TEE_Avg,3230603.0,762.0,3681286.0,0.0,0.0,747.0,33901.0,176487.0,228888.0,634.0,757.0,host,439912,33901.0,440992
16-05-2026-host-precopy-0002,CRIU,precopy,no,637,1766266,345082.0,301,374359,0.04,x86_64,x86_64,True,True,transfer_mode=host;iterations=3;relay_node=edge-host-1;precopy_streamed_iters=3;precopy_stream_archive_ms=2998;precopy_stream_transfer_ms=3481966;precopy_stream_unpack_ms=2407;precopy_stream_bytes=16209804,2026-05-16T16:56:47.474667,6_TEE_Avg,3492871.0,637.0,3876754.0,0.0,0.0,707.0,29806.0,165891.0,177126.0,597.0,760.0,host,373421,29806.0,374359
16-05-2026-host-precopy-0003,CRIU,precopy,no,677,1765125,489088.0,349,517918,0.03,x86_64,x86_64,True,True,transfer_mode=host;iterations=3;relay_node=edge-host-1;precopy_streamed_iters=3;precopy_stream_archive_ms=3082;precopy_stream_transfer_ms=3472831;precopy_stream_unpack_ms=2402;precopy_stream_bytes=16208321,2026-05-16T18:03:52.676833,6_TEE_Avg,3483861.0,677.0,4011354.0,0.0,0.0,723.0,29315.0,263236.0,223566.0,773.0,788.0,host,516892,29315.0,517918
16-05-2026-host-precopy-0004,CRIU,precopy,no,689,1761205,440356.0,356,483103,0.03,x86_64,x86_64,True,True,transfer_mode=host;iterations=3;relay_node=edge-host-1;precopy_streamed_iters=3;precopy_stream_archive_ms=3000;precopy_stream_transfer_ms=3264743;precopy_stream_unpack_ms=2481;precopy_stream_bytes=16290319,2026-05-16T19:06:54.503513,6_TEE_Avg,3275721.0,689.0,3768281.0,0.0,0.0,700.0,43159.0,202819.0,235491.0,588.0,757.0,host,482058,43159.0,483103
16-05-2026-host-precopy-0005,CRIU,precopy,no,630,1756823,390766.0,337,425316,0.03,x86_64,x86_64,True,True,transfer_mode=host;iterations=3;relay_node=edge-host-1;precopy_streamed_iters=3;precopy_stream_archive_ms=3129;precopy_stream_transfer_ms=3296480;precopy_stream_unpack_ms=2317;precopy_stream_bytes=16273888,2026-05-16T20:09:30.414621,6_TEE_Avg,3307386.0,630.0,3742258.0,0.0,0.0,719.0,35045.0,194009.0,194706.0,588.0,743.0,host,424349,35045.0,425316
16-05-2026-host-precopy-0006,CRIU,precopy,no,647,1761991,367275.0,308,403763,0.03,x86_64,x86_64,True,True,transfer_mode=host;iterations=3;relay_node=edge-host-1;precopy_streamed_iters=3;precopy_stream_archive_ms=3060;precopy_stream_transfer_ms=3435388;precopy_stream_unpack_ms=2345;precopy_stream_bytes=16273387,2026-05-16T21:14:03.650643,6_TEE_Avg,3446336.0,647.0,3859564.0,0.0,0.0,715.0,37012.0,174310.0,190897.0,587.0,764.0,host,402808,37012.0,403763
16-05-2026-host-precopy-0007,CRIU,precopy,no,641,1767390,407123.0,338,439963,0.03,x86_64,x86_64,True,True,transfer_mode=host;iterations=3;relay_node=edge-host-1;precopy_streamed_iters=3;precopy_stream_archive_ms=3031;precopy_stream_transfer_ms=3481243;precopy_stream_unpack_ms=2365;precopy_stream_bytes=16237585,2026-05-16T22:19:58.978488,6_TEE_Avg,3492151.0,641.0,3941629.0,0.0,0.0,705.0,33321.0,168248.0,236832.0,582.0,755.0,host,438984,33321.0,439963
16-05-2026-host-precopy-0008,CRIU,precopy,no,650,1761045,329491.0,339,356634,0.04,x86_64,x86_64,True,True,transfer_mode=host;iterations=3;relay_node=edge-host-1;precopy_streamed_iters=3;precopy_stream_archive_ms=3036;precopy_stream_transfer_ms=3232602;precopy_stream_unpack_ms=2343;precopy_stream_bytes=16313469,2026-05-16T23:20:22.761872,6_TEE_Avg,3243538.0,650.0,3609761.0,0.0,0.0,713.0,27675.0,173729.0,153647.0,592.0,808.0,host,355645,27675.0,356634
16-05-2026-host-precopy-0009,CRIU,precopy,no,742,1766807,384837.0,368,419941,0.03,x86_64,x86_64,True,True,transfer_mode=host;iterations=3;relay_node=edge-host-1;precopy_streamed_iters=3;precopy_stream_archive_ms=3036;precopy_stream_transfer_ms=3363280;precopy_stream_unpack_ms=2422;precopy_stream_bytes=16244265,2026-05-17T00:24:00.234127,6_TEE_Avg,3374275.0,742.0,3803770.0,0.0,0.0,708.0,35460.0,193175.0,189572.0,622.0,758.0,host,418831,35460.0,419941
16-05-2026-direct-precopy-0000,CRIU,precopy,no,639,2055810,230058.0,314,249551,0.07,x86_64,x86_64,True,True,transfer_mode=direct;iterations=3;precopy_streamed_iters=3;precopy_stream_archive_ms=3026;precopy_stream_transfer_ms=1685797;precopy_stream_unpack_ms=2380;precopy_stream_bytes=17075723,2026-05-17T00:57:09.924429,6_TEE_Avg,1696729.0,639.0,1976170.0,0.0,0.0,710.0,19999.0,228598.0,0.0,0.0,749.0,direct,248598,19999.0,249551
16-05-2026-direct-precopy-0001,CRIU,precopy,no,630,2051871,223427.0,329,234457,0.07,x86_64,x86_64,True,True,transfer_mode=direct;iterations=3;precopy_streamed_iters=3;precopy_stream_archive_ms=2991;precopy_stream_transfer_ms=1703845;precopy_stream_unpack_ms=2371;precopy_stream_bytes=16983583,2026-05-17T01:30:17.136432,6_TEE_Avg,1714668.0,630.0,1973598.0,0.0,0.0,717.0,11590.0,221907.0,0.0,0.0,802.0,direct,233498,11590.0,234457
16-05-2026-direct-precopy-0002,CRIU,precopy,no,684,2019302,219844.0,320,243911,0.07,x86_64,x86_64,True,True,transfer_mode=direct;iterations=3;precopy_streamed_iters=3;precopy_stream_archive_ms=3042;precopy_stream_transfer_ms=1806353;precopy_stream_unpack_ms=2501;precopy_stream_bytes=16980158,2026-05-17T02:05:16.814099,6_TEE_Avg,1817373.0,684.0,2086173.0,0.0,0.0,797.0,24615.0,218292.0,0.0,0.0,755.0,direct,242907,24615.0,243911
16-05-2026-direct-precopy-0003,CRIU,precopy,no,637,2049220,295994.0,330,315449,0.05,x86_64,x86_64,True,True,transfer_mode=direct;iterations=3;precopy_streamed_iters=3;precopy_stream_archive_ms=2989;precopy_stream_transfer_ms=1720755;precopy_stream_unpack_ms=2422;precopy_stream_bytes=17058337,2026-05-17T02:40:05.044909,6_TEE_Avg,1731789.0,637.0,2074602.0,0.0,0.0,718.0,20582.0,293900.0,0.0,0.0,1376.0,direct,314482,20582.0,315449
16-05-2026-direct-precopy-0004,CRIU,precopy,no,688,2053394,223212.0,313,238795,0.07,x86_64,x86_64,True,True,transfer_mode=direct;iterations=3;precopy_streamed_iters=3;precopy_stream_archive_ms=3037;precopy_stream_transfer_ms=1703330;precopy_stream_unpack_ms=2589;precopy_stream_bytes=17009516,2026-05-17T03:13:13.535808,6_TEE_Avg,1714455.0,688.0,1974781.0,0.0,0.0,736.0,16148.0,221645.0,0.0,0.0,830.0,direct,237794,16148.0,238795
16-05-2026-direct-precopy-0005,CRIU,precopy,no,640,1988695,193802.0,295,210608,0.08,x86_64,x86_64,True,True,transfer_mode=direct;iterations=3;precopy_streamed_iters=3;precopy_stream_archive_ms=3034;precopy_stream_transfer_ms=1913100;precopy_stream_unpack_ms=2468;precopy_stream_bytes=16856491,2026-05-17T03:49:30.942082,6_TEE_Avg,1924119.0,640.0,2163537.0,0.0,0.0,736.0,17357.0,192315.0,0.0,0.0,750.0,direct,209673,17357.0,210608
16-05-2026-direct-precopy-0006,CRIU,precopy,no,708,2051184,248418.0,338,258849,0.06,x86_64,x86_64,True,True,transfer_mode=direct;iterations=3;precopy_streamed_iters=3;precopy_stream_archive_ms=3032;precopy_stream_transfer_ms=1728454;precopy_stream_unpack_ms=2439;precopy_stream_bytes=16988590,2026-05-17T04:23:28.411771,6_TEE_Avg,1739483.0,708.0,2023897.0,0.0,0.0,717.0,11517.0,246285.0,0.0,0.0,1415.0,direct,257803,11517.0,258849
16-05-2026-direct-precopy-0007,CRIU,precopy,no,701,1998199,252673.0,323,264851,0.06,x86_64,x86_64,True,True,transfer_mode=direct;iterations=3;precopy_streamed_iters=3;precopy_stream_archive_ms=3064;precopy_stream_transfer_ms=1871215;precopy_stream_unpack_ms=2465;precopy_stream_bytes=16849937,2026-05-17T04:59:55.090861,6_TEE_Avg,1882241.0,701.0,2172882.0,0.0,0.0,718.0,12630.0,251196.0,0.0,0.0,758.0,direct,263827,12630.0,264851
16-05-2026-direct-precopy-0008,CRIU,precopy,no,633,2065640,209490.0,315,222575,0.07,x86_64,x86_64,True,True,transfer_mode=direct;iterations=3;precopy_streamed_iters=3;precopy_stream_archive_ms=3047;precopy_stream_transfer_ms=1650794;precopy_stream_unpack_ms=2608;precopy_stream_bytes=17105990,2026-05-17T05:31:56.158404,6_TEE_Avg,1661838.0,633.0,1907232.0,0.0,0.0,729.0,13619.0,208007.0,0.0,0.0,753.0,direct,221627,13619.0,222575
16-05-2026-direct-precopy-0009,CRIU,precopy,no,653,2050162,230162.0,333,250368,0.07,x86_64,x86_64,True,True,transfer_mode=direct;iterations=3;precopy_streamed_iters=3;precopy_stream_archive_ms=3069;precopy_stream_transfer_ms=1742376;precopy_stream_unpack_ms=2365;precopy_stream_bytes=17020958,2026-05-17T06:06:00.312853,6_TEE_Avg,1753394.0,653.0,2030432.0,0.0,0.0,772.0,20792.0,228589.0,0.0,0.0,800.0,direct,249382,20792.0,250368
17-05-2026-host-cold-0000,CRIU,cold,no,475,12682301,2528589.0,460,2566113,0.04,x86_64,x86_64,True,True,transfer_mode=host;relay_node=edge-host-1,2026-05-17T07:31:30.091756,6_TEE_Avg,0.0,0.0,2577484.0,0.0,0.0,1626.0,39076.0,1220802.0,1304682.0,617.0,861.0,host,2565178,39076.0,2566113
17-05-2026-host-cold-0001,CRIU,cold,no,450,12681386,2390541.0,320,2414798,0.04,x86_64,x86_64,True,True,transfer_mode=host;relay_node=edge-host-1,2026-05-17T08:12:08.633774,6_TEE_Avg,0.0,0.0,2425248.0,0.0,0.0,1614.0,25944.0,1071297.0,1316170.0,614.0,843.0,host,2414028,25944.0,2414798
17-05-2026-host-cold-0002,CRIU,cold,no,361,12681627,2479712.0,329,2530418,0.04,x86_64,x86_64,True,True,transfer_mode=host;relay_node=edge-host-1,2026-05-17T08:54:43.251154,6_TEE_Avg,0.0,0.0,2540988.0,0.0,0.0,1622.0,52517.0,1299184.0,1177400.0,626.0,879.0,host,2529728,52517.0,2530418
17-05-2026-host-cold-0003,CRIU,cold,no,366,12681340,2492767.0,325,2520004,0.04,x86_64,x86_64,True,True,transfer_mode=host;relay_node=edge-host-1,2026-05-17T09:37:07.293896,6_TEE_Avg,0.0,0.0,2530384.0,0.0,0.0,1599.0,28982.0,1288762.0,1200786.0,782.0,837.0,host,2519313,28982.0,2520004
17-05-2026-host-cold-0004,CRIU,cold,no,362,12681604,2362698.0,327,2402113,0.04,x86_64,x86_64,True,True,transfer_mode=host;relay_node=edge-host-1,2026-05-17T10:17:34.166721,6_TEE_Avg,0.0,0.0,2412995.0,0.0,0.0,1624.0,41189.0,1219202.0,1140405.0,627.0,839.0,host,2401424,41189.0,2402113
17-05-2026-host-cold-0005,CRIU,cold,no,367,12681287,2522593.0,325,2552016,0.04,x86_64,x86_64,True,True,transfer_mode=host;relay_node=edge-host-1,2026-05-17T11:00:30.402646,6_TEE_Avg,0.0,0.0,2562564.0,0.0,0.0,1645.0,31259.0,1241512.0,1277948.0,604.0,883.0,host,2551324,31259.0,2552016
17-05-2026-host-cold-0006,CRIU,cold,no,397,12681508,2317634.0,326,2352710,0.04,x86_64,x86_64,True,True,transfer_mode=host;relay_node=edge-host-1,2026-05-17T11:40:07.574820,6_TEE_Avg,0.0,0.0,2363353.0,0.0,0.0,1600.0,36810.0,1083331.0,1231222.0,622.0,857.0,host,2351987,36810.0,2352710
17-05-2026-host-cold-0007,CRIU,cold,no,338,12681427,2330618.0,318,2363086,0.04,x86_64,x86_64,True,True,transfer_mode=host;relay_node=edge-host-1,2026-05-17T12:19:54.966153,6_TEE_Avg,0.0,0.0,2373704.0,0.0,0.0,1633.0,34298.0,1181596.0,1145910.0,624.0,853.0,host,2362430,34298.0,2363086
17-05-2026-host-cold-0008,CRIU,cold,no,342,12681482,2432312.0,322,2478263,0.04,x86_64,x86_64,True,True,transfer_mode=host;relay_node=edge-host-1,2026-05-17T13:01:37.651935,6_TEE_Avg,0.0,0.0,2488948.0,0.0,0.0,1665.0,47825.0,1171226.0,1257945.0,600.0,873.0,host,2477599,47825.0,2478263
17-05-2026-host-cold-0009,CRIU,cold,no,340,12681392,2565183.0,334,2596882,0.04,x86_64,x86_64,True,True,transfer_mode=host;relay_node=edge-host-1,2026-05-17T13:45:18.535524,6_TEE_Avg,0.0,0.0,2607413.0,0.0,0.0,1584.0,33445.0,1254249.0,1307858.0,655.0,836.0,host,2596208,33445.0,2596882
17-05-2026-direct-cold-0000,CRIU,cold,no,433,12681505,1172393.0,336,1188941,0.09,x86_64,x86_64,True,True,transfer_mode=direct,2026-05-17T14:05:47.355750,6_TEE_Avg,0.0,0.0,1214927.0,0.0,0.0,1641.0,18339.0,1169832.0,0.0,0.0,919.0,direct,1188172,18339.0,1188941
17-05-2026-direct-cold-0001,CRIU,cold,no,357,12681589,1308565.0,320,1328870,0.08,x86_64,x86_64,True,True,transfer_mode=direct,2026-05-17T14:28:36.725993,6_TEE_Avg,0.0,0.0,1355830.0,0.0,0.0,1585.0,22043.0,1306149.0,0.0,0.0,830.0,direct,1328193,22043.0,1328870
17-05-2026-direct-cold-0002,CRIU,cold,no,363,12681489,1143364.0,310,1162019,0.09,x86_64,x86_64,True,True,transfer_mode=direct,2026-05-17T14:48:35.371890,6_TEE_Avg,0.0,0.0,1184872.0,0.0,0.0,1620.0,20490.0,1140856.0,0.0,0.0,888.0,direct,1161346,20490.0,1162019
17-05-2026-direct-cold-0003,CRIU,cold,no,357,12681345,1349285.0,312,1367549,0.07,x86_64,x86_64,True,True,transfer_mode=direct,2026-05-17T15:12:05.063077,6_TEE_Avg,0.0,0.0,1396038.0,0.0,0.0,1657.0,20122.0,1346757.0,0.0,0.0,870.0,direct,1366880,20122.0,1367549
17-05-2026-direct-cold-0004,CRIU,cold,no,353,12681433,1161976.0,344,1178214,0.09,x86_64,x86_64,True,True,transfer_mode=direct,2026-05-17T15:32:21.870463,6_TEE_Avg,0.0,0.0,1203027.0,0.0,0.0,1618.0,18070.0,1159447.0,0.0,0.0,911.0,direct,1177517,18070.0,1178214
17-05-2026-direct-cold-0005,CRIU,cold,no,390,12681432,1152600.0,307,1169658,0.09,x86_64,x86_64,True,True,transfer_mode=direct,2026-05-17T15:52:30.476437,6_TEE_Avg,0.0,0.0,1195117.0,0.0,0.0,1590.0,18780.0,1150181.0,0.0,0.0,829.0,direct,1168961,18780.0,1169658
17-05-2026-direct-cold-0006,CRIU,cold,no,380,12681617,1179956.0,331,1199460,0.08,x86_64,x86_64,True,True,transfer_mode=direct,2026-05-17T16:13:12.858197,6_TEE_Avg,0.0,0.0,1228755.0,0.0,0.0,1608.0,21301.0,1177447.0,0.0,0.0,900.0,direct,1198749,21301.0,1199460
17-05-2026-direct-cold-0007,CRIU,cold,no,355,12681382,1363196.0,407,1373352,0.07,x86_64,x86_64,True,True,transfer_mode=direct,2026-05-17T16:36:43.638149,6_TEE_Avg,0.0,0.0,1397115.0,0.0,0.0,1628.0,13822.0,1358767.0,0.0,0.0,2800.0,direct,1372590,13822.0,1373352
17-05-2026-direct-cold-0008,CRIU,cold,no,342,12681550,1129513.0,356,1140697,0.09,x86_64,x86_64,True,True,transfer_mode=direct,2026-05-17T16:56:27.743729,6_TEE_Avg,0.0,0.0,1170159.0,0.0,0.0,1622.0,13028.0,1126970.0,0.0,0.0,920.0,direct,1139999,13028.0,1140697
17-05-2026-direct-cold-0009,CRIU,cold,no,384,12681526,1324301.0,328,1335953,0.08,x86_64,x86_64,True,True,transfer_mode=direct,2026-05-17T17:19:22.718366,6_TEE_Avg,0.0,0.0,1361583.0,0.0,0.0,1635.0,13553.0,1321687.0,0.0,0.0,978.0,direct,1335241,13553.0,1335953
17-05-2026-host-precopy-0000,CRIU,precopy,no,704,1765759,438839.0,636,462231,0.03,x86_64,x86_64,True,True,transfer_mode=host;iterations=3;relay_node=edge-host-1;precopy_streamed_iters=3;precopy_stream_archive_ms=3114;precopy_stream_transfer_ms=3347636;precopy_stream_unpack_ms=2502;precopy_stream_bytes=16244050,2026-05-17T18:23:26.964314,6_TEE_Avg,3358855.0,704.0,3830742.0,0.0,0.0,719.0,23529.0,227503.0,209266.0,591.0,758.0,host,460891,23529.0,462231
17-05-2026-host-precopy-0001,CRIU,precopy,no,643,1763439,360901.0,404,396145,0.04,x86_64,x86_64,True,True,transfer_mode=host;iterations=3;relay_node=edge-host-1;precopy_streamed_iters=3;precopy_stream_archive_ms=3057;precopy_stream_transfer_ms=3341214;precopy_stream_unpack_ms=2361;precopy_stream_bytes=16304477,2026-05-17T19:26:18.538856,6_TEE_Avg,3352200.0,643.0,3757974.0,0.0,0.0,705.0,35685.0,165383.0,193439.0,590.0,783.0,host,395098,35685.0,396145
17-05-2026-host-precopy-0002,CRIU,precopy,no,636,1774035,410013.0,353,450254,0.03,x86_64,x86_64,True,True,transfer_mode=host;iterations=3;relay_node=edge-host-1;precopy_streamed_iters=3;precopy_stream_archive_ms=3015;precopy_stream_transfer_ms=3145918;precopy_stream_unpack_ms=2337;precopy_stream_bytes=16303031,2026-05-17T20:26:48.507790,6_TEE_Avg,3156670.0,636.0,3616432.0,0.0,0.0,711.0,40779.0,249495.0,158341.0,648.0,816.0,host,449265,40779.0,450254
17-05-2026-host-precopy-0003,CRIU,precopy,no,718,1761054,425932.0,307,459123,0.03,x86_64,x86_64,True,True,transfer_mode=host;iterations=3;relay_node=edge-host-1;precopy_streamed_iters=3;precopy_stream_archive_ms=3009;precopy_stream_transfer_ms=3241861;precopy_stream_unpack_ms=2336;precopy_stream_bytes=16308088,2026-05-17T21:29:03.701274,6_TEE_Avg,3252669.0,718.0,3721466.0,0.0,0.0,739.0,33651.0,200834.0,223029.0,583.0,746.0,host,458098,33651.0,459123
17-05-2026-host-precopy-0004,CRIU,precopy,no,655,1757060,439651.0,321,487307,0.03,x86_64,x86_64,True,True,transfer_mode=host;iterations=3;relay_node=edge-host-1;precopy_streamed_iters=3;precopy_stream_archive_ms=3030;precopy_stream_transfer_ms=3428001;precopy_stream_unpack_ms=2386;precopy_stream_bytes=16243461,2026-05-17T22:34:53.136364,6_TEE_Avg,3438979.0,655.0,3935801.0,0.0,0.0,709.0,48145.0,189226.0,248361.0,597.0,756.0,host,486331,48145.0,487307
17-05-2026-host-precopy-0005,CRIU,precopy,no,642,1764795,395477.0,316,447973,0.03,x86_64,x86_64,True,True,transfer_mode=host;iterations=3;relay_node=edge-host-1;precopy_streamed_iters=3;precopy_stream_archive_ms=3019;precopy_stream_transfer_ms=3330637;precopy_stream_unpack_ms=2440;precopy_stream_bytes=16250685,2026-05-17T23:38:25.764639,6_TEE_Avg,3341573.0,642.0,3799008.0,0.0,0.0,722.0,53004.0,206867.0,186550.0,593.0,744.0,host,447015,53004.0,447973
17-05-2026-host-precopy-0006,CRIU,precopy,no,646,1755908,378961.0,346,409856,0.03,x86_64,x86_64,True,True,transfer_mode=host;iterations=3;relay_node=edge-host-1;precopy_streamed_iters=3;precopy_stream_archive_ms=2995;precopy_stream_transfer_ms=3401784;precopy_stream_unpack_ms=2351;precopy_stream_bytes=16277092,2026-05-18T00:42:31.141214,6_TEE_Avg,3412604.0,646.0,3831966.0,0.0,0.0,730.0,31388.0,178170.0,198674.0,631.0,755.0,host,408864,31388.0,409856
17-05-2026-host-precopy-0007,CRIU,precopy,no,759,1764326,355148.0,422,392039,0.04,x86_64,x86_64,True,True,transfer_mode=host;iterations=3;relay_node=edge-host-1;precopy_streamed_iters=3;precopy_stream_archive_ms=3011;precopy_stream_transfer_ms=3338413;precopy_stream_unpack_ms=2331;precopy_stream_bytes=16280064,2026-05-18T01:45:15.932775,6_TEE_Avg,3349226.0,759.0,3751085.0,0.0,0.0,711.0,37252.0,141383.0,211575.0,646.0,831.0,host,390858,37252.0,392039
17-05-2026-host-precopy-0008,CRIU,precopy,no,636,1767854,432938.0,409,464602,0.03,x86_64,x86_64,True,True,transfer_mode=host;iterations=3;relay_node=edge-host-1;precopy_streamed_iters=3;precopy_stream_archive_ms=2988;precopy_stream_transfer_ms=3193645;precopy_stream_unpack_ms=2439;precopy_stream_bytes=16309266,2026-05-18T02:46:50.549119,6_TEE_Avg,3204624.0,636.0,3678731.0,0.0,0.0,703.0,32070.0,247612.0,183235.0,638.0,748.0,host,463557,32070.0,464602
17-05-2026-direct-precopy-0000,CRIU,precopy,no,641,2064704,234784.0,360,253248,0.07,x86_64,x86_64,True,True,transfer_mode=direct;iterations=3;precopy_streamed_iters=3;precopy_stream_archive_ms=3008;precopy_stream_transfer_ms=1661998;precopy_stream_unpack_ms=2387;precopy_stream_bytes=16993620,2026-05-18T04:22:04.560504,6_TEE_Avg,1672883.0,641.0,1955406.0,0.0,0.0,750.0,18961.0,233285.0,0.0,0.0,748.0,direct,252247,18961.0,253248
17-05-2026-direct-precopy-0001,CRIU,precopy,no,642,2074182,223247.0,346,234436,0.07,x86_64,x86_64,True,True,transfer_mode=direct;iterations=3;precopy_streamed_iters=3;precopy_stream_archive_ms=3056;precopy_stream_transfer_ms=1612302;precopy_stream_unpack_ms=2445;precopy_stream_bytes=17150849,2026-05-18T04:53:45.867201,6_TEE_Avg,1623340.0,642.0,1887917.0,0.0,0.0,742.0,11692.0,221756.0,0.0,0.0,749.0,direct,233448,11692.0,234436
17-05-2026-direct-precopy-0002,CRIU,precopy,no,691,2053551,210567.0,319,224822,0.07,x86_64,x86_64,True,True,transfer_mode=direct;iterations=3;precopy_streamed_iters=3;precopy_stream_archive_ms=3076;precopy_stream_transfer_ms=1687077;precopy_stream_unpack_ms=2459;precopy_stream_bytes=17026515,2026-05-18T05:26:28.513723,6_TEE_Avg,1697995.0,691.0,1948960.0,0.0,0.0,730.0,14767.0,209044.0,0.0,0.0,792.0,direct,223812,14767.0,224822
17-05-2026-direct-precopy-0003,CRIU,precopy,no,639,2022412,190732.0,313,206573,0.08,x86_64,x86_64,True,True,transfer_mode=direct;iterations=3;precopy_streamed_iters=3;precopy_stream_archive_ms=3039;precopy_stream_transfer_ms=1775203;precopy_stream_unpack_ms=2470;precopy_stream_bytes=16951674,2026-05-18T06:00:16.389318,6_TEE_Avg,1786131.0,639.0,2014276.0,0.0,0.0,720.0,16363.0,189257.0,0.0,0.0,754.0,direct,205621,16363.0,206573
17-05-2026-direct-precopy-0004,CRIU,precopy,no,654,2018332,295570.0,334,308025,0.05,x86_64,x86_64,True,True,transfer_mode=direct;iterations=3;precopy_streamed_iters=3;precopy_stream_archive_ms=3047;precopy_stream_transfer_ms=1813020;precopy_stream_unpack_ms=2334;precopy_stream_bytes=16915275,2026-05-18T06:36:28.784179,6_TEE_Avg,1823815.0,654.0,2158967.0,0.0,0.0,716.0,12997.0,294039.0,0.0,0.0,814.0,direct,307037,12997.0,308025
17-05-2026-direct-precopy-0005,CRIU,precopy,no,655,2043019,218416.0,432,233398,0.07,x86_64,x86_64,True,True,transfer_mode=direct;iterations=3;precopy_streamed_iters=3;precopy_stream_archive_ms=2998;precopy_stream_transfer_ms=1749495;precopy_stream_unpack_ms=2474;precopy_stream_bytes=17021879,2026-05-18T07:10:26.299917,6_TEE_Avg,1760427.0,655.0,2023656.0,0.0,0.0,737.0,15426.0,216885.0,0.0,0.0,794.0,direct,232311,15426.0,233398
17-05-2026-direct-precopy-0006,CRIU,precopy,no,635,2049274,216545.0,310,236360,0.07,x86_64,x86_64,True,True,transfer_mode=direct;iterations=3;precopy_streamed_iters=3;precopy_stream_archive_ms=3078;precopy_stream_transfer_ms=1726798;precopy_stream_unpack_ms=2348;precopy_stream_bytes=17041555,2026-05-18T07:43:59.806741,6_TEE_Avg,1737748.0,635.0,1999720.0,0.0,0.0,720.0,20329.0,215085.0,0.0,0.0,739.0,direct,235415,20329.0,236360
17-05-2026-direct-precopy-0007,CRIU,precopy,no,632,2013727,215761.0,319,231256,0.07,x86_64,x86_64,True,True,transfer_mode=direct;iterations=3;precopy_streamed_iters=3;precopy_stream_archive_ms=2993;precopy_stream_transfer_ms=1815625;precopy_stream_unpack_ms=2408;precopy_stream_bytes=16943278,2026-05-18T08:18:58.786797,6_TEE_Avg,1826498.0,632.0,2085347.0,0.0,0.0,734.0,16025.0,214280.0,0.0,0.0,747.0,direct,230305,16025.0,231256
17-05-2026-direct-precopy-0008,CRIU,precopy,no,664,1962913,186433.0,352,199635,0.08,x86_64,x86_64,True,True,transfer_mode=direct;iterations=3;precopy_streamed_iters=3;precopy_stream_archive_ms=2998;precopy_stream_transfer_ms=1968481;precopy_stream_unpack_ms=2396;precopy_stream_bytes=16899098,2026-05-18T08:55:57.847582,6_TEE_Avg,1979512.0,664.0,2205247.0,0.0,0.0,720.0,13677.0,184941.0,0.0,0.0,771.0,direct,198619,13677.0,199635
17-05-2026-direct-precopy-0009,CRIU,precopy,no,721,2047125,182713.0,321,198763,0.08,x86_64,x86_64,True,True,transfer_mode=direct;iterations=3;precopy_streamed_iters=3;precopy_stream_archive_ms=3034;precopy_stream_transfer_ms=1744558;precopy_stream_unpack_ms=2423;precopy_stream_bytes=16889916,2026-05-18T09:29:15.220139,6_TEE_Avg,1755537.0,721.0,1983601.0,0.0,0.0,723.0,16477.0,181243.0,0.0,0.0,746.0,direct,197721,16477.0,198763
18-05-2026-host-cold-0000,CRIU,cold,no,403,12682187,2479848.0,530,2511621,0.04,x86_64,x86_64,True,True,transfer_mode=host;relay_node=edge-host-1,2026-05-18T10:55:31.000286,6_TEE_Avg,0.0,0.0,2523208.0,0.0,0.0,1624.0,33371.0,1211405.0,1264562.0,1348.0,907.0,host,2510688,33371.0,2511621
18-05-2026-host-cold-0001,CRIU,cold,no,321,12681545,2521879.0,290,2551106,0.04,x86_64,x86_64,True,True,transfer_mode=host;relay_node=edge-host-1,2026-05-18T11:38:25.998930,6_TEE_Avg,0.0,0.0,2561641.0,0.0,0.0,1662.0,31144.0,1287999.0,1230725.0,626.0,866.0,host,2550495,31144.0,2551106
18-05-2026-host-cold-0002,CRIU,cold,no,413,12681457,2354983.0,342,2382719,0.04,x86_64,x86_64,True,True,transfer_mode=host;relay_node=edge-host-1,2026-05-18T12:18:33.279596,6_TEE_Avg,0.0,0.0,2393361.0,0.0,0.0,1632.0,29481.0,1119500.0,1232357.0,625.0,868.0,host,2381964,29481.0,2382719
18-05-2026-host-cold-0003,CRIU,cold,no,344,12681489,2474173.0,367,2503852,0.04,x86_64,x86_64,True,True,transfer_mode=host;relay_node=edge-host-1,2026-05-18T13:00:41.265010,6_TEE_Avg,0.0,0.0,2514375.0,0.0,0.0,1587.0,31408.0,1222942.0,1248189.0,600.0,853.0,host,2503141,31408.0,2503852
18-05-2026-host-cold-0004,CRIU,cold,no,336,12681414,2435353.0,315,2487140,0.04,x86_64,x86_64,True,True,transfer_mode=host;relay_node=edge-host-1,2026-05-18T13:42:32.923931,6_TEE_Avg,0.0,0.0,2497713.0,0.0,0.0,1598.0,53572.0,1208923.0,1223372.0,620.0,838.0,host,2486489,53572.0,2487140
18-05-2026-host-cold-0005,CRIU,cold,no,366,12681416,2360618.0,308,2393327,0.04,x86_64,x86_64,True,True,transfer_mode=host;relay_node=edge-host-1,2026-05-18T14:22:50.472959,6_TEE_Avg,0.0,0.0,2403853.0,0.0,0.0,1629.0,34521.0,1107724.0,1249802.0,604.0,857.0,host,2392653,34521.0,2393327
18-05-2026-host-cold-0007,CRIU,cold,no,343,12681425,2610427.0,336,2638802,0.04,x86_64,x86_64,True,True,transfer_mode=host;relay_node=edge-host-1,2026-05-18T15:07:47.846079,6_TEE_Avg,0.0,0.0,2649409.0,0.0,0.0,1599.0,30178.0,1303278.0,1304068.0,598.0,883.0,host,2638123,30178.0,2638802
18-05-2026-host-cold-0008,CRIU,cold,no,350,12681179,2456556.0,319,2485632,0.04,x86_64,x86_64,True,True,transfer_mode=host;relay_node=edge-host-1,2026-05-18T15:49:37.875678,6_TEE_Avg,0.0,0.0,2496194.0,0.0,0.0,1604.0,30902.0,1252256.0,1201179.0,624.0,891.0,host,2484963,30902.0,2485632
18-05-2026-host-cold-0009,CRIU,cold,no,352,12681260,2312567.0,348,2348307,0.04,x86_64,x86_64,True,True,transfer_mode=host;relay_node=edge-host-1,2026-05-18T16:29:10.407823,6_TEE_Avg,0.0,0.0,2358862.0,0.0,0.0,1667.0,37605.0,1228594.0,1080800.0,605.0,898.0,host,2347607,37605.0,2348307
18-05-2026-direct-cold-0000,CRIU,cold,no,348,12681472,1309501.0,307,1319352,0.08,x86_64,x86_64,True,True,transfer_mode=direct,2026-05-18T16:51:49.570192,6_TEE_Avg,0.0,0.0,1345320.0,0.0,0.0,1587.0,11679.0,1307017.0,0.0,0.0,896.0,direct,1318697,11679.0,1319352
18-05-2026-direct-cold-0001,CRIU,cold,no,358,12681495,1262869.0,339,1272735,0.08,x86_64,x86_64,True,True,transfer_mode=direct,2026-05-18T17:13:42.848425,6_TEE_Avg,0.0,0.0,1299605.0,0.0,0.0,1631.0,11633.0,1260404.0,0.0,0.0,833.0,direct,1272038,11633.0,1272735
18-05-2026-direct-cold-0002,CRIU,cold,no,357,12681524,1081190.0,326,1093831,0.09,x86_64,x86_64,True,True,transfer_mode=direct,2026-05-18T17:32:32.778478,6_TEE_Avg,0.0,0.0,1116284.0,0.0,0.0,1633.0,14503.0,1078645.0,0.0,0.0,912.0,direct,1093148,14503.0,1093831
18-05-2026-direct-cold-0003,CRIU,cold,no,357,12681479,1210872.0,327,1225631,0.08,x86_64,x86_64,True,True,transfer_mode=direct,2026-05-18T17:53:34.848909,6_TEE_Avg,0.0,0.0,1248412.0,0.0,0.0,1634.0,16553.0,1208394.0,0.0,0.0,844.0,direct,1224947,16553.0,1225631
18-05-2026-direct-cold-0004,CRIU,cold,no,352,12681648,1232592.0,335,1242316,0.08,x86_64,x86_64,True,True,transfer_mode=direct,2026-05-18T18:14:58.086229,6_TEE_Avg,0.0,0.0,1269322.0,0.0,0.0,1666.0,11570.0,1230059.0,0.0,0.0,867.0,direct,1241629,11570.0,1242316
18-05-2026-direct-cold-0005,CRIU,cold,no,363,12681525,1265732.0,372,1283150,0.08,x86_64,x86_64,True,True,transfer_mode=direct,2026-05-18T18:37:06.371725,6_TEE_Avg,0.0,0.0,1314553.0,0.0,0.0,1616.0,19201.0,1263213.0,0.0,0.0,902.0,direct,1282415,19201.0,1283150
18-05-2026-direct-cold-0006,CRIU,cold,no,361,12681550,1284710.0,340,1296722,0.08,x86_64,x86_64,True,True,transfer_mode=direct,2026-05-18T18:59:20.304011,6_TEE_Avg,0.0,0.0,1320416.0,0.0,0.0,1597.0,13748.0,1282273.0,0.0,0.0,840.0,direct,1296021,13748.0,1296722
18-05-2026-direct-cold-0007,CRIU,cold,no,353,12681445,1200289.0,365,1218766,0.08,x86_64,x86_64,True,True,transfer_mode=direct,2026-05-18T19:20:14.761174,6_TEE_Avg,0.0,0.0,1240743.0,0.0,0.0,1631.0,20215.0,1197832.0,0.0,0.0,825.0,direct,1218048,20215.0,1218766
18-05-2026-direct-cold-0008,CRIU,cold,no,356,12681456,1195697.0,318,1224957,0.08,x86_64,x86_64,True,True,transfer_mode=direct,2026-05-18T19:41:17.559679,6_TEE_Avg,0.0,0.0,1249025.0,0.0,0.0,1605.0,31107.0,1193176.0,0.0,0.0,916.0,direct,1224283,31107.0,1224957
18-05-2026-direct-cold-0009,CRIU,cold,no,339,12681436,1092956.0,371,1104755,0.09,x86_64,x86_64,True,True,transfer_mode=direct,2026-05-18T20:00:21.202714,6_TEE_Avg,0.0,0.0,1129849.0,0.0,0.0,1601.0,13540.0,1090504.0,0.0,0.0,850.0,direct,1104045,13540.0,1104755
18-05-2026-host-precopy-0000,CRIU,precopy,no,638,1760850,300148.0,323,329684,0.04,x86_64,x86_64,True,True,transfer_mode=host;iterations=3;relay_node=edge-host-1;precopy_streamed_iters=3;precopy_stream_archive_ms=2995;precopy_stream_transfer_ms=3261596;precopy_stream_unpack_ms=2430;precopy_stream_bytes=16282811,2026-05-18T21:00:46.833468,6_TEE_Avg,3272538.0,638.0,3611716.0,0.0,0.0,759.0,30074.0,120231.0,177815.0,600.0,740.0,host,328723,30074.0,329684
18-05-2026-host-precopy-0001,CRIU,precopy,no,642,1761931,367396.0,358,392115,0.04,x86_64,x86_64,True,True,transfer_mode=host;iterations=3;relay_node=edge-host-1;precopy_streamed_iters=3;precopy_stream_archive_ms=3030;precopy_stream_transfer_ms=3305029;precopy_stream_unpack_ms=2386;precopy_stream_bytes=16286652,2026-05-18T22:02:58.279849,6_TEE_Avg,3315933.0,642.0,3717658.0,0.0,0.0,704.0,25194.0,178711.0,186584.0,625.0,771.0,host,391115,25194.0,392115
18-05-2026-host-precopy-0002,CRIU,precopy,no,662,1758397,342607.0,332,368893,0.04,x86_64,x86_64,True,True,transfer_mode=host;iterations=3;relay_node=edge-host-1;precopy_streamed_iters=3;precopy_stream_archive_ms=2994;precopy_stream_transfer_ms=3249730;precopy_stream_unpack_ms=2407;precopy_stream_bytes=16287506,2026-05-18T23:03:51.293684,6_TEE_Avg,3260607.0,662.0,3639150.0,0.0,0.0,731.0,26824.0,169253.0,171145.0,676.0,801.0,host,367899,26824.0,368893
18-05-2026-host-precopy-0003,CRIU,precopy,no,643,1756635,321188.0,321,362528,0.04,x86_64,x86_64,True,True,transfer_mode=host;iterations=3;relay_node=edge-host-1;precopy_streamed_iters=3;precopy_stream_archive_ms=3002;precopy_stream_transfer_ms=3404601;precopy_stream_unpack_ms=2475;precopy_stream_bytes=16265986,2026-05-19T00:07:12.774521,6_TEE_Avg,3415584.0,643.0,3787636.0,0.0,0.0,705.0,41846.0,157194.0,161939.0,583.0,765.0,host,361564,41846.0,362528
18-05-2026-host-precopy-0004,CRIU,precopy,no,762,1761485,340654.0,380,368967,0.04,x86_64,x86_64,True,True,transfer_mode=host;iterations=3;relay_node=edge-host-1;precopy_streamed_iters=3;precopy_stream_archive_ms=2971;precopy_stream_transfer_ms=3468399;precopy_stream_unpack_ms=2390;precopy_stream_bytes=16205929,2026-05-19T01:11:44.495900,6_TEE_Avg,3479159.0,762.0,3857714.0,0.0,0.0,742.0,28661.0,197236.0,141336.0,591.0,748.0,host,367825,28661.0,368967
18-05-2026-host-precopy-0005,CRIU,precopy,no,640,1756013,351762.0,319,381542,0.04,x86_64,x86_64,True,True,transfer_mode=host;iterations=3;relay_node=edge-host-1;precopy_streamed_iters=3;precopy_stream_archive_ms=2980;precopy_stream_transfer_ms=3408888;precopy_stream_unpack_ms=2382;precopy_stream_bytes=16229178,2026-05-19T02:15:28.999150,6_TEE_Avg,3419709.0,640.0,3810723.0,0.0,0.0,708.0,30308.0,156729.0,192869.0,676.0,779.0,host,380583,30308.0,381542
18-05-2026-host-precopy-0006,CRIU,precopy,no,649,1765631,361008.0,360,399326,0.04,x86_64,x86_64,True,True,transfer_mode=host;iterations=3;relay_node=edge-host-1;precopy_streamed_iters=3;precopy_stream_archive_ms=3019;precopy_stream_transfer_ms=3354818;precopy_stream_unpack_ms=2373;precopy_stream_bytes=16294628,2026-05-19T03:18:37.481267,6_TEE_Avg,3365748.0,649.0,3774587.0,0.0,0.0,688.0,38741.0,186476.0,172494.0,604.0,744.0,host,398317,38741.0,399326
18-05-2026-host-precopy-0007,CRIU,precopy,no,659,1758778,363910.0,350,395708,0.04,x86_64,x86_64,True,True,transfer_mode=host;iterations=3;relay_node=edge-host-1;precopy_streamed_iters=3;precopy_stream_archive_ms=2962;precopy_stream_transfer_ms=3250404;precopy_stream_unpack_ms=2364;precopy_stream_bytes=16296918,2026-05-19T04:19:57.593249,6_TEE_Avg,3261159.0,659.0,3666447.0,0.0,0.0,731.0,32333.0,172711.0,189053.0,600.0,813.0,host,394699,32333.0,395708
18-05-2026-host-precopy-0008,CRIU,precopy,no,661,1757195,389424.0,346,419400,0.03,x86_64,x86_64,True,True,transfer_mode=host;iterations=3;relay_node=edge-host-1;precopy_streamed_iters=3;precopy_stream_archive_ms=3002;precopy_stream_transfer_ms=3427277;precopy_stream_unpack_ms=2371;precopy_stream_bytes=16260097,2026-05-19T05:24:38.425143,6_TEE_Avg,3438060.0,661.0,3866989.0,0.0,0.0,727.0,30446.0,218112.0,169233.0,601.0,750.0,host,418393,30446.0,419400
18-05-2026-host-precopy-0009,CRIU,precopy,no,682,1765000,361559.0,314,391668,0.04,x86_64,x86_64,True,True,transfer_mode=host;iterations=3;relay_node=edge-host-1;precopy_streamed_iters=3;precopy_stream_archive_ms=3048;precopy_stream_transfer_ms=3375073;precopy_stream_unpack_ms=2407;precopy_stream_bytes=16275004,2026-05-19T06:27:59.674523,6_TEE_Avg,3386011.0,682.0,3787391.0,0.0,0.0,769.0,30646.0,185193.0,174241.0,591.0,764.0,host,390672,30646.0,391668
18-05-2026-direct-precopy-0000,CRIU,precopy,no,664,2063063,194432.0,315,205700,0.08,x86_64,x86_64,True,True,transfer_mode=direct;iterations=3;precopy_streamed_iters=3;precopy_stream_archive_ms=3118;precopy_stream_transfer_ms=1667666;precopy_stream_unpack_ms=2387;precopy_stream_bytes=17009111,2026-05-19T07:00:02.994887,6_TEE_Avg,1678642.0,664.0,1909425.0,0.0,0.0,718.0,11750.0,192971.0,0.0,0.0,743.0,direct,204721,11750.0,205700
18-05-2026-direct-precopy-0001,CRIU,precopy,no,661,2042905,241539.0,346,257267,0.06,x86_64,x86_64,True,True,transfer_mode=direct;iterations=3;precopy_streamed_iters=3;precopy_stream_archive_ms=3021;precopy_stream_transfer_ms=1747565;precopy_stream_unpack_ms=2528;precopy_stream_bytes=16928118,2026-05-19T07:34:14.534356,6_TEE_Avg,1758549.0,661.0,2037678.0,0.0,0.0,740.0,16201.0,240059.0,0.0,0.0,740.0,direct,256260,16201.0,257267
18-05-2026-direct-precopy-0002,CRIU,precopy,no,630,2060173,224537.0,350,236607,0.07,x86_64,x86_64,True,True,transfer_mode=direct;iterations=3;precopy_streamed_iters=3;precopy_stream_archive_ms=3067;precopy_stream_transfer_ms=1674442;precopy_stream_unpack_ms=2343;precopy_stream_bytes=17080540,2026-05-19T08:06:53.570214,6_TEE_Avg,1685286.0,630.0,1945397.0,0.0,0.0,721.0,12565.0,223061.0,0.0,0.0,754.0,direct,235627,12565.0,236607
18-05-2026-direct-precopy-0003,CRIU,precopy,no,640,2059505,222892.0,356,235778,0.07,x86_64,x86_64,True,True,transfer_mode=direct;iterations=3;precopy_streamed_iters=3;precopy_stream_archive_ms=3014;precopy_stream_transfer_ms=1666437;precopy_stream_unpack_ms=2473;precopy_stream_bytes=17032205,2026-05-19T08:39:26.500618,6_TEE_Avg,1677564.0,640.0,1938983.0,0.0,0.0,727.0,13410.0,221371.0,0.0,0.0,793.0,direct,234782,13410.0,235778
18-05-2026-direct-precopy-0004,CRIU,precopy,no,644,2059511,202673.0,342,214723,0.08,x86_64,x86_64,True,True,transfer_mode=direct;iterations=3;precopy_streamed_iters=3;precopy_stream_archive_ms=3017;precopy_stream_transfer_ms=1668591;precopy_stream_unpack_ms=2348;precopy_stream_bytes=17076276,2026-05-19T09:11:42.926981,6_TEE_Avg,1679430.0,644.0,1922665.0,0.0,0.0,752.0,12565.0,201171.0,0.0,0.0,749.0,direct,213737,12565.0,214723
18-05-2026-direct-precopy-0005,CRIU,precopy,no,666,2034404,210169.0,323,221265,0.07,x86_64,x86_64,True,True,transfer_mode=direct;iterations=3;precopy_streamed_iters=3;precopy_stream_archive_ms=3079;precopy_stream_transfer_ms=1757537;precopy_stream_unpack_ms=2338;precopy_stream_bytes=16982163,2026-05-19T09:45:32.972797,6_TEE_Avg,1768496.0,666.0,2016282.0,0.0,0.0,730.0,11592.0,208683.0,0.0,0.0,755.0,direct,220276,11592.0,221265
18-05-2026-direct-precopy-0006,CRIU,precopy,no,711,2027486,165426.0,312,179705,0.09,x86_64,x86_64,True,True,transfer_mode=direct;iterations=3;precopy_streamed_iters=3;precopy_stream_archive_ms=2994;precopy_stream_transfer_ms=1765698;precopy_stream_unpack_ms=2378;precopy_stream_bytes=16975127,2026-05-19T10:18:52.043204,6_TEE_Avg,1776580.0,711.0,1985255.0,0.0,0.0,804.0,14814.0,163867.0,0.0,0.0,754.0,direct,178682,14814.0,179705
18-05-2026-direct-precopy-0007,CRIU,precopy,no,649,1992738,226151.0,319,244189,0.07,x86_64,x86_64,True,True,transfer_mode=direct;iterations=3;precopy_streamed_iters=3;precopy_stream_archive_ms=2988;precopy_stream_transfer_ms=1898295;precopy_stream_unpack_ms=2421;precopy_stream_bytes=16870379,2026-05-19T10:55:20.429400,6_TEE_Avg,1909219.0,649.0,2174494.0,0.0,0.0,712.0,18590.0,224631.0,0.0,0.0,808.0,direct,243221,18590.0,244189
18-05-2026-direct-precopy-0008,CRIU,precopy,no,643,2048932,202192.0,319,219439,0.08,x86_64,x86_64,True,True,transfer_mode=direct;iterations=3;precopy_streamed_iters=3;precopy_stream_archive_ms=2986;precopy_stream_transfer_ms=1721470;precopy_stream_unpack_ms=2336;precopy_stream_bytes=16991065,2026-05-19T11:28:32.263611,6_TEE_Avg,1732258.0,643.0,1978179.0,0.0,0.0,722.0,17752.0,200725.0,0.0,0.0,745.0,direct,218477,17752.0,219439
18-05-2026-direct-precopy-0009,CRIU,precopy,no,632,2059640,229498.0,327,243333,0.07,x86_64,x86_64,True,True,transfer_mode=direct;iterations=3;precopy_streamed_iters=3;precopy_stream_archive_ms=2998;precopy_stream_transfer_ms=1676242;precopy_stream_unpack_ms=2411;precopy_stream_bytes=17039523,2026-05-19T12:01:26.918539,6_TEE_Avg,1687250.0,632.0,1961065.0,0.0,0.0,792.0,14465.0,227909.0,0.0,0.0,797.0,direct,242374,14465.0,243333
19-05-2026-host-cold-0000,CRIU,cold,no,513,12682163,2495143.0,418,2526237,0.04,x86_64,x86_64,True,True,transfer_mode=host;relay_node=edge-host-1,2026-05-19T13:28:22.277180,6_TEE_Avg,0.0,0.0,2537653.0,0.0,0.0,1605.0,32614.0,1294777.0,1197275.0,638.0,846.0,host,2525306,32614.0,2526237
19-05-2026-host-cold-0001,CRIU,cold,no,371,12681511,2568140.0,332,2599325,0.04,x86_64,x86_64,True,True,transfer_mode=host;relay_node=edge-host-1,2026-05-19T14:12:05.675052,6_TEE_Avg,0.0,0.0,2609873.0,0.0,0.0,1601.0,32938.0,1323935.0,1240386.0,1362.0,855.0,host,2598622,32938.0,2599325
19-05-2026-host-cold-0002,CRIU,cold,no,368,12681418,2415666.0,358,2450536,0.04,x86_64,x86_64,True,True,transfer_mode=host;relay_node=edge-host-1,2026-05-19T14:53:20.817569,6_TEE_Avg,0.0,0.0,2461423.0,0.0,0.0,1598.0,36714.0,1206051.0,1206402.0,641.0,972.0,host,2449810,36714.0,2450536
19-05-2026-host-cold-0003,CRIU,cold,no,359,12681480,2498107.0,349,2539712,0.04,x86_64,x86_64,True,True,transfer_mode=host;relay_node=edge-host-1,2026-05-19T15:36:04.606381,6_TEE_Avg,0.0,0.0,2550129.0,0.0,0.0,1598.0,43331.0,1282503.0,1212521.0,647.0,836.0,host,2539004,43331.0,2539712
19-05-2026-host-cold-0004,CRIU,cold,no,346,12681208,2411958.0,327,2446880,0.04,x86_64,x86_64,True,True,transfer_mode=host;relay_node=edge-host-1,2026-05-19T16:17:16.052779,6_TEE_Avg,0.0,0.0,2457639.0,0.0,0.0,1692.0,36779.0,1121166.0,1287540.0,721.0,838.0,host,2446207,36779.0,2446880
19-05-2026-host-cold-0005,CRIU,cold,no,364,12681474,2340062.0,334,2396401,0.04,x86_64,x86_64,True,True,transfer_mode=host;relay_node=edge-host-1,2026-05-19T16:57:36.727188,6_TEE_Avg,0.0,0.0,2407113.0,0.0,0.0,1626.0,58208.0,1232323.0,1104565.0,605.0,941.0,host,2395703,58208.0,2396401
19-05-2026-host-cold-0006,CRIU,cold,no,329,12681483,2555666.0,316,2582546,0.04,x86_64,x86_64,True,True,transfer_mode=host;relay_node=edge-host-1,2026-05-19T17:41:03.882795,6_TEE_Avg,0.0,0.0,2593116.0,0.0,0.0,1665.0,28785.0,1313864.0,1238661.0,589.0,885.0,host,2581901,28785.0,2582546
19-05-2026-host-cold-0007,CRIU,cold,no,365,12681462,2506835.0,334,2536591,0.04,x86_64,x86_64,True,True,transfer_mode=host;relay_node=edge-host-1,2026-05-19T18:23:44.835864,6_TEE_Avg,0.0,0.0,2547225.0,0.0,0.0,1683.0,31593.0,1204014.0,1299658.0,625.0,853.0,host,2535892,31593.0,2536591
19-05-2026-host-cold-0008,CRIU,cold,no,368,12681475,2202439.0,330,2226769,0.05,x86_64,x86_64,True,True,transfer_mode=host;relay_node=edge-host-1,2026-05-19T19:01:15.656478,6_TEE_Avg,0.0,0.0,2237312.0,0.0,0.0,1628.0,26108.0,1127942.0,1071339.0,681.0,848.0,host,2226071,26108.0,2226769
19-05-2026-host-cold-0009,CRIU,cold,no,374,12681375,2504208.0,329,2537328,0.04,x86_64,x86_64,True,True,transfer_mode=host;relay_node=edge-host-1,2026-05-19T19:43:57.009739,6_TEE_Avg,0.0,0.0,2547797.0,0.0,0.0,1615.0,34877.0,1305867.0,1195285.0,594.0,845.0,host,2536625,34877.0,2537328
19-05-2026-direct-cold-0000,CRIU,cold,no,350,12681707,1060032.0,394,1077022,0.09,x86_64,x86_64,True,True,transfer_mode=direct,2026-05-19T20:02:29.764331,6_TEE_Avg,0.0,0.0,1098774.0,0.0,0.0,1621.0,18749.0,1057528.0,0.0,0.0,882.0,direct,1076278,18749.0,1077022
19-05-2026-direct-cold-0001,CRIU,cold,no,338,12681516,1312861.0,342,1323622,0.08,x86_64,x86_64,True,True,transfer_mode=direct,2026-05-19T20:25:11.586221,6_TEE_Avg,0.0,0.0,1347993.0,0.0,0.0,1602.0,12598.0,1310344.0,0.0,0.0,915.0,direct,1322942,12598.0,1323622
19-05-2026-direct-cold-0002,CRIU,cold,no,368,12681442,1241407.0,326,1251234,0.08,x86_64,x86_64,True,True,transfer_mode=direct,2026-05-19T20:46:42.295675,6_TEE_Avg,0.0,0.0,1276719.0,0.0,0.0,1601.0,11630.0,1238909.0,0.0,0.0,896.0,direct,1250540,11630.0,1251234
19-05-2026-direct-cold-0003,CRIU,cold,no,352,12681230,1308059.0,355,1321550,0.08,x86_64,x86_64,True,True,transfer_mode=direct,2026-05-19T21:09:24.423108,6_TEE_Avg,0.0,0.0,1348428.0,0.0,0.0,1636.0,15269.0,1305573.0,0.0,0.0,849.0,direct,1320843,15269.0,1321550
19-05-2026-direct-cold-0004,CRIU,cold,no,347,12681314,1130713.0,386,1152223,0.09,x86_64,x86_64,True,True,transfer_mode=direct,2026-05-19T21:29:13.711967,6_TEE_Avg,0.0,0.0,1175633.0,0.0,0.0,1584.0,23249.0,1128241.0,0.0,0.0,888.0,direct,1151490,23249.0,1152223
19-05-2026-direct-cold-0005,CRIU,cold,no,440,12681531,1089476.0,360,1103279,0.09,x86_64,x86_64,True,True,transfer_mode=direct,2026-05-19T21:48:14.394318,6_TEE_Avg,0.0,0.0,1127152.0,0.0,0.0,1666.0,15568.0,1086911.0,0.0,0.0,899.0,direct,1102479,15568.0,1103279
19-05-2026-direct-cold-0006,CRIU,cold,no,350,12681558,1129395.0,300,1143659,0.09,x86_64,x86_64,True,True,transfer_mode=direct,2026-05-19T22:08:04.128877,6_TEE_Avg,0.0,0.0,1175728.0,0.0,0.0,1666.0,16122.0,1126886.0,0.0,0.0,842.0,direct,1143009,16122.0,1143659
19-05-2026-direct-cold-0007,CRIU,cold,no,365,12681476,1346038.0,413,1367663,0.07,x86_64,x86_64,True,True,transfer_mode=direct,2026-05-19T22:31:32.340603,6_TEE_Avg,0.0,0.0,1394394.0,0.0,0.0,1661.0,23366.0,1343519.0,0.0,0.0,858.0,direct,1366885,23366.0,1367663
19-05-2026-direct-cold-0008,CRIU,cold,no,359,12681522,1166792.0,333,1177272,0.09,x86_64,x86_64,True,True,transfer_mode=direct,2026-05-19T22:51:56.219591,6_TEE_Avg,0.0,0.0,1210193.0,0.0,0.0,1609.0,12244.0,1164336.0,0.0,0.0,847.0,direct,1176580,12244.0,1177272
19-05-2026-direct-cold-0009,CRIU,cold,no,401,12681585,1360471.0,411,1375453,0.07,x86_64,x86_64,True,True,transfer_mode=direct,2026-05-19T23:15:33.209242,6_TEE_Avg,0.0,0.0,1403175.0,0.0,0.0,1603.0,16623.0,1358018.0,0.0,0.0,850.0,direct,1374641,16623.0,1375453
19-05-2026-host-precopy-0000,CRIU,precopy,no,903,1764614,368261.0,492,399852,0.04,x86_64,x86_64,True,True,transfer_mode=host;iterations=3;relay_node=edge-host-1;precopy_streamed_iters=3;precopy_stream_archive_ms=3005;precopy_stream_transfer_ms=3349620;precopy_stream_unpack_ms=2382;precopy_stream_bytes=16248053,2026-05-20T00:18:37.002951,6_TEE_Avg,3360634.0,903.0,3770152.0,0.0,0.0,722.0,31701.0,184146.0,181950.0,658.0,783.0,host,398457,31701.0,399852
19-05-2026-host-precopy-0001,CRIU,precopy,no,632,1755388,386592.0,319,415270,0.03,x86_64,x86_64,True,True,transfer_mode=host;iterations=3;relay_node=edge-host-1;precopy_streamed_iters=3;precopy_stream_archive_ms=3010;precopy_stream_transfer_ms=3391177;precopy_stream_unpack_ms=2438;precopy_stream_bytes=16241223,2026-05-20T01:22:37.940165,6_TEE_Avg,3402139.0,632.0,3827029.0,0.0,0.0,826.0,29348.0,191461.0,192725.0,784.0,795.0,host,414319,29348.0,415270
19-05-2026-host-precopy-0002,CRIU,precopy,no,705,1757263,264947.0,344,304464,0.05,x86_64,x86_64,True,True,transfer_mode=host;iterations=3;relay_node=edge-host-1;precopy_streamed_iters=3;precopy_stream_archive_ms=3020;precopy_stream_transfer_ms=3423557;precopy_stream_unpack_ms=2342;precopy_stream_bytes=16237163,2026-05-20T02:25:20.388039,6_TEE_Avg,3434441.0,705.0,3748518.0,0.0,0.0,720.0,39947.0,165682.0,97184.0,601.0,759.0,host,303415,39947.0,304464
19-05-2026-host-precopy-0003,CRIU,precopy,no,679,1768693,421877.0,317,461721,0.03,x86_64,x86_64,True,True,transfer_mode=host;iterations=3;relay_node=edge-host-1;precopy_streamed_iters=3;precopy_stream_archive_ms=2997;precopy_stream_transfer_ms=3153523;precopy_stream_unpack_ms=2371;precopy_stream_bytes=16321753,2026-05-20T03:26:09.922051,6_TEE_Avg,3164421.0,679.0,3635950.0,0.0,0.0,709.0,40347.0,213564.0,206190.0,623.0,790.0,host,460725,40347.0,461721
19-05-2026-host-precopy-0004,CRIU,precopy,no,814,1756543,348745.0,321,383579,0.04,x86_64,x86_64,True,True,transfer_mode=host;iterations=3;relay_node=edge-host-1;precopy_streamed_iters=3;precopy_stream_archive_ms=3064;precopy_stream_transfer_ms=3296594;precopy_stream_unpack_ms=2382;precopy_stream_bytes=16279577,2026-05-20T04:28:04.952642,6_TEE_Avg,3307622.0,814.0,3700902.0,0.0,0.0,703.0,35159.0,183579.0,163117.0,587.0,757.0,host,382444,35159.0,383579
19-05-2026-host-precopy-0005,CRIU,precopy,no,681,1758848,411649.0,489,443966,0.03,x86_64,x86_64,True,True,transfer_mode=host;iterations=3;relay_node=edge-host-1;precopy_streamed_iters=3;precopy_stream_archive_ms=2965;precopy_stream_transfer_ms=3429604;precopy_stream_unpack_ms=2347;precopy_stream_bytes=16224496,2026-05-20T05:33:12.709706,6_TEE_Avg,3440492.0,681.0,3894065.0,0.0,0.0,700.0,32617.0,162947.0,246629.0,602.0,770.0,host,442796,32617.0,443966
19-05-2026-host-precopy-0006,CRIU,precopy,no,650,1766891,339517.0,440,368723,0.04,x86_64,x86_64,True,True,transfer_mode=host;iterations=3;relay_node=edge-host-1;precopy_streamed_iters=3;precopy_stream_archive_ms=2966;precopy_stream_transfer_ms=3356757;precopy_stream_unpack_ms=2345;precopy_stream_bytes=16245691,2026-05-20T06:35:52.323340,6_TEE_Avg,3367571.0,650.0,3745889.0,0.0,0.0,707.0,29591.0,150428.0,187023.0,589.0,768.0,host,367633,29591.0,368723
19-05-2026-host-precopy-0007,CRIU,precopy,no,699,1766303,445133.0,357,485187,0.03,x86_64,x86_64,True,True,transfer_mode=host;iterations=3;relay_node=edge-host-1;precopy_streamed_iters=3;precopy_stream_archive_ms=3028;precopy_stream_transfer_ms=3524075;precopy_stream_unpack_ms=2363;precopy_stream_bytes=16247606,2026-05-20T07:43:15.846819,6_TEE_Avg,3534917.0,699.0,4029618.0,0.0,0.0,723.0,40472.0,223377.0,219683.0,598.0,751.0,host,484131,40472.0,485187
19-05-2026-host-precopy-0008,CRIU,precopy,no,633,1754247,430993.0,338,469786,0.03,x86_64,x86_64,True,True,transfer_mode=host;iterations=3;relay_node=edge-host-1;precopy_streamed_iters=3;precopy_stream_archive_ms=3027;precopy_stream_transfer_ms=3388129;precopy_stream_unpack_ms=2356;precopy_stream_bytes=16246256,2026-05-20T08:48:08.448764,6_TEE_Avg,3399009.0,633.0,3878378.0,0.0,0.0,745.0,39316.0,218745.0,210178.0,574.0,749.0,host,468815,39316.0,469786
19-05-2026-host-precopy-0009,CRIU,precopy,no,678,1759073,372048.0,328,402979,0.04,x86_64,x86_64,True,True,transfer_mode=host;iterations=3;relay_node=edge-host-1;precopy_streamed_iters=3;precopy_stream_archive_ms=2979;precopy_stream_transfer_ms=3249693;precopy_stream_unpack_ms=2369;precopy_stream_bytes=16295388,2026-05-20T09:49:35.543709,6_TEE_Avg,3260624.0,678.0,3673266.0,0.0,0.0,748.0,31418.0,179668.0,190281.0,604.0,745.0,host,401973,31418.0,402979
19-05-2026-direct-precopy-0000,CRIU,precopy,no,646,2064799,295769.0,316,308162,0.05,x86_64,x86_64,True,True,transfer_mode=direct;iterations=3;precopy_streamed_iters=3;precopy_stream_archive_ms=3047;precopy_stream_transfer_ms=1678741;precopy_stream_unpack_ms=2392;precopy_stream_bytes=17034387,2026-05-20T10:23:36.082277,6_TEE_Avg,1689610.0,646.0,2026823.0,0.0,0.0,734.0,12923.0,294277.0,0.0,0.0,758.0,direct,307200,12923.0,308162
19-05-2026-direct-precopy-0001,CRIU,precopy,no,691,1991941,219548.0,294,262231,0.06,x86_64,x86_64,True,True,transfer_mode=direct;iterations=3;precopy_streamed_iters=3;precopy_stream_archive_ms=3039;precopy_stream_transfer_ms=1896298;precopy_stream_unpack_ms=2462;precopy_stream_bytes=16940354,2026-05-20T11:00:30.426239,6_TEE_Avg,1907344.0,691.0,2200351.0,0.0,0.0,734.0,43293.0,217952.0,0.0,0.0,861.0,direct,261246,43293.0,262231
19-05-2026-direct-precopy-0002,CRIU,precopy,no,647,2032789,206186.0,341,230181,0.07,x86_64,x86_64,True,True,transfer_mode=direct;iterations=3;precopy_streamed_iters=3;precopy_stream_archive_ms=3014;precopy_stream_transfer_ms=1762573;precopy_stream_unpack_ms=2499;precopy_stream_bytes=16882604,2026-05-20T11:34:33.473213,6_TEE_Avg,1773582.0,647.0,2029217.0,0.0,0.0,753.0,24514.0,204678.0,0.0,0.0,754.0,direct,229193,24514.0,230181
19-05-2026-direct-precopy-0003,CRIU,precopy,no,645,2059365,187544.0,355,206596,0.08,x86_64,x86_64,True,True,transfer_mode=direct;iterations=3;precopy_streamed_iters=3;precopy_stream_archive_ms=2997;precopy_stream_transfer_ms=1676292;precopy_stream_unpack_ms=2431;precopy_stream_bytes=17016823,2026-05-20T12:06:48.299807,6_TEE_Avg,1687347.0,645.0,1921118.0,0.0,0.0,725.0,19535.0,186061.0,0.0,0.0,758.0,direct,205596,19535.0,206596
19-05-2026-direct-precopy-0004,CRIU,precopy,no,670,2048966,212359.0,330,226776,0.07,x86_64,x86_64,True,True,transfer_mode=direct;iterations=3;precopy_streamed_iters=3;precopy_stream_archive_ms=3093;precopy_stream_transfer_ms=1706305;precopy_stream_unpack_ms=3380;precopy_stream_bytes=16966078,2026-05-20T12:39:59.274937,6_TEE_Avg,1718420.0,670.0,1977171.0,0.0,0.0,750.0,14939.0,210836.0,0.0,0.0,772.0,direct,225776,14939.0,226776
19-05-2026-direct-precopy-0005,CRIU,precopy,no,689,2014208,213425.0,380,230056,0.07,x86_64,x86_64,True,True,transfer_mode=direct;iterations=3;precopy_streamed_iters=3;precopy_stream_archive_ms=2988;precopy_stream_transfer_ms=1826533;precopy_stream_unpack_ms=2438;precopy_stream_bytes=16882525,2026-05-20T13:15:06.903605,6_TEE_Avg,1837518.0,689.0,2094020.0,0.0,0.0,735.0,17099.0,211887.0,0.0,0.0,802.0,direct,228987,17099.0,230056
19-05-2026-direct-precopy-0006,CRIU,precopy,no,720,2053342,211386.0,340,230940,0.07,x86_64,x86_64,True,True,transfer_mode=direct;iterations=3;precopy_streamed_iters=3;precopy_stream_archive_ms=3030;precopy_stream_transfer_ms=1729979;precopy_stream_unpack_ms=2435;precopy_stream_bytes=16997728,2026-05-20T13:48:38.559131,6_TEE_Avg,1741038.0,720.0,1998006.0,0.0,0.0,731.0,19975.0,209904.0,0.0,0.0,750.0,direct,229880,19975.0,230940
19-05-2026-direct-precopy-0007,CRIU,precopy,no,701,1992662,230579.0,320,245590,0.07,x86_64,x86_64,True,True,transfer_mode=direct;iterations=3;precopy_streamed_iters=3;precopy_stream_archive_ms=2989;precopy_stream_transfer_ms=1905388;precopy_stream_unpack_ms=2344;precopy_stream_bytes=16873758,2026-05-20T14:25:24.638242,6_TEE_Avg,1916342.0,701.0,2192361.0,0.0,0.0,725.0,15477.0,229091.0,0.0,0.0,762.0,direct,244569,15477.0,245590
19-05-2026-direct-precopy-0008,CRIU,precopy,no,703,2011852,207662.0,328,235255,0.07,x86_64,x86_64,True,True,transfer_mode=direct;iterations=3;precopy_streamed_iters=3;precopy_stream_archive_ms=3030;precopy_stream_transfer_ms=1828103;precopy_stream_unpack_ms=2673;precopy_stream_bytes=16897644,2026-05-20T15:00:37.181915,6_TEE_Avg,1839379.0,703.0,2098684.0,0.0,0.0,731.0,28062.0,206162.0,0.0,0.0,769.0,direct,234224,28062.0,235255
19-05-2026-direct-precopy-0009,CRIU,precopy,no,647,2061447,176215.0,326,189673,0.09,x86_64,x86_64,True,True,transfer_mode=direct;iterations=3;precopy_streamed_iters=3;precopy_stream_archive_ms=3032;precopy_stream_transfer_ms=1681185;precopy_stream_unpack_ms=2508;precopy_stream_bytes=16987749,2026-05-20T15:32:39.536651,6_TEE_Avg,1692278.0,647.0,1908669.0,0.0,0.0,734.0,14001.0,174698.0,0.0,0.0,782.0,direct,188700,14001.0,189673
