run_id,technology,migration_method,network_migration,checkpoint_ms,checkpoint_us,checkpoint_ns,archive_bytes,transfer_ms,restore_ms,downtime_ms,bandwidth_mbps,src_arch,dst_arch,same_arch,success,notes,timestamp,profile_name,predump_ms,final_dump_ms,total_ms,lazy_pages_active_ms,lazy_pages_log_bytes,archive_create_ms,transfer_setup_ms,transfer_send_ms,transfer_receive_ms,transfer_cleanup_ms,unpack_ms,transfer_mode,raw_transfer_ms,transfer_setup_removed_ms,raw_downtime_ms,checkpoint_plot_ms,checkpoint_plot_us,archive_kib
11-05-2026-host-cold-0040,WASM,Wasm,no,1,189.0,188558.0,2014,5468.0,2009,7477.189,0.0,x86_64,x86_64,True,True,transfer_mode=host;module=3mm_with_cr.wasm;relay_node=edge-host-1,2026-05-11T22:36:48.639657,3_LTE,0,1,19477,0,0,621.0,6604.0,2277.0,2255.0,313.0,344.0,host,11451,6604.0,13461,0.189,189.0,1.966796875
11-05-2026-host-cold-0041,WASM,Wasm,no,1,189.0,188509.0,2009,5349.0,1885,7234.189,0.0,x86_64,x86_64,True,True,transfer_mode=host;module=3mm_with_cr.wasm;relay_node=edge-host-1,2026-05-11T22:37:12.958729,3_LTE,0,1,18902,0,0,599.0,6313.0,2260.0,2218.0,269.0,278.0,host,11063,6313.0,12949,0.189,189.0,1.9619140625
11-05-2026-host-cold-0042,WASM,Wasm,no,1,138.0,137601.0,2015,5970.0,1869,7839.138,0.0,x86_64,x86_64,True,True,transfer_mode=host;module=3mm_with_cr.wasm;relay_node=edge-host-1,2026-05-11T22:37:38.507664,3_LTE,0,1,20062,0,0,564.0,6911.0,2534.0,2248.0,621.0,298.0,host,12317,6911.0,14187,0.138,138.0,1.9677734375
11-05-2026-host-cold-0043,WASM,Wasm,no,1,142.0,141016.0,2015,5405.0,1929,7334.142,0.0,x86_64,x86_64,True,True,transfer_mode=host;module=3mm_with_cr.wasm;relay_node=edge-host-1,2026-05-11T22:38:03.654594,3_LTE,0,1,19360,0,0,558.0,6576.0,2204.0,2231.0,409.0,305.0,host,11423,6576.0,13353,0.142,142.0,1.9677734375
11-05-2026-host-cold-0044,WASM,Wasm,no,1,128.0,127897.0,2012,5443.0,1930,7373.128,0.0,x86_64,x86_64,True,True,transfer_mode=host;module=3mm_with_cr.wasm;relay_node=edge-host-1,2026-05-11T22:38:28.849494,3_LTE,0,1,19518,0,0,564.0,6427.0,2186.0,2364.0,326.0,283.0,host,11306,6427.0,13237,0.128,128.0,1.96484375
11-05-2026-host-cold-0045,WASM,Wasm,no,1,150.0,149095.0,2017,5325.0,1968,7293.15,0.0,x86_64,x86_64,True,True,transfer_mode=host;module=3mm_with_cr.wasm;relay_node=edge-host-1,2026-05-11T22:38:53.859435,3_LTE,0,1,19079,0,0,570.0,6486.0,2245.0,2240.0,268.0,284.0,host,11241,6486.0,13210,0.15,150.0,1.9697265625
11-05-2026-host-cold-0046,WASM,Wasm,no,1,171.0,170321.0,2016,5339.0,1987,7326.171,0.0,x86_64,x86_64,True,True,transfer_mode=host;module=3mm_with_cr.wasm;relay_node=edge-host-1,2026-05-11T22:39:18.700396,3_LTE,0,1,19144,0,0,613.0,6416.0,2177.0,2289.0,257.0,294.0,host,11142,6416.0,13130,0.171,171.0,1.96875
11-05-2026-host-cold-0047,WASM,Wasm,no,1,127.0,126692.0,2016,5707.0,2055,7762.127,0.0,x86_64,x86_64,True,True,transfer_mode=host;module=3mm_with_cr.wasm;relay_node=edge-host-1,2026-05-11T22:39:44.338183,3_LTE,0,1,19983,0,0,572.0,6950.0,2259.0,2266.0,608.0,345.0,host,12085,6950.0,14141,0.127,127.0,1.96875
11-05-2026-host-cold-0048,WASM,Wasm,no,1,139.0,138199.0,2015,5370.0,1970,7340.139,0.0,x86_64,x86_64,True,True,transfer_mode=host;module=3mm_with_cr.wasm;relay_node=edge-host-1,2026-05-11T22:40:09.326556,3_LTE,0,1,19296,0,0,572.0,6559.0,2274.0,2255.0,266.0,303.0,host,11357,6559.0,13328,0.139,139.0,1.9677734375
11-05-2026-host-cold-0049,WASM,Wasm,no,1,146.0,145665.0,2016,5479.0,2308,7787.146,0.0,x86_64,x86_64,True,True,transfer_mode=host;module=3mm_with_cr.wasm;relay_node=edge-host-1,2026-05-11T22:40:34.963316,3_LTE,0,1,20012,0,0,570.0,6248.0,2354.0,2288.0,265.0,270.0,host,11157,6248.0,13466,0.146,146.0,1.96875
11-05-2026-direct-cold-0040,WASM,Wasm,no,1,160.0,159047.0,2019,2760.0,1927,4687.16,0.0,x86_64,x86_64,True,True,transfer_mode=direct;module=3mm_with_cr.wasm,2026-05-11T22:40:53.696312,3_LTE,0,1,13089,0,0,543.0,3002.0,2216.0,0.0,0.0,306.0,direct,5219,3002.0,7147,0.16,160.0,1.9716796875
11-05-2026-direct-cold-0041,WASM,Wasm,no,1,201.0,200946.0,2019,2804.0,1977,4781.201,0.0,x86_64,x86_64,True,True,transfer_mode=direct;module=3mm_with_cr.wasm,2026-05-11T22:41:12.252063,3_LTE,0,1,13072,0,0,557.0,2975.0,2246.0,0.0,0.0,295.0,direct,5222,2975.0,7200,0.201,201.0,1.9716796875
11-05-2026-direct-cold-0042,WASM,Wasm,no,1,135.0,134962.0,2016,2791.0,1893,4684.135,0.0,x86_64,x86_64,True,True,transfer_mode=direct;module=3mm_with_cr.wasm,2026-05-11T22:41:31.031277,3_LTE,0,1,13209,0,0,507.0,3016.0,2282.0,0.0,0.0,300.0,direct,5300,3016.0,7194,0.135,135.0,1.96875
11-05-2026-direct-cold-0043,WASM,Wasm,no,1,178.0,177926.0,2018,2819.0,2053,4872.178,0.0,x86_64,x86_64,True,True,transfer_mode=direct;module=3mm_with_cr.wasm,2026-05-11T22:41:50.219014,3_LTE,0,1,13157,0,0,581.0,2960.0,2236.0,0.0,0.0,294.0,direct,5198,2960.0,7252,0.178,178.0,1.970703125
11-05-2026-direct-cold-0044,WASM,Wasm,no,1,131.0,130998.0,2019,2772.0,1962,4734.130999999999,0.0,x86_64,x86_64,True,True,transfer_mode=direct;module=3mm_with_cr.wasm,2026-05-11T22:42:08.697240,3_LTE,0,1,13013,0,0,555.0,3020.0,2216.0,0.0,0.0,291.0,direct,5237,3020.0,7200,0.131,131.0,1.9716796875
11-05-2026-direct-cold-0045,WASM,Wasm,no,1,125.0,124495.0,2018,2767.0,1939,4706.125,0.0,x86_64,x86_64,True,True,transfer_mode=direct;module=3mm_with_cr.wasm,2026-05-11T22:42:27.343325,3_LTE,0,1,13149,0,0,559.0,2946.0,2206.0,0.0,0.0,283.0,direct,5154,2946.0,7094,0.125,125.0,1.970703125
11-05-2026-direct-cold-0046,WASM,Wasm,no,1,184.0,183236.0,2019,2978.0,1906,4884.184,0.0,x86_64,x86_64,True,True,transfer_mode=direct;module=3mm_with_cr.wasm,2026-05-11T22:42:46.714387,3_LTE,0,1,13451,0,0,685.0,3037.0,2292.0,0.0,0.0,272.0,direct,5330,3037.0,7237,0.184,184.0,1.9716796875
11-05-2026-direct-cold-0047,WASM,Wasm,no,1,154.0,153263.0,2018,2901.0,1922,4823.154,0.0,x86_64,x86_64,True,True,transfer_mode=direct;module=3mm_with_cr.wasm,2026-05-11T22:43:05.293187,3_LTE,0,1,13092,0,0,556.0,2989.0,2343.0,0.0,0.0,283.0,direct,5334,2989.0,7257,0.154,154.0,1.970703125
11-05-2026-direct-cold-0048,WASM,Wasm,no,1,209.0,208439.0,2019,2927.0,1936,4863.209,0.0,x86_64,x86_64,True,True,transfer_mode=direct;module=3mm_with_cr.wasm,2026-05-11T22:43:24.158545,3_LTE,0,1,13049,0,0,574.0,3015.0,2351.0,0.0,0.0,317.0,direct,5368,3015.0,7305,0.209,209.0,1.9716796875
11-05-2026-direct-cold-0049,WASM,Wasm,no,1,163.0,162540.0,2015,2956.0,1939,4895.1630000000005,0.0,x86_64,x86_64,True,True,transfer_mode=direct;module=3mm_with_cr.wasm,2026-05-11T22:43:43.510423,3_LTE,0,1,13603,0,0,564.0,3485.0,2390.0,0.0,0.0,289.0,direct,5877,3485.0,7817,0.163,163.0,1.9677734375
11-05-2026-host-cold-0050,WASM,Wasm,no,1,136.0,135680.0,2015,5330.0,2033,7363.136,0.0,x86_64,x86_64,True,True,transfer_mode=host;module=3mm_with_cr.wasm;relay_node=edge-host-1,2026-05-11T22:45:46.478195,3_LTE,0,1,19139,0,0,564.0,6611.0,2224.0,2269.0,271.0,281.0,host,11377,6611.0,13411,0.136,136.0,1.9677734375
11-05-2026-host-cold-0051,WASM,Wasm,no,1,157.0,156643.0,2011,5461.0,2005,7466.157,0.0,x86_64,x86_64,True,True,transfer_mode=host;module=3mm_with_cr.wasm;relay_node=edge-host-1,2026-05-11T22:46:11.134725,3_LTE,0,1,19095,0,0,615.0,6327.0,2269.0,2295.0,279.0,315.0,host,11173,6327.0,13179,0.157,157.0,1.9638671875
11-05-2026-host-cold-0052,WASM,Wasm,no,1,134.0,133177.0,2016,5896.0,1992,7888.134,0.0,x86_64,x86_64,True,True,transfer_mode=host;module=3mm_with_cr.wasm;relay_node=edge-host-1,2026-05-11T22:46:36.513961,3_LTE,0,1,19752,0,0,561.0,6627.0,2541.0,2211.0,580.0,287.0,host,11962,6627.0,13955,0.134,134.0,1.96875
11-05-2026-host-cold-0053,WASM,Wasm,no,1,169.0,168519.0,2016,5314.0,1958,7272.169,0.0,x86_64,x86_64,True,True,transfer_mode=host;module=3mm_with_cr.wasm;relay_node=edge-host-1,2026-05-11T22:47:10.894357,3_LTE,0,1,19067,0,0,596.0,6506.0,2206.0,2247.0,262.0,302.0,host,11224,6506.0,13183,0.169,169.0,1.96875
11-05-2026-host-cold-0054,WASM,Wasm,no,1,197.0,196592.0,2014,5750.0,1950,7700.197,0.0,x86_64,x86_64,True,True,transfer_mode=host;module=3mm_with_cr.wasm;relay_node=edge-host-1,2026-05-11T22:47:36.439401,3_LTE,0,1,20042,0,0,568.0,6626.0,2301.0,2528.0,351.0,325.0,host,11808,6626.0,13759,0.197,197.0,1.966796875
11-05-2026-host-cold-0055,WASM,Wasm,no,1,127.0,126869.0,2015,5380.0,2017,7397.127,0.0,x86_64,x86_64,True,True,transfer_mode=host;module=3mm_with_cr.wasm;relay_node=edge-host-1,2026-05-11T22:48:01.668450,3_LTE,0,1,19517,0,0,625.0,6634.0,2221.0,2251.0,280.0,306.0,host,11389,6634.0,13407,0.127,127.0,1.9677734375
11-05-2026-host-cold-0056,WASM,Wasm,no,1,186.0,185453.0,2015,5281.0,1905,7186.186,0.0,x86_64,x86_64,True,True,transfer_mode=host;module=3mm_with_cr.wasm;relay_node=edge-host-1,2026-05-11T22:48:26.199331,3_LTE,0,1,19094,0,0,553.0,6286.0,2220.0,2244.0,262.0,292.0,host,11014,6286.0,12920,0.186,186.0,1.9677734375
11-05-2026-host-cold-0057,WASM,Wasm,no,1,144.0,143562.0,2014,6096.0,1957,8053.144,0.0,x86_64,x86_64,True,True,transfer_mode=host;module=3mm_with_cr.wasm;relay_node=edge-host-1,2026-05-11T22:48:51.447412,3_LTE,0,1,19637,0,0,871.0,6257.0,2288.0,2306.0,629.0,331.0,host,11482,6257.0,13440,0.144,144.0,1.966796875
11-05-2026-host-cold-0058,WASM,Wasm,no,1,151.0,150716.0,2015,5348.0,1958,7306.151,0.0,x86_64,x86_64,True,True,transfer_mode=host;module=3mm_with_cr.wasm;relay_node=edge-host-1,2026-05-11T22:49:15.638844,3_LTE,0,1,18680,0,0,567.0,6250.0,2318.0,2195.0,266.0,293.0,host,11031,6250.0,12990,0.151,151.0,1.9677734375
11-05-2026-host-cold-0059,WASM,Wasm,no,1,130.0,129071.0,2013,5266.0,1907,7173.13,0.0,x86_64,x86_64,True,True,transfer_mode=host;module=3mm_with_cr.wasm;relay_node=edge-host-1,2026-05-11T22:49:40.856275,3_LTE,0,1,19474,0,0,536.0,6641.0,2291.0,2167.0,270.0,266.0,host,11371,6641.0,13279,0.13,130.0,1.9658203125
11-05-2026-direct-cold-0050,WASM,Wasm,no,1,138.0,137520.0,2015,2837.0,1961,4798.138,0.0,x86_64,x86_64,True,True,transfer_mode=direct;module=3mm_with_cr.wasm,2026-05-11T22:49:59.734290,3_LTE,0,1,13267,0,0,594.0,3090.0,2241.0,0.0,0.0,334.0,direct,5333,3090.0,7295,0.138,138.0,1.9677734375
11-05-2026-direct-cold-0051,WASM,Wasm,no,1,122.0,121359.0,2015,3088.0,1925,5013.121999999999,0.0,x86_64,x86_64,True,True,transfer_mode=direct;module=3mm_with_cr.wasm,2026-05-11T22:50:18.567340,3_LTE,0,1,13208,0,0,562.0,3036.0,2524.0,0.0,0.0,299.0,direct,5562,3036.0,7488,0.122,122.0,1.9677734375
11-05-2026-direct-cold-0052,WASM,Wasm,no,1,164.0,163211.0,2016,2819.0,1984,4803.164000000001,0.0,x86_64,x86_64,True,True,transfer_mode=direct;module=3mm_with_cr.wasm,2026-05-11T22:50:37.549493,3_LTE,0,1,13435,0,0,564.0,3363.0,2253.0,0.0,0.0,314.0,direct,5618,3363.0,7603,0.164,164.0,1.96875
11-05-2026-direct-cold-0053,WASM,Wasm,no,1,204.0,203100.0,2014,2768.0,1967,4735.204,0.0,x86_64,x86_64,True,True,transfer_mode=direct;module=3mm_with_cr.wasm,2026-05-11T22:50:56.728570,3_LTE,0,1,13281,0,0,565.0,2960.0,2201.0,0.0,0.0,316.0,direct,5163,2960.0,7131,0.204,204.0,1.966796875
11-05-2026-direct-cold-0054,WASM,Wasm,no,1,127.0,126791.0,2015,2874.0,2061,4935.127,0.0,x86_64,x86_64,True,True,transfer_mode=direct;module=3mm_with_cr.wasm,2026-05-11T22:51:15.468872,3_LTE,0,1,13259,0,0,619.0,2923.0,2253.0,0.0,0.0,281.0,direct,5178,2923.0,7240,0.127,127.0,1.9677734375
11-05-2026-direct-cold-0055,WASM,Wasm,no,1,130.0,129027.0,2015,2805.0,2400,5205.13,0.0,x86_64,x86_64,True,True,transfer_mode=direct;module=3mm_with_cr.wasm,2026-05-11T22:51:34.779533,3_LTE,0,1,13684,0,0,632.0,3081.0,2172.0,0.0,0.0,317.0,direct,5254,3081.0,7655,0.13,130.0,1.9677734375
11-05-2026-direct-cold-0056,WASM,Wasm,no,1,210.0,209190.0,2019,3218.0,1983,5201.21,0.0,x86_64,x86_64,True,True,transfer_mode=direct;module=3mm_with_cr.wasm,2026-05-11T22:51:54.216462,3_LTE,0,1,13480,0,0,604.0,3010.0,2612.0,0.0,0.0,372.0,direct,5624,3010.0,7608,0.21,210.0,1.9716796875
11-05-2026-direct-cold-0057,WASM,Wasm,no,1,124.0,123323.0,2018,2808.0,2011,4819.124,0.0,x86_64,x86_64,True,True,transfer_mode=direct;module=3mm_with_cr.wasm,2026-05-11T22:52:12.910245,3_LTE,0,1,13098,0,0,588.0,2896.0,2218.0,0.0,0.0,278.0,direct,5116,2896.0,7128,0.124,124.0,1.970703125
11-05-2026-direct-cold-0058,WASM,Wasm,no,1,124.0,123171.0,2018,2853.0,2011,4864.124,0.0,x86_64,x86_64,True,True,transfer_mode=direct;module=3mm_with_cr.wasm,2026-05-11T22:52:32.150791,3_LTE,0,1,13713,0,0,567.0,3138.0,2284.0,0.0,0.0,293.0,direct,5424,3138.0,7436,0.124,124.0,1.970703125
11-05-2026-direct-cold-0059,WASM,Wasm,no,1,160.0,159935.0,2016,3120.0,1963,5083.16,0.0,x86_64,x86_64,True,True,transfer_mode=direct;module=3mm_with_cr.wasm,2026-05-11T22:52:51.058407,3_LTE,0,1,13311,0,0,861.0,2981.0,2257.0,0.0,0.0,331.0,direct,5240,2981.0,7204,0.16,160.0,1.96875
11-05-2026-host-cold-0060,WASM,Wasm,no,1,205.0,204238.0,2015,5233.0,1972,7205.205,0.0,x86_64,x86_64,True,True,transfer_mode=host;module=3mm_with_cr.wasm;relay_node=edge-host-1,2026-05-11T22:54:53.579292,3_LTE,0,1,19285,0,0,574.0,6697.0,2211.0,2187.0,259.0,294.0,host,11356,6697.0,13329,0.205,205.0,1.9677734375
11-05-2026-host-cold-0061,WASM,Wasm,no,1,153.0,152864.0,2015,5371.0,1883,7254.153,0.0,x86_64,x86_64,True,True,transfer_mode=host;module=3mm_with_cr.wasm;relay_node=edge-host-1,2026-05-11T22:55:18.464973,3_LTE,0,1,19118,0,0,608.0,6457.0,2258.0,2201.0,302.0,251.0,host,11220,6457.0,13104,0.153,153.0,1.9677734375
11-05-2026-host-cold-0062,WASM,Wasm,no,1,224.0,223848.0,2016,5724.0,1919,7643.224,0.0,x86_64,x86_64,True,True,transfer_mode=host;module=3mm_with_cr.wasm;relay_node=edge-host-1,2026-05-11T22:55:43.897873,3_LTE,0,1,19822,0,0,645.0,6922.0,2245.0,2209.0,623.0,274.0,host,12001,6922.0,13921,0.224,224.0,1.96875
11-05-2026-host-cold-0063,WASM,Wasm,no,1,190.0,189773.0,2015,5314.0,2006,7320.19,0.0,x86_64,x86_64,True,True,transfer_mode=host;module=3mm_with_cr.wasm;relay_node=edge-host-1,2026-05-11T22:56:08.276351,3_LTE,0,1,18895,0,0,559.0,6205.0,2223.0,2247.0,282.0,286.0,host,10960,6205.0,12967,0.19,190.0,1.9677734375
11-05-2026-host-cold-0064,WASM,Wasm,no,1,139.0,138913.0,2014,5403.0,2038,7441.139,0.0,x86_64,x86_64,True,True,transfer_mode=host;module=3mm_with_cr.wasm;relay_node=edge-host-1,2026-05-11T22:56:33.718449,3_LTE,0,1,19880,0,0,661.0,6430.0,2241.0,2236.0,263.0,281.0,host,11172,6430.0,13211,0.139,139.0,1.966796875
11-05-2026-host-cold-0065,WASM,Wasm,no,1,166.0,165769.0,2015,5314.0,2044,7358.166,0.0,x86_64,x86_64,True,True,transfer_mode=host;module=3mm_with_cr.wasm;relay_node=edge-host-1,2026-05-11T22:56:58.602432,3_LTE,0,1,19269,0,0,565.0,6618.0,2244.0,2225.0,277.0,298.0,host,11367,6618.0,13412,0.166,166.0,1.9677734375
11-05-2026-host-cold-0066,WASM,Wasm,no,1,140.0,139380.0,2015,5302.0,2065,7367.14,0.0,x86_64,x86_64,True,True,transfer_mode=host;module=3mm_with_cr.wasm;relay_node=edge-host-1,2026-05-11T22:57:23.087946,3_LTE,0,1,19034,0,0,500.0,6386.0,2295.0,2246.0,258.0,331.0,host,11188,6386.0,13254,0.14,140.0,1.9677734375
11-05-2026-host-cold-0067,WASM,Wasm,no,1,167.0,166061.0,2016,6135.0,1901,8036.167,0.0,x86_64,x86_64,True,True,transfer_mode=host;module=3mm_with_cr.wasm;relay_node=edge-host-1,2026-05-11T22:57:48.832150,3_LTE,0,1,20057,0,0,1022.0,6801.0,2282.0,2246.0,583.0,276.0,host,11914,6801.0,13816,0.167,167.0,1.96875
11-05-2026-host-cold-0068,WASM,Wasm,no,1,143.0,142362.0,2017,5347.0,1927,7274.143,0.0,x86_64,x86_64,True,True,transfer_mode=host;module=3mm_with_cr.wasm;relay_node=edge-host-1,2026-05-11T22:58:13.304651,3_LTE,0,1,18901,0,0,576.0,6338.0,2242.0,2252.0,274.0,299.0,host,11109,6338.0,13037,0.143,143.0,1.9697265625
11-05-2026-host-cold-0069,WASM,Wasm,no,1,206.0,205579.0,2016,5298.0,2066,7364.206,0.0,x86_64,x86_64,True,True,transfer_mode=host;module=3mm_with_cr.wasm;relay_node=edge-host-1,2026-05-11T22:58:38.411731,3_LTE,0,1,19594,0,0,552.0,6391.0,2243.0,2239.0,261.0,363.0,host,11137,6391.0,13204,0.206,206.0,1.96875
11-05-2026-direct-cold-0060,WASM,Wasm,no,1,138.0,137129.0,2017,2847.0,2098,4945.138,0.0,x86_64,x86_64,True,True,transfer_mode=direct;module=3mm_with_cr.wasm,2026-05-11T22:58:57.558894,3_LTE,0,1,13369,0,0,607.0,3005.0,2238.0,0.0,0.0,362.0,direct,5245,3005.0,7344,0.138,138.0,1.9697265625
11-05-2026-direct-cold-0061,WASM,Wasm,no,1,144.0,143715.0,2015,2857.0,1957,4814.144,0.0,x86_64,x86_64,True,True,transfer_mode=direct;module=3mm_with_cr.wasm,2026-05-11T22:59:16.572870,3_LTE,0,1,13231,0,0,573.0,3027.0,2282.0,0.0,0.0,316.0,direct,5311,3027.0,7269,0.144,144.0,1.9677734375
11-05-2026-direct-cold-0062,WASM,Wasm,no,1,159.0,158886.0,2017,2840.0,1941,4781.159,0.0,x86_64,x86_64,True,True,transfer_mode=direct;module=3mm_with_cr.wasm,2026-05-11T22:59:35.454686,3_LTE,0,1,13313,0,0,614.0,2994.0,2225.0,0.0,0.0,272.0,direct,5220,2994.0,7162,0.159,159.0,1.9697265625
11-05-2026-direct-cold-0063,WASM,Wasm,no,1,124.0,123727.0,2016,2730.0,2010,4740.124,0.0,x86_64,x86_64,True,True,transfer_mode=direct;module=3mm_with_cr.wasm,2026-05-11T22:59:54.582745,3_LTE,0,1,12959,0,0,525.0,2938.0,2204.0,0.0,0.0,285.0,direct,5143,2938.0,7154,0.124,124.0,1.96875
11-05-2026-direct-cold-0064,WASM,Wasm,no,1,235.0,234494.0,2014,2736.0,2004,4740.235000000001,0.0,x86_64,x86_64,True,True,transfer_mode=direct;module=3mm_with_cr.wasm,2026-05-11T23:00:13.169605,3_LTE,0,1,13097,0,0,551.0,3059.0,2183.0,0.0,0.0,290.0,direct,5244,3059.0,7249,0.235,235.0,1.966796875
11-05-2026-direct-cold-0065,WASM,Wasm,no,1,177.0,176187.0,2018,2848.0,1964,4812.177,0.0,x86_64,x86_64,True,True,transfer_mode=direct;module=3mm_with_cr.wasm,2026-05-11T23:00:31.932038,3_LTE,0,1,13175,0,0,558.0,3072.0,2289.0,0.0,0.0,286.0,direct,5362,3072.0,7327,0.177,177.0,1.970703125
11-05-2026-direct-cold-0066,WASM,Wasm,no,1,176.0,175060.0,2016,2860.0,1956,4816.1759999999995,0.0,x86_64,x86_64,True,True,transfer_mode=direct;module=3mm_with_cr.wasm,2026-05-11T23:00:51.523866,3_LTE,0,1,13365,0,0,604.0,3362.0,2254.0,0.0,0.0,296.0,direct,5618,3362.0,7575,0.176,176.0,1.96875
11-05-2026-direct-cold-0067,WASM,Wasm,no,1,145.0,144349.0,2017,2839.0,1980,4819.145,0.0,x86_64,x86_64,True,True,transfer_mode=direct;module=3mm_with_cr.wasm,2026-05-11T23:01:10.367738,3_LTE,0,1,13304,0,0,577.0,3022.0,2260.0,0.0,0.0,323.0,direct,5284,3022.0,7265,0.145,145.0,1.9697265625
11-05-2026-direct-cold-0068,WASM,Wasm,no,1,124.0,123370.0,2017,2776.0,1982,4758.124,0.0,x86_64,x86_64,True,True,transfer_mode=direct;module=3mm_with_cr.wasm,2026-05-11T23:01:29.380984,3_LTE,0,1,13116,0,0,611.0,3007.0,2164.0,0.0,0.0,288.0,direct,5172,3007.0,7155,0.124,124.0,1.9697265625
11-05-2026-direct-cold-0069,WASM,Wasm,no,1,174.0,173895.0,2018,3387.0,1978,5365.174,0.0,x86_64,x86_64,True,True,transfer_mode=direct;module=3mm_with_cr.wasm,2026-05-11T23:01:48.581610,3_LTE,0,1,13698,0,0,861.0,2927.0,2525.0,0.0,0.0,352.0,direct,5453,2927.0,7432,0.174,174.0,1.970703125
11-05-2026-host-cold-0070,WASM,Wasm,no,1,142.0,141278.0,2015,5359.0,1888,7247.142,0.0,x86_64,x86_64,True,True,transfer_mode=host;module=3mm_with_cr.wasm;relay_node=edge-host-1,2026-05-11T23:03:51.235926,3_LTE,0,1,19115,0,0,581.0,6625.0,2283.0,2215.0,277.0,290.0,host,11403,6625.0,13292,0.142,142.0,1.9677734375
11-05-2026-host-cold-0071,WASM,Wasm,no,1,122.0,121359.0,2016,5374.0,1968,7342.122,0.0,x86_64,x86_64,True,True,transfer_mode=host;module=3mm_with_cr.wasm;relay_node=edge-host-1,2026-05-11T23:04:15.824286,3_LTE,0,1,19078,0,0,604.0,6406.0,2242.0,2230.0,295.0,291.0,host,11176,6406.0,13145,0.122,122.0,1.96875
11-05-2026-host-cold-0072,WASM,Wasm,no,1,129.0,128484.0,2015,6197.0,1890,8087.129,0.0,x86_64,x86_64,True,True,transfer_mode=host;module=3mm_with_cr.wasm;relay_node=edge-host-1,2026-05-11T23:04:41.981541,3_LTE,0,1,20577,0,0,619.0,7051.0,2591.0,2276.0,709.0,290.0,host,12629,7051.0,14520,0.129,129.0,1.9677734375
11-05-2026-host-cold-0073,WASM,Wasm,no,1,163.0,162269.0,2015,5422.0,2065,7487.163,0.0,x86_64,x86_64,True,True,transfer_mode=host;module=3mm_with_cr.wasm;relay_node=edge-host-1,2026-05-11T23:05:06.820240,3_LTE,0,1,19043,0,0,573.0,6291.0,2325.0,2208.0,313.0,409.0,host,11140,6291.0,13206,0.163,163.0,1.9677734375
11-05-2026-host-cold-0074,WASM,Wasm,no,1,138.0,137956.0,2015,5271.0,1978,7249.138,0.0,x86_64,x86_64,True,True,transfer_mode=host;module=3mm_with_cr.wasm;relay_node=edge-host-1,2026-05-11T23:05:31.986573,3_LTE,0,1,19312,0,0,546.0,6305.0,2204.0,2233.0,285.0,284.0,host,11030,6305.0,13009,0.138,138.0,1.9677734375
11-05-2026-host-cold-0075,WASM,Wasm,no,1,168.0,167511.0,2014,5415.0,1923,7338.168,0.0,x86_64,x86_64,True,True,transfer_mode=host;module=3mm_with_cr.wasm;relay_node=edge-host-1,2026-05-11T23:05:57.647478,3_LTE,0,1,19675,0,0,588.0,6876.0,2283.0,2259.0,282.0,272.0,host,11703,6876.0,13627,0.168,168.0,1.966796875
11-05-2026-host-cold-0076,WASM,Wasm,no,1,169.0,168597.0,2016,5446.0,1942,7388.169,0.0,x86_64,x86_64,True,True,transfer_mode=host;module=3mm_with_cr.wasm;relay_node=edge-host-1,2026-05-11T23:06:22.239832,3_LTE,0,1,18917,0,0,659.0,6084.0,2207.0,2224.0,354.0,281.0,host,10871,6084.0,12814,0.169,169.0,1.96875
11-05-2026-host-cold-0077,WASM,Wasm,no,1,164.0,163802.0,2016,5745.0,2062,7807.164,0.0,x86_64,x86_64,True,True,transfer_mode=host;module=3mm_with_cr.wasm;relay_node=edge-host-1,2026-05-11T23:06:48.101077,3_LTE,0,1,20127,0,0,600.0,7003.0,2306.0,2259.0,577.0,313.0,host,12148,7003.0,14211,0.164,164.0,1.96875
11-05-2026-host-cold-0078,WASM,Wasm,no,1,150.0,149865.0,2015,5354.0,2054,7408.15,0.0,x86_64,x86_64,True,True,transfer_mode=host;module=3mm_with_cr.wasm;relay_node=edge-host-1,2026-05-11T23:07:12.668328,3_LTE,0,1,19027,0,0,557.0,6344.0,2288.0,2223.0,283.0,357.0,host,11141,6344.0,13196,0.15,150.0,1.9677734375
11-05-2026-host-cold-0079,WASM,Wasm,no,1,161.0,160241.0,2014,5370.0,2198,7568.161,0.0,x86_64,x86_64,True,True,transfer_mode=host;module=3mm_with_cr.wasm;relay_node=edge-host-1,2026-05-11T23:07:37.662711,3_LTE,0,1,19462,0,0,583.0,6284.0,2287.0,2240.0,258.0,287.0,host,11071,6284.0,13270,0.161,161.0,1.966796875
11-05-2026-direct-cold-0070,WASM,Wasm,no,1,124.0,123357.0,2014,2769.0,1900,4669.124,0.0,x86_64,x86_64,True,True,transfer_mode=direct;module=3mm_with_cr.wasm,2026-05-11T23:07:56.433831,3_LTE,0,1,13132,0,0,562.0,3008.0,2206.0,0.0,0.0,273.0,direct,5215,3008.0,7116,0.124,124.0,1.966796875
11-05-2026-direct-cold-0071,WASM,Wasm,no,1,180.0,179636.0,2018,2869.0,1926,4795.18,0.0,x86_64,x86_64,True,True,transfer_mode=direct;module=3mm_with_cr.wasm,2026-05-11T23:08:15.352552,3_LTE,0,1,13272,0,0,569.0,3137.0,2298.0,0.0,0.0,315.0,direct,5437,3137.0,7364,0.18,180.0,1.970703125
11-05-2026-direct-cold-0072,WASM,Wasm,no,1,181.0,180454.0,2018,2884.0,2129,5013.1810000000005,0.0,x86_64,x86_64,True,True,transfer_mode=direct;module=3mm_with_cr.wasm,2026-05-11T23:08:34.905786,3_LTE,0,1,13873,0,0,603.0,3053.0,2279.0,0.0,0.0,281.0,direct,5334,3053.0,7464,0.181,181.0,1.970703125
11-05-2026-direct-cold-0073,WASM,Wasm,no,1,125.0,124710.0,2019,2860.0,2030,4890.125,0.0,x86_64,x86_64,True,True,transfer_mode=direct;module=3mm_with_cr.wasm,2026-05-11T23:08:54.108974,3_LTE,0,1,13312,0,0,561.0,2922.0,2297.0,0.0,0.0,355.0,direct,5221,2922.0,7252,0.125,125.0,1.9716796875
11-05-2026-direct-cold-0074,WASM,Wasm,no,1,189.0,188912.0,2017,2744.0,2036,4780.189,0.0,x86_64,x86_64,True,True,transfer_mode=direct;module=3mm_with_cr.wasm,2026-05-11T23:09:12.962317,3_LTE,0,1,13181,0,0,567.0,3121.0,2175.0,0.0,0.0,290.0,direct,5298,3121.0,7335,0.189,189.0,1.9697265625
11-05-2026-direct-cold-0075,WASM,Wasm,no,1,155.0,154820.0,2016,2843.0,1995,4838.155000000001,0.0,x86_64,x86_64,True,True,transfer_mode=direct;module=3mm_with_cr.wasm,2026-05-11T23:09:32.014380,3_LTE,0,1,13224,0,0,561.0,2943.0,2281.0,0.0,0.0,322.0,direct,5225,2943.0,7221,0.155,155.0,1.96875
11-05-2026-direct-cold-0076,WASM,Wasm,no,1,119.0,118086.0,2018,2836.0,2114,4950.119000000001,0.0,x86_64,x86_64,True,True,transfer_mode=direct;module=3mm_with_cr.wasm,2026-05-11T23:09:51.542629,3_LTE,0,1,13150,0,0,549.0,2947.0,2286.0,0.0,0.0,329.0,direct,5234,2947.0,7349,0.119,119.0,1.970703125
11-05-2026-direct-cold-0077,WASM,Wasm,no,1,150.0,149533.0,2018,2914.0,2003,4917.15,0.0,x86_64,x86_64,True,True,transfer_mode=direct;module=3mm_with_cr.wasm,2026-05-11T23:10:10.273964,3_LTE,0,1,13157,0,0,607.0,3052.0,2305.0,0.0,0.0,368.0,direct,5359,3052.0,7363,0.15,150.0,1.970703125
11-05-2026-direct-cold-0078,WASM,Wasm,no,1,157.0,156471.0,2017,2925.0,2050,4975.157,0.0,x86_64,x86_64,True,True,transfer_mode=direct;module=3mm_with_cr.wasm,2026-05-11T23:10:29.208488,3_LTE,0,1,13375,0,0,652.0,2985.0,2271.0,0.0,0.0,312.0,direct,5258,2985.0,7309,0.157,157.0,1.9697265625
11-05-2026-direct-cold-0079,WASM,Wasm,no,1,171.0,170765.0,2018,2713.0,2079,4792.171,0.0,x86_64,x86_64,True,True,transfer_mode=direct;module=3mm_with_cr.wasm,2026-05-11T23:10:48.637326,3_LTE,0,1,13745,0,0,523.0,3655.0,2188.0,0.0,0.0,312.0,direct,5845,3655.0,7925,0.171,171.0,1.970703125
