run_id,technology,migration_method,network_migration,checkpoint_ms,checkpoint_us,checkpoint_ns,archive_bytes,transfer_ms,restore_ms,downtime_ms,bandwidth_mbps,src_arch,dst_arch,same_arch,success,notes,timestamp,profile_name,predump_ms,final_dump_ms,total_ms,lazy_pages_active_ms,lazy_pages_log_bytes
28-04-2026-host-cold-0035,WASM,cold,no,3,2329.0,2328797.0,2015,5882,1982,7867,0.0,x86_64,x86_64,True,True,transfer_mode=host;module=3mm_with_cr.wasm;relay_node=edge-host-1,2026-04-28T15:22:34.676233,,0,3,13707,0,0
28-04-2026-host-cold-0036,WASM,cold,no,1,129.0,128801.0,2017,5530,1986,7517,0.0,x86_64,x86_64,True,True,transfer_mode=host;module=3mm_with_cr.wasm;relay_node=edge-host-1,2026-04-28T15:22:54.493082,,0,1,13345,0,0
28-04-2026-host-cold-0037,WASM,cold,no,1,143.0,142980.0,2015,5525,2215,7741,0.0,x86_64,x86_64,True,True,transfer_mode=host;module=3mm_with_cr.wasm;relay_node=edge-host-1,2026-04-28T15:23:14.509170,,0,1,13596,0,0
28-04-2026-host-cold-0038,WASM,cold,no,1,126.0,125054.0,2015,5794,1946,7741,0.0,x86_64,x86_64,True,True,transfer_mode=host;module=3mm_with_cr.wasm;relay_node=edge-host-1,2026-04-28T15:23:35.098309,,0,1,13566,0,0
28-04-2026-host-cold-0039,WASM,cold,no,1,127.0,126587.0,2016,5562,1972,7535,0.0,x86_64,x86_64,True,True,transfer_mode=host;module=3mm_with_cr.wasm;relay_node=edge-host-1,2026-04-28T15:23:54.889413,,0,1,13448,0,0
28-04-2026-host-cold-0040,WASM,cold,no,1,148.0,147797.0,2014,5546,2046,7593,0.0,x86_64,x86_64,True,True,transfer_mode=host;module=3mm_with_cr.wasm;relay_node=edge-host-1,2026-04-28T15:24:14.955847,,0,1,13471,0,0
28-04-2026-host-cold-0041,WASM,cold,no,1,126.0,125435.0,2017,5808,1970,7779,0.0,x86_64,x86_64,True,True,transfer_mode=host;module=3mm_with_cr.wasm;relay_node=edge-host-1,2026-04-28T15:24:35.510649,,0,1,13698,0,0
28-04-2026-host-cold-0042,WASM,cold,no,1,162.0,161836.0,2015,5677,2048,7726,0.0,x86_64,x86_64,True,True,transfer_mode=host;module=3mm_with_cr.wasm;relay_node=edge-host-1,2026-04-28T15:24:56.872122,,0,1,14556,0,0
28-04-2026-host-cold-0043,WASM,cold,no,1,153.0,152641.0,2015,5548,2004,7553,0.0,x86_64,x86_64,True,True,transfer_mode=host;module=3mm_with_cr.wasm;relay_node=edge-host-1,2026-04-28T15:25:17.602272,,0,1,13955,0,0
28-04-2026-host-cold-0044,WASM,cold,no,1,177.0,176743.0,2016,6042,2196,8239,0.0,x86_64,x86_64,True,True,transfer_mode=host;module=3mm_with_cr.wasm;relay_node=edge-host-1,2026-04-28T15:25:38.590972,,0,1,14555,0,0
28-04-2026-host-cold-0045,WASM,cold,no,1,131.0,130494.0,2019,6087,2003,8091,0.0,x86_64,x86_64,True,True,transfer_mode=host;module=3mm_with_cr.wasm;relay_node=edge-host-1,2026-04-28T15:25:58.864909,,0,1,13935,0,0
28-04-2026-host-cold-0046,WASM,cold,no,1,132.0,131845.0,2017,5581,1976,7558,0.0,x86_64,x86_64,True,True,transfer_mode=host;module=3mm_with_cr.wasm;relay_node=edge-host-1,2026-04-28T15:26:19.173140,,0,1,13903,0,0
28-04-2026-host-cold-0047,WASM,cold,no,1,154.0,153340.0,2016,5841,1990,7832,0.0,x86_64,x86_64,True,True,transfer_mode=host;module=3mm_with_cr.wasm;relay_node=edge-host-1,2026-04-28T15:26:39.199820,,0,1,13652,0,0
28-04-2026-host-cold-0048,WASM,cold,no,1,128.0,127431.0,2015,5541,1994,7536,0.0,x86_64,x86_64,True,True,transfer_mode=host;module=3mm_with_cr.wasm;relay_node=edge-host-1,2026-04-28T15:26:59.226918,,0,1,13513,0,0
28-04-2026-host-cold-0049,WASM,cold,no,1,159.0,158338.0,2017,5551,2054,7606,0.0,x86_64,x86_64,True,True,transfer_mode=host;module=3mm_with_cr.wasm;relay_node=edge-host-1,2026-04-28T15:27:20.077324,,0,1,14539,0,0
28-04-2026-host-cold-0050,WASM,cold,no,1,126.0,125032.0,2015,5837,1978,7816,0.0,x86_64,x86_64,True,True,transfer_mode=host;module=3mm_with_cr.wasm;relay_node=edge-host-1,2026-04-28T15:27:40.242882,,0,1,13701,0,0
28-04-2026-host-cold-0051,WASM,cold,no,1,130.0,129700.0,2015,5561,1969,7531,0.0,x86_64,x86_64,True,True,transfer_mode=host;module=3mm_with_cr.wasm;relay_node=edge-host-1,2026-04-28T15:28:00.065186,,0,1,13479,0,0
28-04-2026-host-cold-0052,WASM,cold,no,1,134.0,133756.0,2016,5560,1998,7559,0.0,x86_64,x86_64,True,True,transfer_mode=host;module=3mm_with_cr.wasm;relay_node=edge-host-1,2026-04-28T15:28:20.590771,,0,1,14021,0,0
28-04-2026-host-cold-0053,WASM,cold,no,1,125.0,124675.0,2018,5849,1988,7838,0.0,x86_64,x86_64,True,True,transfer_mode=host;module=3mm_with_cr.wasm;relay_node=edge-host-1,2026-04-28T15:28:40.863304,,0,1,13972,0,0
28-04-2026-host-cold-0054,WASM,cold,no,1,149.0,148095.0,2017,5575,2014,7590,0.0,x86_64,x86_64,True,True,transfer_mode=host;module=3mm_with_cr.wasm;relay_node=edge-host-1,2026-04-28T15:29:00.573447,,0,1,13394,0,0
28-04-2026-host-cold-0055,WASM,cold,no,1,134.0,133804.0,2019,5603,2044,7648,0.0,x86_64,x86_64,True,True,transfer_mode=host;module=3mm_with_cr.wasm;relay_node=edge-host-1,2026-04-28T15:29:20.909405,,0,1,14011,0,0
28-04-2026-host-cold-0056,WASM,cold,no,1,133.0,132730.0,2016,5816,1988,7805,0.0,x86_64,x86_64,True,True,transfer_mode=host;module=3mm_with_cr.wasm;relay_node=edge-host-1,2026-04-28T15:29:40.892146,,0,1,13662,0,0
28-04-2026-host-cold-0057,WASM,cold,no,1,128.0,127928.0,2017,5528,1999,7528,0.0,x86_64,x86_64,True,True,transfer_mode=host;module=3mm_with_cr.wasm;relay_node=edge-host-1,2026-04-28T15:30:00.709126,,0,1,13385,0,0
28-04-2026-host-cold-0058,WASM,cold,no,1,286.0,285668.0,2017,5558,2006,7565,0.0,x86_64,x86_64,True,True,transfer_mode=host;module=3mm_with_cr.wasm;relay_node=edge-host-1,2026-04-28T15:30:21.085106,,0,1,13955,0,0
28-04-2026-host-cold-0059,WASM,cold,no,1,129.0,128077.0,2014,5782,2002,7785,0.0,x86_64,x86_64,True,True,transfer_mode=host;module=3mm_with_cr.wasm;relay_node=edge-host-1,2026-04-28T15:30:41.183614,,0,1,13804,0,0
28-04-2026-host-cold-0060,WASM,cold,no,1,130.0,129911.0,2017,5645,2108,7754,0.0,x86_64,x86_64,True,True,transfer_mode=host;module=3mm_with_cr.wasm;relay_node=edge-host-1,2026-04-28T15:31:01.043186,,0,1,13610,0,0
28-04-2026-host-cold-0061,WASM,cold,no,1,125.0,124618.0,2016,5472,1962,7435,0.0,x86_64,x86_64,True,True,transfer_mode=host;module=3mm_with_cr.wasm;relay_node=edge-host-1,2026-04-28T15:31:21.203246,,0,1,13837,0,0
28-04-2026-host-cold-0062,WASM,cold,no,1,276.0,275821.0,2016,6052,1962,8015,0.0,x86_64,x86_64,True,True,transfer_mode=host;module=3mm_with_cr.wasm;relay_node=edge-host-1,2026-04-28T15:31:41.334703,,0,1,13898,0,0
28-04-2026-host-cold-0063,WASM,cold,no,1,135.0,134127.0,2017,5550,1981,7532,0.0,x86_64,x86_64,True,True,transfer_mode=host;module=3mm_with_cr.wasm;relay_node=edge-host-1,2026-04-28T15:32:00.990110,,0,1,13304,0,0
28-04-2026-host-cold-0064,WASM,cold,no,1,141.0,140920.0,2011,5626,1972,7599,0.0,x86_64,x86_64,True,True,transfer_mode=host;module=3mm_with_cr.wasm;relay_node=edge-host-1,2026-04-28T15:32:20.938049,,0,1,13660,0,0
28-04-2026-host-cold-0065,WASM,cold,no,1,161.0,160591.0,2017,5813,2000,7814,0.0,x86_64,x86_64,True,True,transfer_mode=host;module=3mm_with_cr.wasm;relay_node=edge-host-1,2026-04-28T15:32:41.404519,,0,1,13643,0,0
28-04-2026-host-cold-0066,WASM,cold,no,1,130.0,129195.0,2016,5495,2006,7502,0.0,x86_64,x86_64,True,True,transfer_mode=host;module=3mm_with_cr.wasm;relay_node=edge-host-1,2026-04-28T15:33:00.975284,,0,1,13301,0,0
28-04-2026-host-cold-0067,WASM,cold,no,1,129.0,128293.0,2018,5503,2004,7508,0.0,x86_64,x86_64,True,True,transfer_mode=host;module=3mm_with_cr.wasm;relay_node=edge-host-1,2026-04-28T15:33:20.672625,,0,1,13384,0,0
28-04-2026-host-cold-0068,WASM,cold,no,1,129.0,128082.0,2016,5909,2003,7913,0.0,x86_64,x86_64,True,True,transfer_mode=host;module=3mm_with_cr.wasm;relay_node=edge-host-1,2026-04-28T15:33:41.400764,,0,1,13809,0,0
28-04-2026-host-cold-0069,WASM,cold,no,1,126.0,125957.0,2018,5551,2013,7565,0.0,x86_64,x86_64,True,True,transfer_mode=host;module=3mm_with_cr.wasm;relay_node=edge-host-1,2026-04-28T15:34:01.115951,,0,1,13402,0,0
28-04-2026-host-cold-0070,WASM,cold,no,1,128.0,127811.0,2015,5534,2002,7537,0.0,x86_64,x86_64,True,True,transfer_mode=host;module=3mm_with_cr.wasm;relay_node=edge-host-1,2026-04-28T15:34:20.804495,,0,1,13352,0,0
28-04-2026-host-cold-0071,WASM,cold,no,1,133.0,132571.0,2018,5799,1977,7777,0.0,x86_64,x86_64,True,True,transfer_mode=host;module=3mm_with_cr.wasm;relay_node=edge-host-1,2026-04-28T15:34:41.259538,,0,1,13584,0,0
28-04-2026-host-cold-0072,WASM,cold,no,1,150.0,149824.0,2017,5694,1960,7655,0.0,x86_64,x86_64,True,True,transfer_mode=host;module=3mm_with_cr.wasm;relay_node=edge-host-1,2026-04-28T15:35:01.334106,,0,1,13694,0,0
28-04-2026-host-cold-0073,WASM,cold,no,1,125.0,124743.0,2016,5535,2081,7617,0.0,x86_64,x86_64,True,True,transfer_mode=host;module=3mm_with_cr.wasm;relay_node=edge-host-1,2026-04-28T15:35:21.058774,,0,1,13414,0,0
28-04-2026-host-cold-0074,WASM,cold,no,1,205.0,204655.0,2018,5904,1994,7899,0.0,x86_64,x86_64,True,True,transfer_mode=host;module=3mm_with_cr.wasm;relay_node=edge-host-1,2026-04-28T15:35:41.750351,,0,1,13817,0,0
28-04-2026-direct-cold-0020,WASM,cold,no,1,128.0,127388.0,2020,2445,2225,4671,0.01,x86_64,x86_64,True,True,transfer_mode=direct;module=3mm_with_cr.wasm,2026-04-28T15:35:58.722495,,0,1,10539,0,0
28-04-2026-direct-cold-0021,WASM,cold,no,1,126.0,125294.0,2017,2468,1985,4454,0.01,x86_64,x86_64,True,True,transfer_mode=direct;module=3mm_with_cr.wasm,2026-04-28T15:36:15.620027,,0,1,10380,0,0
28-04-2026-direct-cold-0022,WASM,cold,no,1,143.0,142849.0,2019,2721,1981,4703,0.01,x86_64,x86_64,True,True,transfer_mode=direct;module=3mm_with_cr.wasm,2026-04-28T15:36:32.690017,,0,1,10759,0,0
28-04-2026-direct-cold-0023,WASM,cold,no,1,157.0,156246.0,2018,2451,1986,4438,0.01,x86_64,x86_64,True,True,transfer_mode=direct;module=3mm_with_cr.wasm,2026-04-28T15:36:49.485001,,0,1,10496,0,0
28-04-2026-direct-cold-0024,WASM,cold,no,1,133.0,132759.0,2019,2684,2005,4690,0.01,x86_64,x86_64,True,True,transfer_mode=direct;module=3mm_with_cr.wasm,2026-04-28T15:37:06.478883,,0,1,10538,0,0
28-04-2026-direct-cold-0025,WASM,cold,no,1,157.0,156426.0,2017,2470,1944,4415,0.01,x86_64,x86_64,True,True,transfer_mode=direct;module=3mm_with_cr.wasm,2026-04-28T15:37:23.079364,,0,1,10356,0,0
28-04-2026-direct-cold-0026,WASM,cold,no,1,164.0,163471.0,2017,2448,1953,4402,0.01,x86_64,x86_64,True,True,transfer_mode=direct;module=3mm_with_cr.wasm,2026-04-28T15:37:40.369733,,0,1,10397,0,0
28-04-2026-direct-cold-0027,WASM,cold,no,1,136.0,135554.0,2018,2501,2023,4525,0.01,x86_64,x86_64,True,True,transfer_mode=direct;module=3mm_with_cr.wasm,2026-04-28T15:37:57.213206,,0,1,10369,0,0
28-04-2026-direct-cold-0028,WASM,cold,no,1,132.0,131716.0,2019,2487,1989,4477,0.01,x86_64,x86_64,True,True,transfer_mode=direct;module=3mm_with_cr.wasm,2026-04-28T15:38:14.248863,,0,1,10363,0,0
28-04-2026-direct-cold-0029,WASM,cold,no,1,131.0,130624.0,2020,2475,2279,4755,0.01,x86_64,x86_64,True,True,transfer_mode=direct;module=3mm_with_cr.wasm,2026-04-28T15:38:31.648719,,0,1,10892,0,0
28-04-2026-direct-cold-0030,WASM,cold,no,1,129.0,128199.0,2018,2466,2006,4473,0.01,x86_64,x86_64,True,True,transfer_mode=direct;module=3mm_with_cr.wasm,2026-04-28T15:38:48.299188,,0,1,10303,0,0
28-04-2026-direct-cold-0031,WASM,cold,no,1,130.0,129601.0,2019,2467,1963,4431,0.01,x86_64,x86_64,True,True,transfer_mode=direct;module=3mm_with_cr.wasm,2026-04-28T15:39:04.877038,,0,1,10279,0,0
28-04-2026-direct-cold-0032,WASM,cold,no,1,143.0,142498.0,2019,2439,1945,4385,0.01,x86_64,x86_64,True,True,transfer_mode=direct;module=3mm_with_cr.wasm,2026-04-28T15:39:21.436170,,0,1,10211,0,0
28-04-2026-direct-cold-0033,WASM,cold,no,1,149.0,148049.0,2019,2721,1982,4704,0.01,x86_64,x86_64,True,True,transfer_mode=direct;module=3mm_with_cr.wasm,2026-04-28T15:39:38.533635,,0,1,10517,0,0
28-04-2026-direct-cold-0034,WASM,cold,no,1,127.0,126054.0,2020,2485,1988,4474,0.01,x86_64,x86_64,True,True,transfer_mode=direct;module=3mm_with_cr.wasm,2026-04-28T15:39:55.243074,,0,1,10332,0,0
28-04-2026-direct-cold-0035,WASM,cold,no,1,136.0,135193.0,2014,2456,1988,4445,0.01,x86_64,x86_64,True,True,transfer_mode=direct;module=3mm_with_cr.wasm,2026-04-28T15:40:11.878023,,0,1,10362,0,0
28-04-2026-direct-cold-0036,WASM,cold,no,1,127.0,126734.0,2019,2492,1986,4479,0.01,x86_64,x86_64,True,True,transfer_mode=direct;module=3mm_with_cr.wasm,2026-04-28T15:40:28.749243,,0,1,10555,0,0
28-04-2026-direct-cold-0037,WASM,cold,no,1,135.0,134601.0,2020,2446,2224,4671,0.01,x86_64,x86_64,True,True,transfer_mode=direct;module=3mm_with_cr.wasm,2026-04-28T15:40:45.912484,,0,1,10562,0,0
28-04-2026-direct-cold-0038,WASM,cold,no,1,127.0,126985.0,2019,2476,2213,4690,0.01,x86_64,x86_64,True,True,transfer_mode=direct;module=3mm_with_cr.wasm,2026-04-28T15:41:03.094522,,0,1,10626,0,0
28-04-2026-direct-cold-0039,WASM,cold,no,1,137.0,136315.0,2018,2441,1968,4410,0.01,x86_64,x86_64,True,True,transfer_mode=direct;module=3mm_with_cr.wasm,2026-04-28T15:41:19.673378,,0,1,10227,0,0
28-04-2026-direct-cold-0040,WASM,cold,no,1,253.0,252797.0,2019,2489,2234,4724,0.01,x86_64,x86_64,True,True,transfer_mode=direct;module=3mm_with_cr.wasm,2026-04-28T15:41:36.926816,,0,1,10800,0,0
28-04-2026-direct-cold-0041,WASM,cold,no,1,159.0,158355.0,2019,2538,2055,4594,0.01,x86_64,x86_64,True,True,transfer_mode=direct;module=3mm_with_cr.wasm,2026-04-28T15:41:53.684598,,0,1,10403,0,0
28-04-2026-direct-cold-0042,WASM,cold,no,1,139.0,138176.0,2019,2466,1965,4432,0.01,x86_64,x86_64,True,True,transfer_mode=direct;module=3mm_with_cr.wasm,2026-04-28T15:42:10.481811,,0,1,10279,0,0
28-04-2026-direct-cold-0043,WASM,cold,no,1,133.0,132596.0,2018,2524,1962,4487,0.01,x86_64,x86_64,True,True,transfer_mode=direct;module=3mm_with_cr.wasm,2026-04-28T15:42:27.158539,,0,1,10336,0,0
28-04-2026-direct-cold-0044,WASM,cold,no,1,134.0,133529.0,2017,2478,1968,4447,0.01,x86_64,x86_64,True,True,transfer_mode=direct;module=3mm_with_cr.wasm,2026-04-28T15:42:44.382860,,0,1,10394,0,0
28-04-2026-direct-cold-0045,WASM,cold,no,1,132.0,131554.0,2019,2455,1966,4422,0.01,x86_64,x86_64,True,True,transfer_mode=direct;module=3mm_with_cr.wasm,2026-04-28T15:43:01.280392,,0,1,10324,0,0
28-04-2026-direct-cold-0046,WASM,cold,no,1,128.0,127898.0,2018,2481,1971,4453,0.01,x86_64,x86_64,True,True,transfer_mode=direct;module=3mm_with_cr.wasm,2026-04-28T15:43:17.871778,,0,1,10362,0,0
28-04-2026-direct-cold-0047,WASM,cold,no,1,152.0,151063.0,2018,2742,1974,4717,0.01,x86_64,x86_64,True,True,transfer_mode=direct;module=3mm_with_cr.wasm,2026-04-28T15:43:35.246749,,0,1,10796,0,0
28-04-2026-direct-cold-0048,WASM,cold,no,1,131.0,130523.0,2017,2474,1994,4469,0.01,x86_64,x86_64,True,True,transfer_mode=direct;module=3mm_with_cr.wasm,2026-04-28T15:43:51.851656,,0,1,10278,0,0
28-04-2026-direct-cold-0049,WASM,cold,no,1,126.0,125043.0,2020,2486,1941,4428,0.01,x86_64,x86_64,True,True,transfer_mode=direct;module=3mm_with_cr.wasm,2026-04-28T15:44:08.657117,,0,1,10371,0,0
28-04-2026-direct-cold-0050,WASM,cold,no,1,130.0,129252.0,2019,2477,1965,4443,0.01,x86_64,x86_64,True,True,transfer_mode=direct;module=3mm_with_cr.wasm,2026-04-28T15:44:25.152049,,0,1,10227,0,0
28-04-2026-direct-cold-0051,WASM,cold,no,1,132.0,131617.0,2017,2732,1975,4708,0.01,x86_64,x86_64,True,True,transfer_mode=direct;module=3mm_with_cr.wasm,2026-04-28T15:44:42.858041,,0,1,10911,0,0
28-04-2026-direct-cold-0052,WASM,cold,no,1,133.0,132678.0,2018,2461,1999,4461,0.01,x86_64,x86_64,True,True,transfer_mode=direct;module=3mm_with_cr.wasm,2026-04-28T15:44:59.667131,,0,1,10546,0,0
28-04-2026-direct-cold-0053,WASM,cold,no,1,139.0,138591.0,2018,2488,1989,4478,0.01,x86_64,x86_64,True,True,transfer_mode=direct;module=3mm_with_cr.wasm,2026-04-28T15:45:16.392959,,0,1,10357,0,0
28-04-2026-direct-cold-0054,WASM,cold,no,1,159.0,158870.0,2019,2485,1980,4466,0.01,x86_64,x86_64,True,True,transfer_mode=direct;module=3mm_with_cr.wasm,2026-04-28T15:45:33.349595,,0,1,10598,0,0
28-04-2026-direct-cold-0055,WASM,cold,no,1,127.0,126807.0,2016,2475,1973,4449,0.01,x86_64,x86_64,True,True,transfer_mode=direct;module=3mm_with_cr.wasm,2026-04-28T15:45:50.388102,,0,1,10304,0,0
28-04-2026-direct-cold-0056,WASM,cold,no,1,133.0,132990.0,2016,2447,2006,4454,0.01,x86_64,x86_64,True,True,transfer_mode=direct;module=3mm_with_cr.wasm,2026-04-28T15:46:07.290860,,0,1,10285,0,0
28-04-2026-direct-cold-0057,WASM,cold,no,1,137.0,136879.0,2014,2436,1962,4399,0.01,x86_64,x86_64,True,True,transfer_mode=direct;module=3mm_with_cr.wasm,2026-04-28T15:46:23.818941,,0,1,10175,0,0
28-04-2026-direct-cold-0058,WASM,cold,no,1,153.0,152678.0,2018,2490,2239,4730,0.01,x86_64,x86_64,True,True,transfer_mode=direct;module=3mm_with_cr.wasm,2026-04-28T15:46:40.939924,,0,1,10806,0,0
28-04-2026-direct-cold-0059,WASM,cold,no,1,147.0,146586.0,2019,2486,1978,4465,0.01,x86_64,x86_64,True,True,transfer_mode=direct;module=3mm_with_cr.wasm,2026-04-28T15:46:57.629992,,0,1,10287,0,0
