run_id,technology,migration_method,network_migration,checkpoint_ms,archive_bytes,transfer_ms,restore_ms,downtime_ms,bandwidth_mbps,src_arch,dst_arch,same_arch,success,notes,timestamp,profile_name,predump_ms,final_dump_ms,total_ms,lazy_pages_active_ms,lazy_pages_log_bytes
21-04-2026-host-cold-0000,CRIU,cold,no,593,25572,5870,306,6769,0.03,x86_64,x86_64,True,False,transfer_mode=host;relay_node=edge-host-1; process_validation_failed,2026-04-21T01:32:20.604960,,,,,,
21-04-2026-direct-cold-0000,CRIU,cold,no,606,25579,2505,307,3418,0.08,x86_64,x86_64,True,False,transfer_mode=direct; process_validation_failed,2026-04-21T01:32:46.768344,,,,,,
21-04-2026-host-precopy-0000,CRIU,precopy,no,577,30401,5896,308,6781,0.04,x86_64,x86_64,True,False,transfer_mode=host;iterations=2;relay_node=edge-host-1; process_validation_failed,2026-04-21T01:33:18.113670,,,,,,
21-04-2026-direct-precopy-0000,CRIU,precopy,no,561,29997,2462,304,3327,0.10,x86_64,x86_64,True,False,transfer_mode=direct;iterations=2; process_validation_failed,2026-04-21T01:33:46.854483,,,,,,
21-04-2026-host-postcopy-0000,CRIU,postcopy,no,996,23299,5837,320,7153,0.03,x86_64,x86_64,True,False,transfer_mode=host;lazy_pages_port=9999;relay_node=edge-host-1; process_validation_failed,2026-04-21T01:34:18.212002,,,,,,
21-04-2026-direct-postcopy-0000,CRIU,postcopy,no,995,23457,2480,316,3791,0.08,x86_64,x86_64,True,False,transfer_mode=direct;lazy_pages_port=9999; process_validation_failed,2026-04-21T01:34:47.375663,,,,,,
21-04-2026-direct-cold-0001,CRIU,cold,no,584,25564,2502,308,3394,0.08,x86_64,x86_64,True,False,transfer_mode=direct; process_validation_failed,2026-04-21T01:39:49.942158,,,,,,
22-04-2026-host-cold-0000,CRIU,cold,no,599,25498,6538,300,7437,0.03,x86_64,x86_64,True,False,transfer_mode=host;relay_node=edge-host-1; process_validation_failed,2026-04-22T20:24:14.946173,1_WiFi_6,,,,,
22-04-2026-host-cold-0001,CRIU,cold,no,593,25522,6254,367,7214,0.03,x86_64,x86_64,True,False,transfer_mode=host;relay_node=edge-host-1; process_validation_failed,2026-04-22T20:24:43.474477,1_WiFi_6,,,,,
22-04-2026-host-cold-0002,CRIU,cold,no,602,25279,6570,311,7483,0.03,x86_64,x86_64,True,False,transfer_mode=host;relay_node=edge-host-1; process_validation_failed,2026-04-22T20:25:12.517405,1_WiFi_6,,,,,
22-04-2026-host-cold-0003,CRIU,cold,no,592,25449,6202,304,7098,0.03,x86_64,x86_64,True,False,transfer_mode=host;relay_node=edge-host-1; process_validation_failed,2026-04-22T20:25:40.653836,1_WiFi_6,,,,,
22-04-2026-host-cold-0004,CRIU,cold,no,627,25681,6233,312,7172,0.03,x86_64,x86_64,True,False,transfer_mode=host;relay_node=edge-host-1; process_validation_failed,2026-04-22T20:26:09.547838,1_WiFi_6,,,,,
22-04-2026-host-cold-0005,CRIU,cold,no,596,25429,6582,307,7485,0.03,x86_64,x86_64,True,False,transfer_mode=host;relay_node=edge-host-1; process_validation_failed,2026-04-22T20:26:38.135847,1_WiFi_6,,,,,
22-04-2026-host-cold-0006,CRIU,cold,no,600,25401,6554,310,7464,0.03,x86_64,x86_64,True,False,transfer_mode=host;relay_node=edge-host-1; process_validation_failed,2026-04-22T20:27:06.915714,1_WiFi_6,,,,,
22-04-2026-host-cold-0007,CRIU,cold,no,585,25630,6836,296,7717,0.03,x86_64,x86_64,True,False,transfer_mode=host;relay_node=edge-host-1; process_validation_failed,2026-04-22T20:27:35.805377,1_WiFi_6,,,,,
22-04-2026-host-cold-0008,CRIU,cold,no,596,25355,6562,308,7466,0.03,x86_64,x86_64,True,False,transfer_mode=host;relay_node=edge-host-1; process_validation_failed,2026-04-22T20:28:04.566310,1_WiFi_6,,,,,
22-04-2026-host-cold-0009,CRIU,cold,no,579,25445,6511,305,7395,0.03,x86_64,x86_64,True,False,transfer_mode=host;relay_node=edge-host-1; process_validation_failed,2026-04-22T20:28:32.929881,1_WiFi_6,,,,,
22-04-2026-host-cold-0010,CRIU,cold,no,595,25378,6564,339,7498,0.03,x86_64,x86_64,True,False,transfer_mode=host;relay_node=edge-host-1; process_validation_failed,2026-04-22T20:29:01.641618,1_WiFi_6,,,,,
22-04-2026-host-cold-0011,CRIU,cold,no,594,25486,6238,310,7142,0.03,x86_64,x86_64,True,False,transfer_mode=host;relay_node=edge-host-1; process_validation_failed,2026-04-22T20:29:29.643130,1_WiFi_6,,,,,
22-04-2026-host-cold-0012,CRIU,cold,no,595,25550,6582,312,7489,0.03,x86_64,x86_64,True,False,transfer_mode=host;relay_node=edge-host-1; process_validation_failed,2026-04-22T20:29:58.388685,1_WiFi_6,,,,,
22-04-2026-host-cold-0013,CRIU,cold,no,608,25545,6290,309,7207,0.03,x86_64,x86_64,True,False,transfer_mode=host;relay_node=edge-host-1; process_validation_failed,2026-04-22T20:30:26.942536,1_WiFi_6,,,,,
22-04-2026-host-cold-0014,CRIU,cold,no,588,25696,6558,314,7460,0.03,x86_64,x86_64,True,False,transfer_mode=host;relay_node=edge-host-1; process_validation_failed,2026-04-22T20:30:55.382054,1_WiFi_6,,,,,
22-04-2026-host-cold-0015,CRIU,cold,no,617,25499,6309,308,7234,0.03,x86_64,x86_64,True,False,transfer_mode=host;relay_node=edge-host-1; process_validation_failed,2026-04-22T20:31:24.178597,1_WiFi_6,,,,,
22-04-2026-host-cold-0016,CRIU,cold,no,596,25480,6303,307,7206,0.03,x86_64,x86_64,True,False,transfer_mode=host;relay_node=edge-host-1; process_validation_failed,2026-04-22T20:31:52.409706,1_WiFi_6,,,,,
22-04-2026-host-cold-0017,CRIU,cold,no,613,25520,6556,308,7477,0.03,x86_64,x86_64,True,False,transfer_mode=host;relay_node=edge-host-1; process_validation_failed,2026-04-22T20:32:21.513442,1_WiFi_6,,,,,
22-04-2026-host-cold-0018,CRIU,cold,no,589,25572,6317,306,7212,0.03,x86_64,x86_64,True,False,transfer_mode=host;relay_node=edge-host-1; process_validation_failed,2026-04-22T20:32:49.826790,1_WiFi_6,,,,,
22-04-2026-host-cold-0019,CRIU,cold,no,623,25663,6811,302,7736,0.03,x86_64,x86_64,True,False,transfer_mode=host;relay_node=edge-host-1; process_validation_failed,2026-04-22T20:33:19.212749,1_WiFi_6,,,,,
22-04-2026-direct-cold-0000,CRIU,cold,no,594,25711,2810,311,3715,0.07,x86_64,x86_64,True,False,transfer_mode=direct; process_validation_failed,2026-04-22T20:33:45.691994,1_WiFi_6,,,,,
22-04-2026-direct-cold-0001,CRIU,cold,no,595,25701,3384,312,4291,0.06,x86_64,x86_64,True,False,transfer_mode=direct; process_validation_failed,2026-04-22T20:34:12.755097,1_WiFi_6,,,,,
22-04-2026-direct-cold-0002,CRIU,cold,no,589,25516,2842,306,3737,0.07,x86_64,x86_64,True,False,transfer_mode=direct; process_validation_failed,2026-04-22T20:34:39.263204,1_WiFi_6,,,,,
22-04-2026-direct-cold-0003,CRIU,cold,no,598,25440,2841,297,3736,0.07,x86_64,x86_64,True,False,transfer_mode=direct; process_validation_failed,2026-04-22T20:35:06.105318,1_WiFi_6,,,,,
22-04-2026-direct-cold-0004,CRIU,cold,no,599,25678,2848,316,3763,0.07,x86_64,x86_64,True,False,transfer_mode=direct; process_validation_failed,2026-04-22T20:35:32.938810,1_WiFi_6,,,,,
22-04-2026-direct-cold-0005,CRIU,cold,no,605,25624,2859,301,3765,0.07,x86_64,x86_64,True,False,transfer_mode=direct; process_validation_failed,2026-04-22T20:35:59.509672,1_WiFi_6,,,,,
22-04-2026-direct-cold-0006,CRIU,cold,no,604,25534,2817,312,3733,0.07,x86_64,x86_64,True,False,transfer_mode=direct; process_validation_failed,2026-04-22T20:36:26.791643,1_WiFi_6,,,,,
22-04-2026-direct-cold-0007,CRIU,cold,no,620,25430,2824,313,3757,0.07,x86_64,x86_64,True,False,transfer_mode=direct; process_validation_failed,2026-04-22T20:36:53.433391,1_WiFi_6,,,,,
22-04-2026-direct-cold-0008,CRIU,cold,no,603,25826,2837,310,3750,0.07,x86_64,x86_64,True,False,transfer_mode=direct; process_validation_failed,2026-04-22T20:37:20.477914,1_WiFi_6,,,,,
22-04-2026-direct-cold-0009,CRIU,cold,no,689,25795,2859,313,3861,0.07,x86_64,x86_64,True,False,transfer_mode=direct; process_validation_failed,2026-04-22T20:37:47.128336,1_WiFi_6,,,,,
22-04-2026-direct-cold-0010,CRIU,cold,no,615,25774,3113,302,4030,0.07,x86_64,x86_64,True,False,transfer_mode=direct; process_validation_failed,2026-04-22T20:38:13.972257,1_WiFi_6,,,,,
22-04-2026-direct-cold-0011,CRIU,cold,no,616,25536,2879,303,3798,0.07,x86_64,x86_64,True,False,transfer_mode=direct; process_validation_failed,2026-04-22T20:38:40.980463,1_WiFi_6,,,,,
22-04-2026-direct-cold-0012,CRIU,cold,no,604,25715,2860,303,3767,0.07,x86_64,x86_64,True,False,transfer_mode=direct; process_validation_failed,2026-04-22T20:39:07.828196,1_WiFi_6,,,,,
22-04-2026-direct-cold-0013,CRIU,cold,no,589,25467,2812,317,3718,0.07,x86_64,x86_64,True,False,transfer_mode=direct; process_validation_failed,2026-04-22T20:39:35.028094,1_WiFi_6,,,,,
22-04-2026-direct-cold-0014,CRIU,cold,no,592,25618,2830,311,3733,0.07,x86_64,x86_64,True,False,transfer_mode=direct; process_validation_failed,2026-04-22T20:40:01.570933,1_WiFi_6,,,,,
22-04-2026-direct-cold-0015,CRIU,cold,no,889,25575,2839,300,4028,0.07,x86_64,x86_64,True,False,transfer_mode=direct; process_validation_failed,2026-04-22T20:40:29.052591,1_WiFi_6,,,,,
22-04-2026-direct-cold-0016,CRIU,cold,no,604,25774,2834,313,3751,0.07,x86_64,x86_64,True,False,transfer_mode=direct; process_validation_failed,2026-04-22T20:40:55.612313,1_WiFi_6,,,,,
22-04-2026-direct-cold-0017,CRIU,cold,no,600,25490,2835,308,3743,0.07,x86_64,x86_64,True,False,transfer_mode=direct; process_validation_failed,2026-04-22T20:41:22.676862,1_WiFi_6,,,,,
22-04-2026-direct-cold-0018,CRIU,cold,no,603,25359,2815,310,3728,0.07,x86_64,x86_64,True,False,transfer_mode=direct; process_validation_failed,2026-04-22T20:41:50.004335,1_WiFi_6,,,,,
22-04-2026-direct-cold-0019,CRIU,cold,no,598,25385,3102,306,4006,0.07,x86_64,x86_64,True,False,transfer_mode=direct; process_validation_failed,2026-04-22T20:42:16.986466,1_WiFi_6,,,,,
22-04-2026-host-precopy-0000,CRIU,precopy,no,593,33043,6482,306,7381,0.04,x86_64,x86_64,True,False,transfer_mode=host;iterations=3;relay_node=edge-host-1; process_validation_failed,2026-04-22T20:42:49.607924,1_WiFi_6,,,,,
22-04-2026-host-precopy-0001,CRIU,precopy,no,580,33695,6565,302,7447,0.04,x86_64,x86_64,True,False,transfer_mode=host;iterations=3;relay_node=edge-host-1; process_validation_failed,2026-04-22T20:43:22.067827,1_WiFi_6,,,,,
22-04-2026-host-precopy-0002,CRIU,precopy,no,584,33310,6537,312,7433,0.04,x86_64,x86_64,True,False,transfer_mode=host;iterations=3;relay_node=edge-host-1; process_validation_failed,2026-04-22T20:43:54.730109,1_WiFi_6,,,,,
22-04-2026-host-precopy-0003,CRIU,precopy,no,571,33737,6579,311,7461,0.04,x86_64,x86_64,True,False,transfer_mode=host;iterations=3;relay_node=edge-host-1; process_validation_failed,2026-04-22T20:44:27.148357,1_WiFi_6,,,,,
22-04-2026-host-precopy-0004,CRIU,precopy,no,719,32899,6834,310,7863,0.04,x86_64,x86_64,True,False,transfer_mode=host;iterations=3;relay_node=edge-host-1; process_validation_failed,2026-04-22T20:45:00.208930,1_WiFi_6,,,,,
22-04-2026-host-precopy-0005,CRIU,precopy,no,591,33317,6548,293,7432,0.04,x86_64,x86_64,True,False,transfer_mode=host;iterations=3;relay_node=edge-host-1; process_validation_failed,2026-04-22T20:45:32.646484,1_WiFi_6,,,,,
22-04-2026-host-precopy-0006,CRIU,precopy,no,582,32904,6681,313,7576,0.04,x86_64,x86_64,True,False,transfer_mode=host;iterations=3;relay_node=edge-host-1; process_validation_failed,2026-04-22T20:46:05.403257,1_WiFi_6,,,,,
22-04-2026-host-precopy-0007,CRIU,precopy,no,596,33279,6523,306,7425,0.04,x86_64,x86_64,True,False,transfer_mode=host;iterations=3;relay_node=edge-host-1; process_validation_failed,2026-04-22T20:46:37.727163,1_WiFi_6,,,,,
22-04-2026-host-precopy-0008,CRIU,precopy,no,588,33206,6469,303,7360,0.04,x86_64,x86_64,True,False,transfer_mode=host;iterations=3;relay_node=edge-host-1; process_validation_failed,2026-04-22T20:47:10.411711,1_WiFi_6,,,,,
22-04-2026-host-precopy-0009,CRIU,precopy,no,591,32786,6530,311,7432,0.04,x86_64,x86_64,True,False,transfer_mode=host;iterations=3;relay_node=edge-host-1; process_validation_failed,2026-04-22T20:47:42.802803,1_WiFi_6,,,,,
22-04-2026-host-precopy-0010,CRIU,precopy,no,598,32890,6587,296,7481,0.04,x86_64,x86_64,True,False,transfer_mode=host;iterations=3;relay_node=edge-host-1; process_validation_failed,2026-04-22T20:48:15.486522,1_WiFi_6,,,,,
22-04-2026-host-precopy-0011,CRIU,precopy,no,584,33899,6549,311,7444,0.04,x86_64,x86_64,True,False,transfer_mode=host;iterations=3;relay_node=edge-host-1; process_validation_failed,2026-04-22T20:48:47.850828,1_WiFi_6,,,,,
22-04-2026-host-precopy-0012,CRIU,precopy,no,587,33127,6535,306,7428,0.04,x86_64,x86_64,True,False,transfer_mode=host;iterations=3;relay_node=edge-host-1; process_validation_failed,2026-04-22T20:49:20.520865,1_WiFi_6,,,,,
22-04-2026-host-precopy-0013,CRIU,precopy,no,589,33195,6832,316,7737,0.04,x86_64,x86_64,True,False,transfer_mode=host;iterations=3;relay_node=edge-host-1; process_validation_failed,2026-04-22T20:49:53.243453,1_WiFi_6,,,,,
22-04-2026-host-precopy-0014,CRIU,precopy,no,575,33147,6632,311,7518,0.04,x86_64,x86_64,True,False,transfer_mode=host;iterations=3;relay_node=edge-host-1; process_validation_failed,2026-04-22T20:50:25.975644,1_WiFi_6,,,,,
22-04-2026-host-precopy-0015,CRIU,precopy,no,582,33278,6536,305,7423,0.04,x86_64,x86_64,True,False,transfer_mode=host;iterations=3;relay_node=edge-host-1; process_validation_failed,2026-04-22T20:50:58.291830,1_WiFi_6,,,,,
22-04-2026-host-precopy-0016,CRIU,precopy,no,585,33840,6527,302,7414,0.04,x86_64,x86_64,True,False,transfer_mode=host;iterations=3;relay_node=edge-host-1; process_validation_failed,2026-04-22T20:51:30.909599,1_WiFi_6,,,,,
22-04-2026-host-precopy-0017,CRIU,precopy,no,587,33074,6521,308,7416,0.04,x86_64,x86_64,True,False,transfer_mode=host;iterations=3;relay_node=edge-host-1; process_validation_failed,2026-04-22T20:52:03.498424,1_WiFi_6,,,,,
22-04-2026-host-precopy-0018,CRIU,precopy,no,598,33806,6521,299,7418,0.04,x86_64,x86_64,True,False,transfer_mode=host;iterations=3;relay_node=edge-host-1; process_validation_failed,2026-04-22T20:52:36.152160,1_WiFi_6,,,,,
22-04-2026-host-precopy-0019,CRIU,precopy,no,584,33291,6524,318,7426,0.04,x86_64,x86_64,True,False,transfer_mode=host;iterations=3;relay_node=edge-host-1; process_validation_failed,2026-04-22T20:53:08.508940,1_WiFi_6,,,,,
22-04-2026-direct-precopy-0000,CRIU,precopy,no,591,33255,2859,331,3781,0.09,x86_64,x86_64,True,False,transfer_mode=direct;iterations=3; process_validation_failed,2026-04-22T20:53:39.495341,1_WiFi_6,,,,,
22-04-2026-direct-precopy-0001,CRIU,precopy,no,590,33767,2843,315,3748,0.10,x86_64,x86_64,True,False,transfer_mode=direct;iterations=3; process_validation_failed,2026-04-22T20:54:10.257126,1_WiFi_6,,,,,
22-04-2026-direct-precopy-0002,CRIU,precopy,no,598,33062,2836,317,3751,0.09,x86_64,x86_64,True,False,transfer_mode=direct;iterations=3; process_validation_failed,2026-04-22T20:54:41.041517,1_WiFi_6,,,,,
22-04-2026-direct-precopy-0003,CRIU,precopy,no,583,33742,2831,323,3737,0.10,x86_64,x86_64,True,False,transfer_mode=direct;iterations=3; process_validation_failed,2026-04-22T20:55:11.932757,1_WiFi_6,,,,,
22-04-2026-direct-precopy-0004,CRIU,precopy,no,599,33173,2826,306,3731,0.09,x86_64,x86_64,True,False,transfer_mode=direct;iterations=3; process_validation_failed,2026-04-22T20:55:42.620912,1_WiFi_6,,,,,
22-04-2026-direct-precopy-0005,CRIU,precopy,no,581,33169,2830,308,3719,0.09,x86_64,x86_64,True,False,transfer_mode=direct;iterations=3; process_validation_failed,2026-04-22T20:56:13.504920,1_WiFi_6,,,,,
22-04-2026-direct-precopy-0006,CRIU,precopy,no,577,33195,2857,314,3748,0.09,x86_64,x86_64,True,False,transfer_mode=direct;iterations=3; process_validation_failed,2026-04-22T20:56:44.327692,1_WiFi_6,,,,,
22-04-2026-direct-precopy-0007,CRIU,precopy,no,579,33015,2838,302,3719,0.09,x86_64,x86_64,True,False,transfer_mode=direct;iterations=3; process_validation_failed,2026-04-22T20:57:15.141203,1_WiFi_6,,,,,
22-04-2026-direct-precopy-0008,CRIU,precopy,no,569,33723,2832,314,3715,0.10,x86_64,x86_64,True,False,transfer_mode=direct;iterations=3; process_validation_failed,2026-04-22T20:57:46.173962,1_WiFi_6,,,,,
22-04-2026-direct-precopy-0009,CRIU,precopy,no,575,33680,2848,311,3734,0.09,x86_64,x86_64,True,False,transfer_mode=direct;iterations=3; process_validation_failed,2026-04-22T20:58:16.893969,1_WiFi_6,,,,,
22-04-2026-direct-precopy-0010,CRIU,precopy,no,591,33158,2860,320,3771,0.09,x86_64,x86_64,True,False,transfer_mode=direct;iterations=3; process_validation_failed,2026-04-22T20:58:47.589694,1_WiFi_6,,,,,
22-04-2026-direct-precopy-0011,CRIU,precopy,no,590,33186,2817,316,3723,0.09,x86_64,x86_64,True,False,transfer_mode=direct;iterations=3; process_validation_failed,2026-04-22T20:59:18.376969,1_WiFi_6,,,,,
22-04-2026-direct-precopy-0012,CRIU,precopy,no,590,33059,2815,317,3722,0.09,x86_64,x86_64,True,False,transfer_mode=direct;iterations=3; process_validation_failed,2026-04-22T20:59:48.993862,1_WiFi_6,,,,,
22-04-2026-direct-precopy-0013,CRIU,precopy,no,576,32822,2841,319,3736,0.09,x86_64,x86_64,True,False,transfer_mode=direct;iterations=3; process_validation_failed,2026-04-22T21:00:19.692804,1_WiFi_6,,,,,
22-04-2026-direct-precopy-0014,CRIU,precopy,no,560,33102,2873,302,3735,0.09,x86_64,x86_64,True,False,transfer_mode=direct;iterations=3; process_validation_failed,2026-04-22T21:00:50.485692,1_WiFi_6,,,,,
22-04-2026-direct-precopy-0015,CRIU,precopy,no,585,33100,2812,295,3692,0.09,x86_64,x86_64,True,False,transfer_mode=direct;iterations=3; process_validation_failed,2026-04-22T21:01:21.332867,1_WiFi_6,,,,,
22-04-2026-direct-precopy-0016,CRIU,precopy,no,571,33097,2800,305,3676,0.09,x86_64,x86_64,True,False,transfer_mode=direct;iterations=3; process_validation_failed,2026-04-22T21:01:52.064767,1_WiFi_6,,,,,
22-04-2026-direct-precopy-0017,CRIU,precopy,no,580,33756,2857,304,3741,0.09,x86_64,x86_64,True,False,transfer_mode=direct;iterations=3; process_validation_failed,2026-04-22T21:02:22.811491,1_WiFi_6,,,,,
22-04-2026-direct-precopy-0018,CRIU,precopy,no,584,33134,2859,322,3765,0.09,x86_64,x86_64,True,False,transfer_mode=direct;iterations=3; process_validation_failed,2026-04-22T21:02:53.755344,1_WiFi_6,,,,,
22-04-2026-direct-precopy-0019,CRIU,precopy,no,590,33164,2828,308,3726,0.09,x86_64,x86_64,True,False,transfer_mode=direct;iterations=3; process_validation_failed,2026-04-22T21:03:24.482171,1_WiFi_6,,,,,
22-04-2026-host-postcopy-0000,CRIU,postcopy,no,1014,23461,6571,350,7935,0.03,x86_64,x86_64,True,False,transfer_mode=host;lazy_pages_port=9999;relay_node=edge-host-1; process_validation_failed,2026-04-22T21:03:56.727359,1_WiFi_6,,,,,
22-04-2026-host-postcopy-0001,CRIU,postcopy,no,997,23439,6517,334,7848,0.03,x86_64,x86_64,True,False,transfer_mode=host;lazy_pages_port=9999;relay_node=edge-host-1; process_validation_failed,2026-04-22T21:04:28.686524,1_WiFi_6,,,,,
22-04-2026-host-postcopy-0002,CRIU,postcopy,no,997,23256,6513,333,7843,0.03,x86_64,x86_64,True,False,transfer_mode=host;lazy_pages_port=9999;relay_node=edge-host-1; process_validation_failed,2026-04-22T21:05:00.181109,1_WiFi_6,,,,,
22-04-2026-host-postcopy-0003,CRIU,postcopy,no,1003,23429,6528,329,7860,0.03,x86_64,x86_64,True,False,transfer_mode=host;lazy_pages_port=9999;relay_node=edge-host-1; process_validation_failed,2026-04-22T21:05:32.020296,1_WiFi_6,,,,,
22-04-2026-host-postcopy-0004,CRIU,postcopy,no,1006,23371,6543,332,7881,0.03,x86_64,x86_64,True,False,transfer_mode=host;lazy_pages_port=9999;relay_node=edge-host-1; process_validation_failed,2026-04-22T21:06:03.793849,1_WiFi_6,,,,,
22-04-2026-host-postcopy-0005,CRIU,postcopy,no,989,23255,6205,332,7526,0.03,x86_64,x86_64,True,False,transfer_mode=host;lazy_pages_port=9999;relay_node=edge-host-1; process_validation_failed,2026-04-22T21:06:35.775748,1_WiFi_6,,,,,
22-04-2026-host-postcopy-0006,CRIU,postcopy,no,1008,23237,6598,332,7938,0.03,x86_64,x86_64,True,False,transfer_mode=host;lazy_pages_port=9999;relay_node=edge-host-1; process_validation_failed,2026-04-22T21:07:07.673736,1_WiFi_6,,,,,
22-04-2026-host-postcopy-0007,CRIU,postcopy,no,1001,23299,6256,327,7584,0.03,x86_64,x86_64,True,False,transfer_mode=host;lazy_pages_port=9999;relay_node=edge-host-1; process_validation_failed,2026-04-22T21:07:39.504156,1_WiFi_6,,,,,
22-04-2026-host-postcopy-0008,CRIU,postcopy,no,986,23330,6815,343,8144,0.03,x86_64,x86_64,True,False,transfer_mode=host;lazy_pages_port=9999;relay_node=edge-host-1; process_validation_failed,2026-04-22T21:08:11.387625,1_WiFi_6,,,,,
22-04-2026-host-postcopy-0009,CRIU,postcopy,no,992,23247,6204,324,7520,0.03,x86_64,x86_64,True,False,transfer_mode=host;lazy_pages_port=9999;relay_node=edge-host-1; process_validation_failed,2026-04-22T21:08:43.038341,1_WiFi_6,,,,,
22-04-2026-host-postcopy-0010,CRIU,postcopy,no,1001,23441,6598,337,7936,0.03,x86_64,x86_64,True,False,transfer_mode=host;lazy_pages_port=9999;relay_node=edge-host-1; process_validation_failed,2026-04-22T21:09:14.905076,1_WiFi_6,,,,,
22-04-2026-host-postcopy-0011,CRIU,postcopy,no,1010,23351,6232,337,7579,0.03,x86_64,x86_64,True,False,transfer_mode=host;lazy_pages_port=9999;relay_node=edge-host-1; process_validation_failed,2026-04-22T21:09:46.659337,1_WiFi_6,,,,,
22-04-2026-host-postcopy-0012,CRIU,postcopy,no,996,23347,6542,336,7874,0.03,x86_64,x86_64,True,False,transfer_mode=host;lazy_pages_port=9999;relay_node=edge-host-1; process_validation_failed,2026-04-22T21:10:18.264006,1_WiFi_6,,,,,
22-04-2026-host-postcopy-0013,CRIU,postcopy,no,1007,23284,6266,337,7610,0.03,x86_64,x86_64,True,False,transfer_mode=host;lazy_pages_port=9999;relay_node=edge-host-1; process_validation_failed,2026-04-22T21:10:50.694789,1_WiFi_6,,,,,
22-04-2026-host-postcopy-0014,CRIU,postcopy,no,1042,23286,6600,328,7970,0.03,x86_64,x86_64,True,False,transfer_mode=host;lazy_pages_port=9999;relay_node=edge-host-1; process_validation_failed,2026-04-22T21:11:22.804367,1_WiFi_6,,,,,
22-04-2026-host-postcopy-0015,CRIU,postcopy,no,1021,23482,6475,344,7840,0.03,x86_64,x86_64,True,False,transfer_mode=host;lazy_pages_port=9999;relay_node=edge-host-1; process_validation_failed,2026-04-22T21:11:55.545434,1_WiFi_6,,,,,
22-04-2026-host-postcopy-0016,CRIU,postcopy,no,1037,23430,6596,325,7958,0.03,x86_64,x86_64,True,False,transfer_mode=host;lazy_pages_port=9999;relay_node=edge-host-1; process_validation_failed,2026-04-22T21:12:28.154593,1_WiFi_6,,,,,
22-04-2026-host-postcopy-0017,CRIU,postcopy,no,1102,23399,6359,322,7783,0.03,x86_64,x86_64,True,False,transfer_mode=host;lazy_pages_port=9999;relay_node=edge-host-1; process_validation_failed,2026-04-22T21:13:00.816697,1_WiFi_6,,,,,
22-04-2026-host-postcopy-0018,CRIU,postcopy,no,1293,23512,6609,373,8275,0.03,x86_64,x86_64,True,False,transfer_mode=host;lazy_pages_port=9999;relay_node=edge-host-1; process_validation_failed,2026-04-22T21:13:34.315889,1_WiFi_6,,,,,
22-04-2026-host-postcopy-0019,CRIU,postcopy,no,1020,23331,6275,343,7638,0.03,x86_64,x86_64,True,False,transfer_mode=host;lazy_pages_port=9999;relay_node=edge-host-1; process_validation_failed,2026-04-22T21:14:06.625718,1_WiFi_6,,,,,
22-04-2026-direct-postcopy-0000,CRIU,postcopy,no,990,23389,2870,324,4184,0.07,x86_64,x86_64,True,False,transfer_mode=direct;lazy_pages_port=9999; process_validation_failed,2026-04-22T21:14:36.665975,1_WiFi_6,,,,,
22-04-2026-direct-postcopy-0001,CRIU,postcopy,no,1005,23256,2855,335,4195,0.07,x86_64,x86_64,True,False,transfer_mode=direct;lazy_pages_port=9999; process_validation_failed,2026-04-22T21:15:07.327238,1_WiFi_6,,,,,
22-04-2026-direct-postcopy-0002,CRIU,postcopy,no,1007,23406,2852,342,4201,0.07,x86_64,x86_64,True,False,transfer_mode=direct;lazy_pages_port=9999; process_validation_failed,2026-04-22T21:15:37.461927,1_WiFi_6,,,,,
22-04-2026-direct-postcopy-0003,CRIU,postcopy,no,1001,23271,2843,337,4181,0.07,x86_64,x86_64,True,False,transfer_mode=direct;lazy_pages_port=9999; process_validation_failed,2026-04-22T21:16:07.824686,1_WiFi_6,,,,,
22-04-2026-direct-postcopy-0004,CRIU,postcopy,no,1009,23353,2833,335,4177,0.07,x86_64,x86_64,True,False,transfer_mode=direct;lazy_pages_port=9999; process_validation_failed,2026-04-22T21:16:37.604107,1_WiFi_6,,,,,
22-04-2026-direct-postcopy-0005,CRIU,postcopy,no,1025,23481,2886,330,4241,0.07,x86_64,x86_64,True,False,transfer_mode=direct;lazy_pages_port=9999; process_validation_failed,2026-04-22T21:17:08.400252,1_WiFi_6,,,,,
22-04-2026-direct-postcopy-0006,CRIU,postcopy,no,1018,23303,2934,357,4309,0.06,x86_64,x86_64,True,False,transfer_mode=direct;lazy_pages_port=9999; process_validation_failed,2026-04-22T21:17:38.746960,1_WiFi_6,,,,,
22-04-2026-direct-postcopy-0007,CRIU,postcopy,no,1006,23355,2860,327,4193,0.07,x86_64,x86_64,True,False,transfer_mode=direct;lazy_pages_port=9999; process_validation_failed,2026-04-22T21:18:09.331645,1_WiFi_6,,,,,
22-04-2026-direct-postcopy-0008,CRIU,postcopy,no,1015,23312,2972,329,4316,0.06,x86_64,x86_64,True,False,transfer_mode=direct;lazy_pages_port=9999; process_validation_failed,2026-04-22T21:18:39.817417,1_WiFi_6,,,,,
22-04-2026-direct-postcopy-0009,CRIU,postcopy,no,1004,23387,2847,338,4189,0.07,x86_64,x86_64,True,False,transfer_mode=direct;lazy_pages_port=9999; process_validation_failed,2026-04-22T21:19:10.353936,1_WiFi_6,,,,,
22-04-2026-direct-postcopy-0010,CRIU,postcopy,no,1010,23406,2864,336,4210,0.07,x86_64,x86_64,True,False,transfer_mode=direct;lazy_pages_port=9999; process_validation_failed,2026-04-22T21:19:40.306160,1_WiFi_6,,,,,
22-04-2026-direct-postcopy-0011,CRIU,postcopy,no,1026,23438,2865,337,4228,0.07,x86_64,x86_64,True,False,transfer_mode=direct;lazy_pages_port=9999; process_validation_failed,2026-04-22T21:20:11.049191,1_WiFi_6,,,,,
22-04-2026-direct-postcopy-0012,CRIU,postcopy,no,1019,23323,3170,329,4518,0.06,x86_64,x86_64,True,False,transfer_mode=direct;lazy_pages_port=9999; process_validation_failed,2026-04-22T21:20:41.704848,1_WiFi_6,,,,,
22-04-2026-direct-postcopy-0013,CRIU,postcopy,no,1071,23217,3093,317,4481,0.06,x86_64,x86_64,True,False,transfer_mode=direct;lazy_pages_port=9999; process_validation_failed,2026-04-22T21:21:13.131268,1_WiFi_6,,,,,
22-04-2026-direct-postcopy-0014,CRIU,postcopy,no,1010,23270,2861,322,4193,0.07,x86_64,x86_64,True,False,transfer_mode=direct;lazy_pages_port=9999; process_validation_failed,2026-04-22T21:21:42.820419,1_WiFi_6,,,,,
22-04-2026-direct-postcopy-0015,CRIU,postcopy,no,995,23302,2810,316,4121,0.07,x86_64,x86_64,True,False,transfer_mode=direct;lazy_pages_port=9999; process_validation_failed,2026-04-22T21:22:12.812984,1_WiFi_6,,,,,
22-04-2026-direct-postcopy-0016,CRIU,postcopy,no,999,23482,2847,325,4171,0.07,x86_64,x86_64,True,False,transfer_mode=direct;lazy_pages_port=9999; process_validation_failed,2026-04-22T21:22:43.113340,1_WiFi_6,,,,,
22-04-2026-direct-postcopy-0017,CRIU,postcopy,no,998,23229,2835,329,4162,0.07,x86_64,x86_64,True,False,transfer_mode=direct;lazy_pages_port=9999; process_validation_failed,2026-04-22T21:23:13.115052,1_WiFi_6,,,,,
22-04-2026-direct-postcopy-0018,CRIU,postcopy,no,999,23243,2802,326,4127,0.07,x86_64,x86_64,True,False,transfer_mode=direct;lazy_pages_port=9999; process_validation_failed,2026-04-22T21:23:43.048712,1_WiFi_6,,,,,
22-04-2026-direct-postcopy-0019,CRIU,postcopy,no,1001,23334,2847,330,4178,0.07,x86_64,x86_64,True,False,transfer_mode=direct;lazy_pages_port=9999; process_validation_failed,2026-04-22T21:24:13.445593,1_WiFi_6,,,,,
22-04-2026-host-cold-0020,CRIU,cold,no,682,25575,6912,384,7978,0.03,x86_64,x86_64,True,False,transfer_mode=host;relay_node=edge-host-1; process_validation_failed,2026-04-22T21:56:17.082235,SMOKE-2026-04-22,0,0,15343,0,0
22-04-2026-direct-cold-0020,CRIU,cold,no,634,25390,3071,337,4042,0.07,x86_64,x86_64,True,False,transfer_mode=direct; process_validation_failed,2026-04-22T21:56:46.244823,SMOKE-2026-04-22,0,0,13245,0,0
22-04-2026-host-precopy-0020,CRIU,precopy,no,656,27427,7149,334,8139,0.03,x86_64,x86_64,True,False,transfer_mode=host;iterations=1;relay_node=edge-host-1; process_validation_failed,2026-04-22T21:57:18.195861,SMOKE-2026-04-22,1368,656,16696,0,0
22-04-2026-direct-precopy-0020,CRIU,precopy,no,592,27376,2908,314,3814,0.08,x86_64,x86_64,True,False,transfer_mode=direct;iterations=1; process_validation_failed,2026-04-22T21:57:47.895894,SMOKE-2026-04-22,1325,592,13924,0,0
22-04-2026-host-postcopy-0020,CRIU,postcopy,no,1097,23379,6924,347,8368,0.03,x86_64,x86_64,True,False,transfer_mode=host;lazy_pages_port=9999;relay_node=edge-host-1; process_validation_failed,2026-04-22T21:58:22.008171,SMOKE-2026-04-22,0,1097,18952,4637,3217
22-04-2026-direct-postcopy-0020,CRIU,postcopy,no,1063,23445,3609,366,5038,0.05,x86_64,x86_64,True,False,transfer_mode=direct;lazy_pages_port=9999; process_validation_failed,2026-04-22T21:58:55.751829,SMOKE-2026-04-22,0,1063,18033,4720,3107
30-04-2026-host-cold-0000,CRIU,cold,no,332,25411,7193,336,7861,0.03,x86_64,x86_64,True,True,transfer_mode=host;relay_node=edge-host-1,2026-04-30T00:05:32.259863,1_WiFi_6,0,0,16668,0,0
30-04-2026-direct-cold-0000,CRIU,cold,no,312,25475,3130,320,3762,0.07,x86_64,x86_64,True,True,transfer_mode=direct,2026-04-30T00:06:00.387388,1_WiFi_6,0,0,14532,0,0
30-04-2026-host-precopy-0000,CRIU,precopy,no,304,33734,7073,408,7785,0.04,x86_64,x86_64,True,True,transfer_mode=host;iterations=3;relay_node=edge-host-1,2026-04-30T00:06:34.679852,1_WiFi_6,3947,304,20382,0,0
30-04-2026-direct-precopy-0000,CRIU,precopy,no,309,33108,3294,329,3932,0.08,x86_64,x86_64,True,True,transfer_mode=direct;iterations=3,2026-04-30T00:07:06.824066,1_WiFi_6,3925,309,18554,0,0
30-04-2026-host-postcopy-0000,CRIU,postcopy,no,1034,23515,7436,362,8832,0.03,x86_64,x86_64,True,True,transfer_mode=host;lazy_pages_port=9999;relay_node=edge-host-1,2026-04-30T00:07:41.162887,1_WiFi_6,0,1034,20264,6761,3233
30-04-2026-direct-postcopy-0000,CRIU,postcopy,no,1044,23313,3221,329,4594,0.06,x86_64,x86_64,True,True,transfer_mode=direct;lazy_pages_port=9999,2026-04-30T00:08:12.802161,1_WiFi_6,0,1044,18264,6746,3341
30-04-2026-host-cold-0001,CRIU,cold,no,341,25646,7781,325,8447,0.03,x86_64,x86_64,True,True,transfer_mode=host;relay_node=edge-host-1,2026-04-30T00:21:00.307056,2_5G,0,0,17231,0,0
30-04-2026-direct-cold-0001,CRIU,cold,no,333,25435,3502,366,4201,0.06,x86_64,x86_64,True,True,transfer_mode=direct,2026-04-30T00:21:28.851970,2_5G,0,0,14945,0,0
30-04-2026-host-precopy-0001,CRIU,precopy,no,283,33881,7943,323,8549,0.03,x86_64,x86_64,True,True,transfer_mode=host;iterations=3;relay_node=edge-host-1,2026-04-30T00:22:04.471570,2_5G,4025,283,21365,0,0
30-04-2026-direct-precopy-0001,CRIU,precopy,no,282,33108,3472,291,4045,0.08,x86_64,x86_64,True,True,transfer_mode=direct;iterations=3,2026-04-30T00:22:37.210336,2_5G,4057,282,19354,0,0
30-04-2026-host-postcopy-0001,CRIU,postcopy,no,999,23485,7893,361,9253,0.02,x86_64,x86_64,True,True,transfer_mode=host;lazy_pages_port=9999;relay_node=edge-host-1,2026-04-30T00:23:11.718380,2_5G,0,999,20879,6763,3291
30-04-2026-direct-postcopy-0001,CRIU,postcopy,no,988,23533,3496,350,4834,0.05,x86_64,x86_64,True,True,transfer_mode=direct;lazy_pages_port=9999,2026-04-30T00:23:45.646160,2_5G,0,988,20543,8604,3233
30-04-2026-host-cold-0002,CRIU,cold,no,314,25560,7053,300,7667,0.03,x86_64,x86_64,True,True,transfer_mode=host;relay_node=edge-host-1,2026-04-30T06:40:33.284180,1_WiFi_6,0,0,16641,0,0
30-04-2026-host-cold-0003,CRIU,cold,no,356,25591,7083,296,7735,0.03,x86_64,x86_64,True,True,transfer_mode=host;relay_node=edge-host-1,2026-04-30T06:41:03.160100,1_WiFi_6,0,0,16526,0,0
30-04-2026-host-cold-0004,CRIU,cold,no,341,25598,7097,287,7725,0.03,x86_64,x86_64,True,True,transfer_mode=host;relay_node=edge-host-1,2026-04-30T06:41:33.657205,1_WiFi_6,0,0,16508,0,0
30-04-2026-host-cold-0005,CRIU,cold,no,336,25530,6975,314,7625,0.03,x86_64,x86_64,True,True,transfer_mode=host;relay_node=edge-host-1,2026-04-30T06:42:03.435582,1_WiFi_6,0,0,16432,0,0
30-04-2026-host-cold-0006,CRIU,cold,no,343,25485,7145,320,7808,0.03,x86_64,x86_64,True,True,transfer_mode=host;relay_node=edge-host-1,2026-04-30T06:42:33.926677,1_WiFi_6,0,0,16610,0,0
30-04-2026-host-cold-0007,CRIU,cold,no,322,25668,7075,326,7723,0.03,x86_64,x86_64,True,True,transfer_mode=host;relay_node=edge-host-1,2026-04-30T06:43:04.135480,1_WiFi_6,0,0,16384,0,0
30-04-2026-host-cold-0008,CRIU,cold,no,351,25417,7262,313,7926,0.03,x86_64,x86_64,True,True,transfer_mode=host;relay_node=edge-host-1,2026-04-30T06:43:34.789388,1_WiFi_6,0,0,16649,0,0
30-04-2026-host-cold-0009,CRIU,cold,no,307,25639,6205,286,6798,0.03,x86_64,x86_64,True,True,transfer_mode=host;relay_node=edge-host-1,2026-04-30T06:44:03.002816,1_WiFi_6,0,0,15341,0,0
30-04-2026-host-cold-0010,CRIU,cold,no,831,25862,6819,328,7978,0.03,x86_64,x86_64,True,True,transfer_mode=host;relay_node=edge-host-1,2026-04-30T06:44:34.734915,1_WiFi_6,0,0,17754,0,0
30-04-2026-host-cold-0011,CRIU,cold,no,327,25829,8989,317,9633,0.02,x86_64,x86_64,True,True,transfer_mode=host;relay_node=edge-host-1,2026-04-30T06:45:10.437381,1_WiFi_6,0,0,18756,0,0
30-04-2026-host-cold-0012,CRIU,cold,no,312,25673,6810,293,7415,0.03,x86_64,x86_64,True,True,transfer_mode=host;relay_node=edge-host-1,2026-04-30T06:45:40.296225,1_WiFi_6,0,0,16165,0,0
30-04-2026-host-cold-0013,CRIU,cold,no,300,25669,6508,296,7104,0.03,x86_64,x86_64,True,True,transfer_mode=host;relay_node=edge-host-1,2026-04-30T06:46:17.566581,1_WiFi_6,0,0,16032,0,0
30-04-2026-host-cold-0014,CRIU,cold,no,322,25616,6871,322,7515,0.03,x86_64,x86_64,True,True,transfer_mode=host;relay_node=edge-host-1,2026-04-30T06:46:55.182143,1_WiFi_6,0,0,20343,0,0
30-04-2026-host-cold-0015,CRIU,cold,no,328,25630,7210,314,7852,0.03,x86_64,x86_64,True,True,transfer_mode=host;relay_node=edge-host-1,2026-04-30T06:47:25.392527,1_WiFi_6,0,0,16678,0,0
30-04-2026-host-cold-0016,CRIU,cold,no,414,25873,7129,321,7864,0.03,x86_64,x86_64,True,True,transfer_mode=host;relay_node=edge-host-1,2026-04-30T06:47:56.051265,1_WiFi_6,0,0,16847,0,0
30-04-2026-host-cold-0017,CRIU,cold,no,337,25651,7046,315,7698,0.03,x86_64,x86_64,True,True,transfer_mode=host;relay_node=edge-host-1,2026-04-30T06:48:26.187084,1_WiFi_6,0,0,16591,0,0
30-04-2026-host-cold-0018,CRIU,cold,no,421,25673,7250,287,7958,0.03,x86_64,x86_64,True,True,transfer_mode=host;relay_node=edge-host-1,2026-04-30T06:48:56.681709,1_WiFi_6,0,0,16620,0,0
30-04-2026-host-cold-0019,CRIU,cold,no,383,25671,6944,302,7629,0.03,x86_64,x86_64,True,True,transfer_mode=host;relay_node=edge-host-1,2026-04-30T06:49:26.430162,1_WiFi_6,0,0,16446,0,0
30-04-2026-host-cold-0020,CRIU,cold,no,349,25581,7175,306,7830,0.03,x86_64,x86_64,True,True,transfer_mode=host;relay_node=edge-host-1,2026-04-30T06:49:56.800154,1_WiFi_6,0,0,16641,0,0
30-04-2026-host-cold-0021,CRIU,cold,no,339,25900,7202,303,7844,0.03,x86_64,x86_64,True,True,transfer_mode=host;relay_node=edge-host-1,2026-04-30T06:50:26.716091,1_WiFi_6,0,0,16642,0,0
30-04-2026-host-cold-0022,CRIU,cold,no,321,25876,7106,308,7735,0.03,x86_64,x86_64,True,True,transfer_mode=host;relay_node=edge-host-1,2026-04-30T06:50:57.055058,1_WiFi_6,0,0,16462,0,0
30-04-2026-host-cold-0023,CRIU,cold,no,324,25734,7221,301,7846,0.03,x86_64,x86_64,True,True,transfer_mode=host;relay_node=edge-host-1,2026-04-30T06:51:26.938085,1_WiFi_6,0,0,16567,0,0
30-04-2026-host-cold-0024,CRIU,cold,no,372,25609,7116,276,7764,0.03,x86_64,x86_64,True,True,transfer_mode=host;relay_node=edge-host-1,2026-04-30T06:51:57.195431,1_WiFi_6,0,0,16521,0,0
30-04-2026-host-cold-0025,CRIU,cold,no,333,25396,7039,298,7670,0.03,x86_64,x86_64,True,True,transfer_mode=host;relay_node=edge-host-1,2026-04-30T06:52:27.042172,1_WiFi_6,0,0,16549,0,0
30-04-2026-host-cold-0026,CRIU,cold,no,344,25546,7081,379,7804,0.03,x86_64,x86_64,True,True,transfer_mode=host;relay_node=edge-host-1,2026-04-30T06:52:57.461717,1_WiFi_6,0,0,16580,0,0
30-04-2026-host-cold-0027,CRIU,cold,no,328,25397,7156,270,7754,0.03,x86_64,x86_64,True,True,transfer_mode=host;relay_node=edge-host-1,2026-04-30T06:53:27.393491,1_WiFi_6,0,0,16555,0,0
30-04-2026-host-cold-0028,CRIU,cold,no,324,25619,7029,310,7663,0.03,x86_64,x86_64,True,True,transfer_mode=host;relay_node=edge-host-1,2026-04-30T06:53:57.677501,1_WiFi_6,0,0,16616,0,0
30-04-2026-host-cold-0029,CRIU,cold,no,362,25562,6880,317,7559,0.03,x86_64,x86_64,True,True,transfer_mode=host;relay_node=edge-host-1,2026-04-30T06:54:27.760627,1_WiFi_6,0,0,16777,0,0
30-04-2026-host-cold-0030,CRIU,cold,no,335,25499,6998,370,7703,0.03,x86_64,x86_64,True,True,transfer_mode=host;relay_node=edge-host-1,2026-04-30T06:54:57.810069,1_WiFi_6,0,0,16329,0,0
30-04-2026-host-cold-0031,CRIU,cold,no,311,25436,6767,316,7394,0.03,x86_64,x86_64,True,True,transfer_mode=host;relay_node=edge-host-1,2026-04-30T06:55:27.713915,1_WiFi_6,0,0,16541,0,0
30-04-2026-host-cold-0032,CRIU,cold,no,310,25519,7396,301,8007,0.03,x86_64,x86_64,True,True,transfer_mode=host;relay_node=edge-host-1,2026-04-30T06:55:58.215319,1_WiFi_6,0,0,16610,0,0
30-04-2026-host-cold-0033,CRIU,cold,no,322,25716,6802,334,7458,0.03,x86_64,x86_64,True,True,transfer_mode=host;relay_node=edge-host-1,2026-04-30T06:56:28.407777,1_WiFi_6,0,0,16728,0,0
30-04-2026-host-cold-0034,CRIU,cold,no,302,25873,7238,325,7865,0.03,x86_64,x86_64,True,True,transfer_mode=host;relay_node=edge-host-1,2026-04-30T06:56:58.721641,1_WiFi_6,0,0,16615,0,0
30-04-2026-host-cold-0035,CRIU,cold,no,313,25444,6794,365,7472,0.03,x86_64,x86_64,True,True,transfer_mode=host;relay_node=edge-host-1,2026-04-30T06:57:38.407850,1_WiFi_6,0,0,16584,0,0
30-04-2026-host-cold-0036,CRIU,cold,no,328,25703,7177,356,7861,0.03,x86_64,x86_64,True,True,transfer_mode=host;relay_node=edge-host-1,2026-04-30T06:58:08.757443,1_WiFi_6,0,0,16584,0,0
30-04-2026-host-cold-0037,CRIU,cold,no,344,25475,7106,300,7750,0.03,x86_64,x86_64,True,True,transfer_mode=host;relay_node=edge-host-1,2026-04-30T06:58:38.419719,1_WiFi_6,0,0,16473,0,0
30-04-2026-host-cold-0038,CRIU,cold,no,336,25467,6770,401,7507,0.03,x86_64,x86_64,True,True,transfer_mode=host;relay_node=edge-host-1,2026-04-30T06:59:08.371859,1_WiFi_6,0,0,16363,0,0
30-04-2026-host-cold-0039,CRIU,cold,no,324,25391,7034,312,7670,0.03,x86_64,x86_64,True,True,transfer_mode=host;relay_node=edge-host-1,2026-04-30T06:59:38.340119,1_WiFi_6,0,0,16601,0,0
30-04-2026-host-cold-0040,CRIU,cold,no,349,25556,6984,304,7637,0.03,x86_64,x86_64,True,True,transfer_mode=host;relay_node=edge-host-1,2026-04-30T07:00:08.378187,1_WiFi_6,0,0,16412,0,0
30-04-2026-host-cold-0041,CRIU,cold,no,317,25456,7019,300,7636,0.03,x86_64,x86_64,True,True,transfer_mode=host;relay_node=edge-host-1,2026-04-30T07:00:38.229776,1_WiFi_6,0,0,16309,0,0
30-04-2026-host-cold-0042,CRIU,cold,no,336,25455,7108,351,7795,0.03,x86_64,x86_64,True,True,transfer_mode=host;relay_node=edge-host-1,2026-04-30T07:01:08.375592,1_WiFi_6,0,0,16505,0,0
30-04-2026-host-cold-0043,CRIU,cold,no,336,25388,7291,335,7962,0.03,x86_64,x86_64,True,True,transfer_mode=host;relay_node=edge-host-1,2026-04-30T07:01:38.391303,1_WiFi_6,0,0,16736,0,0
30-04-2026-host-cold-0044,CRIU,cold,no,334,25756,7127,314,7775,0.03,x86_64,x86_64,True,True,transfer_mode=host;relay_node=edge-host-1,2026-04-30T07:02:08.628168,1_WiFi_6,0,0,16496,0,0
30-04-2026-host-cold-0045,CRIU,cold,no,339,25719,7268,322,7929,0.03,x86_64,x86_64,True,True,transfer_mode=host;relay_node=edge-host-1,2026-04-30T07:02:38.752171,1_WiFi_6,0,0,16704,0,0
30-04-2026-host-cold-0046,CRIU,cold,no,310,25553,7184,331,7825,0.03,x86_64,x86_64,True,True,transfer_mode=host;relay_node=edge-host-1,2026-04-30T07:03:09.386948,1_WiFi_6,0,0,16729,0,0
30-04-2026-host-cold-0047,CRIU,cold,no,322,25888,6768,385,7475,0.03,x86_64,x86_64,True,True,transfer_mode=host;relay_node=edge-host-1,2026-04-30T07:03:39.048864,1_WiFi_6,0,0,16214,0,0
30-04-2026-host-cold-0048,CRIU,cold,no,323,25618,7209,318,7850,0.03,x86_64,x86_64,True,True,transfer_mode=host;relay_node=edge-host-1,2026-04-30T07:04:09.319544,1_WiFi_6,0,0,16607,0,0
30-04-2026-host-cold-0050,CRIU,cold,no,325,25534,6732,307,7364,0.03,x86_64,x86_64,True,True,transfer_mode=host;relay_node=edge-host-1,2026-04-30T07:04:49.047980,1_WiFi_6,0,0,16133,0,0
30-04-2026-host-cold-0051,CRIU,cold,no,358,25551,7280,305,7943,0.03,x86_64,x86_64,True,True,transfer_mode=host;relay_node=edge-host-1,2026-04-30T07:05:19.420105,1_WiFi_6,0,0,16664,0,0
30-04-2026-direct-cold-0002,CRIU,cold,no,325,25436,3129,375,3829,0.07,x86_64,x86_64,True,True,transfer_mode=direct,2026-04-30T07:05:47.989001,1_WiFi_6,0,0,14725,0,0
30-04-2026-direct-cold-0003,CRIU,cold,no,364,25610,3024,322,3710,0.07,x86_64,x86_64,True,True,transfer_mode=direct,2026-04-30T07:06:16.129762,1_WiFi_6,0,0,14439,0,0
30-04-2026-direct-cold-0004,CRIU,cold,no,355,25429,3143,305,3803,0.06,x86_64,x86_64,True,True,transfer_mode=direct,2026-04-30T07:06:44.395395,1_WiFi_6,0,0,14844,0,0
30-04-2026-direct-cold-0005,CRIU,cold,no,324,25536,3082,337,3743,0.07,x86_64,x86_64,True,True,transfer_mode=direct,2026-04-30T07:07:12.374221,1_WiFi_6,0,0,14351,0,0
30-04-2026-direct-cold-0006,CRIU,cold,no,329,25410,3190,331,3850,0.06,x86_64,x86_64,True,True,transfer_mode=direct,2026-04-30T07:07:40.806226,1_WiFi_6,0,0,15101,0,0
30-04-2026-direct-cold-0007,CRIU,cold,no,344,25649,3086,297,3727,0.07,x86_64,x86_64,True,True,transfer_mode=direct,2026-04-30T07:08:08.951526,1_WiFi_6,0,0,14721,0,0
30-04-2026-direct-cold-0008,CRIU,cold,no,340,25439,3150,320,3810,0.06,x86_64,x86_64,True,True,transfer_mode=direct,2026-04-30T07:08:37.664208,1_WiFi_6,0,0,14964,0,0
30-04-2026-direct-cold-0009,CRIU,cold,no,314,25477,3427,289,4030,0.06,x86_64,x86_64,True,True,transfer_mode=direct,2026-04-30T07:09:05.793430,1_WiFi_6,0,0,14753,0,0
30-04-2026-direct-cold-0010,CRIU,cold,no,337,25496,3137,321,3795,0.07,x86_64,x86_64,True,True,transfer_mode=direct,2026-04-30T07:09:33.775083,1_WiFi_6,0,0,14615,0,0
30-04-2026-direct-cold-0011,CRIU,cold,no,332,25613,2978,343,3653,0.07,x86_64,x86_64,True,True,transfer_mode=direct,2026-04-30T07:10:01.757730,1_WiFi_6,0,0,14254,0,0
30-04-2026-direct-cold-0012,CRIU,cold,no,325,25518,3102,338,3765,0.07,x86_64,x86_64,True,True,transfer_mode=direct,2026-04-30T07:10:29.688585,1_WiFi_6,0,0,14301,0,0
30-04-2026-direct-cold-0013,CRIU,cold,no,336,25504,3056,419,3811,0.07,x86_64,x86_64,True,True,transfer_mode=direct,2026-04-30T07:10:57.964722,1_WiFi_6,0,0,14555,0,0
30-04-2026-direct-cold-0014,CRIU,cold,no,331,25414,3167,323,3821,0.06,x86_64,x86_64,True,True,transfer_mode=direct,2026-04-30T07:11:26.114187,1_WiFi_6,0,0,14678,0,0
30-04-2026-direct-cold-0015,CRIU,cold,no,305,25499,3114,309,3728,0.07,x86_64,x86_64,True,True,transfer_mode=direct,2026-04-30T07:11:54.368418,1_WiFi_6,0,0,14500,0,0
30-04-2026-direct-cold-0016,CRIU,cold,no,320,25710,3032,312,3664,0.07,x86_64,x86_64,True,True,transfer_mode=direct,2026-04-30T07:12:22.701376,1_WiFi_6,0,0,14465,0,0
30-04-2026-direct-cold-0017,CRIU,cold,no,330,25471,3149,298,3777,0.06,x86_64,x86_64,True,True,transfer_mode=direct,2026-04-30T07:12:50.608600,1_WiFi_6,0,0,14634,0,0
30-04-2026-direct-cold-0018,CRIU,cold,no,330,25652,3362,304,3996,0.06,x86_64,x86_64,True,True,transfer_mode=direct,2026-04-30T07:13:18.558049,1_WiFi_6,0,0,14609,0,0
30-04-2026-direct-cold-0019,CRIU,cold,no,336,25654,2900,637,3873,0.07,x86_64,x86_64,True,True,transfer_mode=direct,2026-04-30T07:13:46.606791,1_WiFi_6,0,0,14634,0,0
30-04-2026-direct-cold-0020,CRIU,cold,no,319,25677,3205,301,3825,0.06,x86_64,x86_64,True,True,transfer_mode=direct,2026-04-30T07:14:14.324135,1_WiFi_6,0,0,14427,0,0
30-04-2026-direct-cold-0021,CRIU,cold,no,336,25590,3254,311,3901,0.06,x86_64,x86_64,True,True,transfer_mode=direct,2026-04-30T07:14:43.409954,1_WiFi_6,0,0,15010,0,0
30-04-2026-direct-cold-0022,CRIU,cold,no,336,25667,3111,314,3761,0.07,x86_64,x86_64,True,True,transfer_mode=direct,2026-04-30T07:15:11.290845,1_WiFi_6,0,0,14553,0,0
30-04-2026-direct-cold-0023,CRIU,cold,no,338,25611,3004,305,3647,0.07,x86_64,x86_64,True,True,transfer_mode=direct,2026-04-30T07:15:39.449652,1_WiFi_6,0,0,14397,0,0
30-04-2026-direct-cold-0024,CRIU,cold,no,365,25503,3197,319,3881,0.06,x86_64,x86_64,True,True,transfer_mode=direct,2026-04-30T07:16:17.442734,1_WiFi_6,0,0,14451,0,0
30-04-2026-direct-cold-0025,CRIU,cold,no,350,25706,2985,335,3670,0.07,x86_64,x86_64,True,True,transfer_mode=direct,2026-04-30T07:16:45.582253,1_WiFi_6,0,0,14640,0,0
30-04-2026-direct-cold-0026,CRIU,cold,no,289,25476,3132,331,3752,0.07,x86_64,x86_64,True,True,transfer_mode=direct,2026-04-30T07:17:13.368848,1_WiFi_6,0,0,14540,0,0
30-04-2026-direct-cold-0027,CRIU,cold,no,314,25419,3151,288,3753,0.06,x86_64,x86_64,True,True,transfer_mode=direct,2026-04-30T07:17:41.520153,1_WiFi_6,0,0,14279,0,0
30-04-2026-direct-cold-0028,CRIU,cold,no,325,25325,3244,307,3876,0.06,x86_64,x86_64,True,True,transfer_mode=direct,2026-04-30T07:18:09.885181,1_WiFi_6,0,0,14521,0,0
30-04-2026-direct-cold-0029,CRIU,cold,no,335,25693,2940,325,3600,0.07,x86_64,x86_64,True,True,transfer_mode=direct,2026-04-30T07:18:37.953205,1_WiFi_6,0,0,14581,0,0
30-04-2026-direct-cold-0030,CRIU,cold,no,291,25455,3104,357,3752,0.07,x86_64,x86_64,True,True,transfer_mode=direct,2026-04-30T07:19:06.248123,1_WiFi_6,0,0,14521,0,0
30-04-2026-direct-cold-0031,CRIU,cold,no,315,25481,3469,296,4080,0.06,x86_64,x86_64,True,True,transfer_mode=direct,2026-04-30T07:19:34.104001,1_WiFi_6,0,0,14707,0,0
30-04-2026-direct-cold-0032,CRIU,cold,no,316,25575,3225,295,3836,0.06,x86_64,x86_64,True,True,transfer_mode=direct,2026-04-30T07:20:02.287890,1_WiFi_6,0,0,14602,0,0
30-04-2026-direct-cold-0033,CRIU,cold,no,315,25368,3123,401,3839,0.06,x86_64,x86_64,True,True,transfer_mode=direct,2026-04-30T07:20:29.833350,1_WiFi_6,0,0,14361,0,0
30-04-2026-direct-cold-0034,CRIU,cold,no,307,25417,3400,300,4007,0.06,x86_64,x86_64,True,True,transfer_mode=direct,2026-04-30T07:20:57.996485,1_WiFi_6,0,0,14551,0,0
30-04-2026-direct-cold-0035,CRIU,cold,no,361,25413,3228,304,3893,0.06,x86_64,x86_64,True,True,transfer_mode=direct,2026-04-30T07:21:26.003308,1_WiFi_6,0,0,14733,0,0
30-04-2026-direct-cold-0036,CRIU,cold,no,324,25678,3132,657,4113,0.07,x86_64,x86_64,True,True,transfer_mode=direct,2026-04-30T07:21:54.210549,1_WiFi_6,0,0,14721,0,0
30-04-2026-direct-cold-0037,CRIU,cold,no,353,25541,3104,307,3764,0.07,x86_64,x86_64,True,True,transfer_mode=direct,2026-04-30T07:22:21.692205,1_WiFi_6,0,0,14323,0,0
30-04-2026-direct-cold-0038,CRIU,cold,no,325,25674,3299,320,3944,0.06,x86_64,x86_64,True,True,transfer_mode=direct,2026-04-30T07:22:50.460805,1_WiFi_6,0,0,15512,0,0
30-04-2026-direct-cold-0039,CRIU,cold,no,340,25556,3164,308,3812,0.06,x86_64,x86_64,True,True,transfer_mode=direct,2026-04-30T07:23:18.116628,1_WiFi_6,0,0,14467,0,0
30-04-2026-direct-cold-0040,CRIU,cold,no,323,25611,3472,356,4151,0.06,x86_64,x86_64,True,True,transfer_mode=direct,2026-04-30T07:23:46.028930,1_WiFi_6,0,0,14726,0,0
30-04-2026-direct-cold-0041,CRIU,cold,no,331,25430,3069,267,3667,0.07,x86_64,x86_64,True,True,transfer_mode=direct,2026-04-30T07:24:14.114999,1_WiFi_6,0,0,14333,0,0
30-04-2026-direct-cold-0042,CRIU,cold,no,374,25464,3074,306,3754,0.07,x86_64,x86_64,True,True,transfer_mode=direct,2026-04-30T07:24:41.811852,1_WiFi_6,0,0,14369,0,0
30-04-2026-direct-cold-0043,CRIU,cold,no,328,25538,3122,331,3781,0.07,x86_64,x86_64,True,True,transfer_mode=direct,2026-04-30T07:25:10.437480,1_WiFi_6,0,0,14605,0,0
30-04-2026-direct-cold-0044,CRIU,cold,no,325,25522,3088,294,3707,0.07,x86_64,x86_64,True,True,transfer_mode=direct,2026-04-30T07:25:38.197292,1_WiFi_6,0,0,14383,0,0
30-04-2026-direct-cold-0045,CRIU,cold,no,307,25554,3229,279,3815,0.06,x86_64,x86_64,True,True,transfer_mode=direct,2026-04-30T07:26:06.669620,1_WiFi_6,0,0,14378,0,0
30-04-2026-direct-cold-0046,CRIU,cold,no,307,25611,3087,318,3712,0.07,x86_64,x86_64,True,True,transfer_mode=direct,2026-04-30T07:26:34.224581,1_WiFi_6,0,0,14185,0,0
30-04-2026-direct-cold-0047,CRIU,cold,no,323,25805,3559,320,4202,0.06,x86_64,x86_64,True,True,transfer_mode=direct,2026-04-30T07:27:02.910875,1_WiFi_6,0,0,15026,0,0
30-04-2026-direct-cold-0048,CRIU,cold,no,333,25796,3140,308,3781,0.07,x86_64,x86_64,True,True,transfer_mode=direct,2026-04-30T07:27:30.901287,1_WiFi_6,0,0,14668,0,0
30-04-2026-direct-cold-0049,CRIU,cold,no,343,25614,3174,278,3795,0.06,x86_64,x86_64,True,True,transfer_mode=direct,2026-04-30T07:27:59.128130,1_WiFi_6,0,0,14950,0,0
30-04-2026-direct-cold-0050,CRIU,cold,no,349,25808,3022,379,3750,0.07,x86_64,x86_64,True,True,transfer_mode=direct,2026-04-30T07:28:27.185080,1_WiFi_6,0,0,14434,0,0
30-04-2026-direct-cold-0051,CRIU,cold,no,359,25588,3431,309,4099,0.06,x86_64,x86_64,True,True,transfer_mode=direct,2026-04-30T07:28:55.694935,1_WiFi_6,0,0,15158,0,0
30-04-2026-host-precopy-0002,CRIU,precopy,no,294,33949,7113,280,7687,0.04,x86_64,x86_64,True,True,transfer_mode=host;iterations=3;relay_node=edge-host-1,2026-04-30T07:29:29.498269,1_WiFi_6,3953,294,20397,0,0
30-04-2026-host-precopy-0003,CRIU,precopy,no,287,33791,7114,300,7701,0.04,x86_64,x86_64,True,True,transfer_mode=host;iterations=3;relay_node=edge-host-1,2026-04-30T07:30:03.570936,1_WiFi_6,4299,287,20661,0,0
30-04-2026-host-precopy-0004,CRIU,precopy,no,287,33728,7281,298,7866,0.04,x86_64,x86_64,True,True,transfer_mode=host;iterations=3;relay_node=edge-host-1,2026-04-30T07:30:37.366331,1_WiFi_6,3896,287,20526,0,0
30-04-2026-host-precopy-0005,CRIU,precopy,no,293,33630,7201,301,7795,0.04,x86_64,x86_64,True,True,transfer_mode=host;iterations=3;relay_node=edge-host-1,2026-04-30T07:31:11.599491,1_WiFi_6,4045,293,20620,0,0
30-04-2026-host-precopy-0006,CRIU,precopy,no,299,32688,6923,347,7569,0.04,x86_64,x86_64,True,True,transfer_mode=host;iterations=3;relay_node=edge-host-1,2026-04-30T07:31:45.260864,1_WiFi_6,3966,299,20191,0,0
30-04-2026-host-precopy-0007,CRIU,precopy,no,311,33284,6849,312,7472,0.04,x86_64,x86_64,True,True,transfer_mode=host;iterations=3;relay_node=edge-host-1,2026-04-30T07:32:19.427963,1_WiFi_6,3919,311,20189,0,0
30-04-2026-host-precopy-0008,CRIU,precopy,no,313,33832,7101,299,7713,0.04,x86_64,x86_64,True,True,transfer_mode=host;iterations=3;relay_node=edge-host-1,2026-04-30T07:32:53.052883,1_WiFi_6,3926,313,20402,0,0
30-04-2026-host-precopy-0009,CRIU,precopy,no,318,32842,6784,294,7396,0.04,x86_64,x86_64,True,True,transfer_mode=host;iterations=3;relay_node=edge-host-1,2026-04-30T07:33:27.077769,1_WiFi_6,3932,318,19997,0,0
30-04-2026-host-precopy-0010,CRIU,precopy,no,286,32825,7044,322,7652,0.04,x86_64,x86_64,True,True,transfer_mode=host;iterations=3;relay_node=edge-host-1,2026-04-30T07:34:01.115043,1_WiFi_6,3951,286,20756,0,0
30-04-2026-host-precopy-0011,CRIU,precopy,no,354,33929,6865,330,7549,0.04,x86_64,x86_64,True,True,transfer_mode=host;iterations=3;relay_node=edge-host-1,2026-04-30T07:34:35.093237,1_WiFi_6,3906,354,20052,0,0
30-04-2026-host-precopy-0012,CRIU,precopy,no,293,33177,7442,317,8052,0.04,x86_64,x86_64,True,True,transfer_mode=host;iterations=3;relay_node=edge-host-1,2026-04-30T07:35:09.002952,1_WiFi_6,3928,293,20736,0,0
30-04-2026-host-precopy-0013,CRIU,precopy,no,296,33879,6897,331,7524,0.04,x86_64,x86_64,True,True,transfer_mode=host;iterations=3;relay_node=edge-host-1,2026-04-30T07:35:42.974867,1_WiFi_6,3936,296,20233,0,0
30-04-2026-host-precopy-0014,CRIU,precopy,no,299,32629,7385,311,7995,0.04,x86_64,x86_64,True,True,transfer_mode=host;iterations=3;relay_node=edge-host-1,2026-04-30T07:36:17.111821,1_WiFi_6,3968,299,20718,0,0
30-04-2026-host-precopy-0015,CRIU,precopy,no,306,33736,6903,294,7503,0.04,x86_64,x86_64,True,True,transfer_mode=host;iterations=3;relay_node=edge-host-1,2026-04-30T07:36:50.908206,1_WiFi_6,3991,306,20013,0,0
30-04-2026-host-cold-0052,CRIU,cold,no,405,26212,7331,378,8114,0.03,x86_64,x86_64,True,True,transfer_mode=host;relay_node=edge-host-1,2026-04-30T19:00:34.850428,1_WiFi_6,0,0,17502,0,0
30-04-2026-host-cold-0053,CRIU,cold,no,329,25585,6812,273,7414,0.03,x86_64,x86_64,True,True,transfer_mode=host;relay_node=edge-host-1,2026-04-30T19:01:04.111760,1_WiFi_6,0,0,16025,0,0
30-04-2026-host-cold-0054,CRIU,cold,no,345,25396,7107,294,7746,0.03,x86_64,x86_64,True,True,transfer_mode=host;relay_node=edge-host-1,2026-04-30T19:01:34.692836,1_WiFi_6,0,0,16408,0,0
30-04-2026-host-cold-0055,CRIU,cold,no,352,25404,6977,326,7655,0.03,x86_64,x86_64,True,True,transfer_mode=host;relay_node=edge-host-1,2026-04-30T19:02:04.614982,1_WiFi_6,0,0,16636,0,0
30-04-2026-host-cold-0056,CRIU,cold,no,334,25607,7099,266,7699,0.03,x86_64,x86_64,True,True,transfer_mode=host;relay_node=edge-host-1,2026-04-30T19:02:34.727529,1_WiFi_6,0,0,16350,0,0
30-04-2026-host-cold-0057,CRIU,cold,no,325,25508,6599,329,7253,0.03,x86_64,x86_64,True,True,transfer_mode=host;relay_node=edge-host-1,2026-04-30T19:03:04.443398,1_WiFi_6,0,0,15942,0,0
30-04-2026-host-cold-0058,CRIU,cold,no,305,25457,7110,312,7727,0.03,x86_64,x86_64,True,True,transfer_mode=host;relay_node=edge-host-1,2026-04-30T19:03:35.025406,1_WiFi_6,0,0,16450,0,0
30-04-2026-host-cold-0059,CRIU,cold,no,325,25450,6735,298,7358,0.03,x86_64,x86_64,True,True,transfer_mode=host;relay_node=edge-host-1,2026-04-30T19:04:04.531824,1_WiFi_6,0,0,16002,0,0
30-04-2026-host-cold-0060,CRIU,cold,no,339,25603,7015,308,7662,0.03,x86_64,x86_64,True,True,transfer_mode=host;relay_node=edge-host-1,2026-04-30T19:04:34.864338,1_WiFi_6,0,0,16382,0,0
30-04-2026-host-cold-0061,CRIU,cold,no,310,25610,7024,302,7636,0.03,x86_64,x86_64,True,True,transfer_mode=host;relay_node=edge-host-1,2026-04-30T19:05:04.520457,1_WiFi_6,0,0,16416,0,0
30-04-2026-direct-cold-0052,CRIU,cold,no,315,25240,3026,424,3765,0.07,x86_64,x86_64,True,True,transfer_mode=direct,2026-04-30T19:05:33.153428,1_WiFi_6,0,0,14458,0,0
30-04-2026-direct-cold-0053,CRIU,cold,no,327,25518,3024,307,3658,0.07,x86_64,x86_64,True,True,transfer_mode=direct,2026-04-30T19:06:00.613132,1_WiFi_6,0,0,14416,0,0
30-04-2026-direct-cold-0054,CRIU,cold,no,335,25602,3335,365,4035,0.06,x86_64,x86_64,True,True,transfer_mode=direct,2026-04-30T19:06:29.819309,1_WiFi_6,0,0,14832,0,0
30-04-2026-direct-cold-0055,CRIU,cold,no,321,25623,3183,359,3863,0.06,x86_64,x86_64,True,True,transfer_mode=direct,2026-04-30T19:06:57.518582,1_WiFi_6,0,0,14347,0,0
30-04-2026-direct-cold-0056,CRIU,cold,no,331,25075,3092,304,3727,0.06,x86_64,x86_64,True,True,transfer_mode=direct,2026-04-30T19:07:26.040784,1_WiFi_6,0,0,14922,0,0
30-04-2026-direct-cold-0057,CRIU,cold,no,412,25416,3162,332,3906,0.06,x86_64,x86_64,True,True,transfer_mode=direct,2026-04-30T19:07:53.664099,1_WiFi_6,0,0,14466,0,0
30-04-2026-direct-cold-0058,CRIU,cold,no,325,25441,3259,700,4284,0.06,x86_64,x86_64,True,True,transfer_mode=direct,2026-04-30T19:08:21.839654,1_WiFi_6,0,0,14844,0,0
30-04-2026-direct-cold-0059,CRIU,cold,no,286,25353,3075,302,3663,0.07,x86_64,x86_64,True,True,transfer_mode=direct,2026-04-30T19:08:49.468591,1_WiFi_6,0,0,14345,0,0
30-04-2026-direct-cold-0060,CRIU,cold,no,348,25427,3124,303,3775,0.07,x86_64,x86_64,True,True,transfer_mode=direct,2026-04-30T19:09:17.643424,1_WiFi_6,0,0,14775,0,0
30-04-2026-direct-cold-0061,CRIU,cold,no,324,25712,3219,307,3850,0.06,x86_64,x86_64,True,True,transfer_mode=direct,2026-04-30T19:09:46.085172,1_WiFi_6,0,0,14630,0,0
30-04-2026-host-precopy-0016,CRIU,precopy,no,295,33681,7077,305,7677,0.04,x86_64,x86_64,True,True,transfer_mode=host;iterations=3;relay_node=edge-host-1,2026-04-30T19:10:20.296095,1_WiFi_6,3971,295,20815,0,0
30-04-2026-host-precopy-0017,CRIU,precopy,no,276,33972,6804,301,7381,0.04,x86_64,x86_64,True,True,transfer_mode=host;iterations=3;relay_node=edge-host-1,2026-04-30T19:10:54.141221,1_WiFi_6,3968,276,20159,0,0
30-04-2026-host-precopy-0018,CRIU,precopy,no,323,33249,7128,350,7801,0.04,x86_64,x86_64,True,True,transfer_mode=host;iterations=3;relay_node=edge-host-1,2026-04-30T19:11:27.901350,1_WiFi_6,3916,323,20658,0,0
30-04-2026-host-precopy-0019,CRIU,precopy,no,293,32623,6686,325,7304,0.04,x86_64,x86_64,True,True,transfer_mode=host;iterations=3;relay_node=edge-host-1,2026-04-30T19:12:01.352504,1_WiFi_6,3924,293,19928,0,0
30-04-2026-host-precopy-0020,CRIU,precopy,no,302,33229,7517,299,8118,0.04,x86_64,x86_64,True,True,transfer_mode=host;iterations=3;relay_node=edge-host-1,2026-04-30T19:12:35.859701,1_WiFi_6,3916,302,20793,0,0
30-04-2026-host-precopy-0021,CRIU,precopy,no,279,33626,6803,346,7428,0.04,x86_64,x86_64,True,True,transfer_mode=host;iterations=3;relay_node=edge-host-1,2026-04-30T19:13:09.803060,1_WiFi_6,3939,279,20142,0,0
30-04-2026-host-precopy-0022,CRIU,precopy,no,270,33157,7142,300,7712,0.04,x86_64,x86_64,True,True,transfer_mode=host;iterations=3;relay_node=edge-host-1,2026-04-30T19:13:43.903347,1_WiFi_6,3949,270,20378,0,0
30-04-2026-host-precopy-0023,CRIU,precopy,no,324,33111,6734,334,7392,0.04,x86_64,x86_64,True,True,transfer_mode=host;iterations=3;relay_node=edge-host-1,2026-04-30T19:14:17.676490,1_WiFi_6,3922,324,20155,0,0
30-04-2026-host-precopy-0024,CRIU,precopy,no,266,33018,7180,313,7759,0.04,x86_64,x86_64,True,True,transfer_mode=host;iterations=3;relay_node=edge-host-1,2026-04-30T19:14:51.642406,1_WiFi_6,3928,266,20280,0,0
30-04-2026-host-precopy-0025,CRIU,precopy,no,356,33754,6952,303,7611,0.04,x86_64,x86_64,True,True,transfer_mode=host;iterations=3;relay_node=edge-host-1,2026-04-30T19:15:26.132972,1_WiFi_6,3920,356,20743,0,0
30-04-2026-direct-precopy-0002,CRIU,precopy,no,440,33149,3037,309,3786,0.09,x86_64,x86_64,True,True,transfer_mode=direct;iterations=3,2026-04-30T19:15:57.902874,1_WiFi_6,3987,440,18521,0,0
30-04-2026-direct-precopy-0003,CRIU,precopy,no,289,33147,3076,392,3757,0.09,x86_64,x86_64,True,True,transfer_mode=direct;iterations=3,2026-04-30T19:16:30.340156,1_WiFi_6,3959,289,18800,0,0
30-04-2026-direct-precopy-0004,CRIU,precopy,no,305,33099,3055,306,3666,0.09,x86_64,x86_64,True,True,transfer_mode=direct;iterations=3,2026-04-30T19:17:01.929381,1_WiFi_6,3915,305,18187,0,0
30-04-2026-direct-precopy-0005,CRIU,precopy,no,332,33136,3043,657,4032,0.09,x86_64,x86_64,True,True,transfer_mode=direct;iterations=3,2026-04-30T19:17:34.474930,1_WiFi_6,4025,332,18696,0,0
30-04-2026-direct-precopy-0006,CRIU,precopy,no,326,33130,3069,317,3712,0.09,x86_64,x86_64,True,True,transfer_mode=direct;iterations=3,2026-04-30T19:18:06.042518,1_WiFi_6,3947,326,18196,0,0
30-04-2026-direct-precopy-0007,CRIU,precopy,no,292,32967,3525,357,4174,0.07,x86_64,x86_64,True,True,transfer_mode=direct;iterations=3,2026-04-30T19:18:38.645057,1_WiFi_6,3914,292,18625,0,0
30-04-2026-direct-precopy-0008,CRIU,precopy,no,296,32951,3083,308,3687,0.09,x86_64,x86_64,True,True,transfer_mode=direct;iterations=3,2026-04-30T19:19:10.377565,1_WiFi_6,3970,296,18429,0,0
30-04-2026-direct-precopy-0009,CRIU,precopy,no,339,32998,3096,287,3722,0.09,x86_64,x86_64,True,True,transfer_mode=direct;iterations=3,2026-04-30T19:19:42.943187,1_WiFi_6,3896,339,18866,0,0
30-04-2026-direct-precopy-0010,CRIU,precopy,no,319,32798,2982,301,3602,0.09,x86_64,x86_64,True,True,transfer_mode=direct;iterations=3,2026-04-30T19:20:14.697586,1_WiFi_6,3941,319,18297,0,0
30-04-2026-direct-precopy-0011,CRIU,precopy,no,293,33183,3156,348,3797,0.08,x86_64,x86_64,True,True,transfer_mode=direct;iterations=3,2026-04-30T19:20:47.182796,1_WiFi_6,3934,293,18882,0,0
30-04-2026-host-postcopy-0002,CRIU,postcopy,no,996,23358,7361,393,8750,0.03,x86_64,x86_64,True,True,transfer_mode=host;lazy_pages_port=9999;relay_node=edge-host-1,2026-04-30T19:21:21.335408,1_WiFi_6,0,996,20646,6866,3147
30-04-2026-host-postcopy-0003,CRIU,postcopy,no,1037,23290,6605,359,8001,0.03,x86_64,x86_64,True,True,transfer_mode=host;lazy_pages_port=9999;relay_node=edge-host-1,2026-04-30T19:21:54.644458,1_WiFi_6,0,1037,19887,6784,3253
30-04-2026-host-postcopy-0004,CRIU,postcopy,no,1012,23304,7323,329,8664,0.03,x86_64,x86_64,True,True,transfer_mode=host;lazy_pages_port=9999;relay_node=edge-host-1,2026-04-30T19:22:28.266758,1_WiFi_6,0,1012,20252,6667,3147
30-04-2026-host-postcopy-0005,CRIU,postcopy,no,1077,23361,6556,337,7970,0.03,x86_64,x86_64,True,True,transfer_mode=host;lazy_pages_port=9999;relay_node=edge-host-1,2026-04-30T19:23:01.566161,1_WiFi_6,0,1077,19425,6836,3196
30-04-2026-host-postcopy-0006,CRIU,postcopy,no,1044,23474,7244,340,8628,0.03,x86_64,x86_64,True,True,transfer_mode=host;lazy_pages_port=9999;relay_node=edge-host-1,2026-04-30T19:23:35.789300,1_WiFi_6,0,1044,20536,6790,3147
30-04-2026-host-postcopy-0007,CRIU,postcopy,no,1018,23358,6708,366,8092,0.03,x86_64,x86_64,True,True,transfer_mode=host;lazy_pages_port=9999;relay_node=edge-host-1,2026-04-30T19:24:08.954632,1_WiFi_6,0,1018,19595,6851,3090
30-04-2026-host-postcopy-0008,CRIU,postcopy,no,1021,23309,7048,336,8405,0.03,x86_64,x86_64,True,True,transfer_mode=host;lazy_pages_port=9999;relay_node=edge-host-1,2026-04-30T19:24:42.881678,1_WiFi_6,0,1021,20531,7078,3253
30-04-2026-host-postcopy-0009,CRIU,postcopy,no,1064,23378,6704,320,8088,0.03,x86_64,x86_64,True,True,transfer_mode=host;lazy_pages_port=9999;relay_node=edge-host-1,2026-04-30T19:25:16.140682,1_WiFi_6,0,1064,19843,6778,3196
30-04-2026-host-postcopy-0010,CRIU,postcopy,no,1060,23326,7107,378,8545,0.03,x86_64,x86_64,True,True,transfer_mode=host;lazy_pages_port=9999;relay_node=edge-host-1,2026-04-30T19:25:50.099497,1_WiFi_6,0,1060,20741,7154,3041
30-04-2026-host-postcopy-0011,CRIU,postcopy,no,990,23374,6704,326,8020,0.03,x86_64,x86_64,True,True,transfer_mode=host;lazy_pages_port=9999;relay_node=edge-host-1,2026-04-30T19:26:23.116260,1_WiFi_6,0,990,19478,6722,3147
30-04-2026-direct-postcopy-0002,CRIU,postcopy,no,1012,23418,3106,330,4448,0.06,x86_64,x86_64,True,True,transfer_mode=direct;lazy_pages_port=9999,2026-04-30T19:26:55.289519,1_WiFi_6,0,1012,18718,6799,3196
30-04-2026-direct-postcopy-0003,CRIU,postcopy,no,1070,23317,3160,332,4562,0.06,x86_64,x86_64,True,True,transfer_mode=direct;lazy_pages_port=9999,2026-04-30T19:27:27.328929,1_WiFi_6,0,1070,18286,6923,3253
30-04-2026-direct-postcopy-0004,CRIU,postcopy,no,1028,23235,3073,351,4452,0.06,x86_64,x86_64,True,True,transfer_mode=direct;lazy_pages_port=9999,2026-04-30T19:27:58.830831,1_WiFi_6,0,1028,18311,6759,3302
30-04-2026-direct-postcopy-0005,CRIU,postcopy,no,978,23443,3107,340,4425,0.06,x86_64,x86_64,True,True,transfer_mode=direct;lazy_pages_port=9999,2026-04-30T19:28:39.891989,1_WiFi_6,0,978,17980,6792,3196
30-04-2026-direct-postcopy-0006,CRIU,postcopy,no,1018,23493,3144,357,4519,0.06,x86_64,x86_64,True,True,transfer_mode=direct;lazy_pages_port=9999,2026-04-30T19:29:12.243737,1_WiFi_6,0,1018,18235,6740,3147
30-04-2026-direct-postcopy-0007,CRIU,postcopy,no,1057,23386,3052,377,4486,0.06,x86_64,x86_64,True,True,transfer_mode=direct;lazy_pages_port=9999,2026-04-30T19:29:43.377081,1_WiFi_6,0,1057,17856,6750,3147
30-04-2026-direct-postcopy-0008,CRIU,postcopy,no,1295,23282,3104,350,4749,0.06,x86_64,x86_64,True,True,transfer_mode=direct;lazy_pages_port=9999,2026-04-30T19:30:14.928824,1_WiFi_6,0,1295,18099,6713,3147
30-04-2026-direct-postcopy-0009,CRIU,postcopy,no,1094,23329,3151,364,4609,0.06,x86_64,x86_64,True,True,transfer_mode=direct;lazy_pages_port=9999,2026-04-30T19:30:46.598825,1_WiFi_6,0,1094,18181,6887,3147
30-04-2026-direct-postcopy-0010,CRIU,postcopy,no,976,23537,2969,367,4312,0.06,x86_64,x86_64,True,True,transfer_mode=direct;lazy_pages_port=9999,2026-04-30T19:31:18.394280,1_WiFi_6,0,976,17671,6787,3098
30-04-2026-direct-postcopy-0011,CRIU,postcopy,no,1112,23481,3211,354,4677,0.06,x86_64,x86_64,True,True,transfer_mode=direct;lazy_pages_port=9999,2026-04-30T19:31:50.120854,1_WiFi_6,0,1112,18156,6814,3196
30-04-2026-host-cold-0062,CRIU,cold,no,406,26106,7260,408,8074,0.03,x86_64,x86_64,True,True,transfer_mode=host;relay_node=edge-host-1,2026-04-30T19:33:50.893043,1_WiFi_6,0,0,17352,0,0
30-04-2026-host-cold-0063,CRIU,cold,no,290,25349,6797,329,7416,0.03,x86_64,x86_64,True,True,transfer_mode=host;relay_node=edge-host-1,2026-04-30T19:34:20.445565,1_WiFi_6,0,0,16023,0,0
30-04-2026-host-cold-0064,CRIU,cold,no,330,25481,7127,309,7766,0.03,x86_64,x86_64,True,True,transfer_mode=host;relay_node=edge-host-1,2026-04-30T19:34:50.861093,1_WiFi_6,0,0,16376,0,0
30-04-2026-host-cold-0065,CRIU,cold,no,345,25350,6706,304,7355,0.03,x86_64,x86_64,True,True,transfer_mode=host;relay_node=edge-host-1,2026-04-30T19:35:20.520089,1_WiFi_6,0,0,16061,0,0
30-04-2026-host-cold-0066,CRIU,cold,no,292,25490,7165,319,7776,0.03,x86_64,x86_64,True,True,transfer_mode=host;relay_node=edge-host-1,2026-04-30T19:35:50.926689,1_WiFi_6,0,0,16401,0,0
30-04-2026-host-cold-0067,CRIU,cold,no,329,25611,6804,306,7439,0.03,x86_64,x86_64,True,True,transfer_mode=host;relay_node=edge-host-1,2026-04-30T19:36:20.286122,1_WiFi_6,0,0,16176,0,0
30-04-2026-host-cold-0068,CRIU,cold,no,338,25611,7169,286,7793,0.03,x86_64,x86_64,True,True,transfer_mode=host;relay_node=edge-host-1,2026-04-30T19:36:50.798749,1_WiFi_6,0,0,16569,0,0
30-04-2026-host-cold-0069,CRIU,cold,no,324,25485,6712,313,7349,0.03,x86_64,x86_64,True,True,transfer_mode=host;relay_node=edge-host-1,2026-04-30T19:37:20.015622,1_WiFi_6,0,0,15938,0,0
30-04-2026-host-cold-0070,CRIU,cold,no,323,25275,7301,315,7939,0.03,x86_64,x86_64,True,True,transfer_mode=host;relay_node=edge-host-1,2026-04-30T19:37:50.740595,1_WiFi_6,0,0,16663,0,0
30-04-2026-host-cold-0071,CRIU,cold,no,320,25544,6924,279,7523,0.03,x86_64,x86_64,True,True,transfer_mode=host;relay_node=edge-host-1,2026-04-30T19:38:20.209407,1_WiFi_6,0,0,16298,0,0
30-04-2026-direct-cold-0062,CRIU,cold,no,309,25464,2984,293,3586,0.07,x86_64,x86_64,True,True,transfer_mode=direct,2026-04-30T19:38:48.310416,1_WiFi_6,0,0,14144,0,0
30-04-2026-direct-cold-0063,CRIU,cold,no,343,25636,3205,317,3865,0.06,x86_64,x86_64,True,True,transfer_mode=direct,2026-04-30T19:39:16.154220,1_WiFi_6,0,0,14469,0,0
30-04-2026-direct-cold-0064,CRIU,cold,no,338,25618,3125,328,3791,0.07,x86_64,x86_64,True,True,transfer_mode=direct,2026-04-30T19:39:44.974425,1_WiFi_6,0,0,14688,0,0
30-04-2026-direct-cold-0065,CRIU,cold,no,296,25331,3179,275,3750,0.06,x86_64,x86_64,True,True,transfer_mode=direct,2026-04-30T19:40:12.712153,1_WiFi_6,0,0,14468,0,0
30-04-2026-direct-cold-0066,CRIU,cold,no,327,25339,3114,347,3788,0.07,x86_64,x86_64,True,True,transfer_mode=direct,2026-04-30T19:40:41.161117,1_WiFi_6,0,0,15015,0,0
30-04-2026-direct-cold-0067,CRIU,cold,no,337,25373,3045,305,3687,0.07,x86_64,x86_64,True,True,transfer_mode=direct,2026-04-30T19:41:08.982408,1_WiFi_6,0,0,14354,0,0
30-04-2026-direct-cold-0068,CRIU,cold,no,311,25509,3503,299,4113,0.06,x86_64,x86_64,True,True,transfer_mode=direct,2026-04-30T19:41:37.668254,1_WiFi_6,0,0,15390,0,0
30-04-2026-direct-cold-0069,CRIU,cold,no,323,25264,3168,272,3763,0.06,x86_64,x86_64,True,True,transfer_mode=direct,2026-04-30T19:42:05.133707,1_WiFi_6,0,0,14270,0,0
30-04-2026-direct-cold-0070,CRIU,cold,no,322,25351,3088,310,3720,0.07,x86_64,x86_64,True,True,transfer_mode=direct,2026-04-30T19:42:33.000322,1_WiFi_6,0,0,14413,0,0
30-04-2026-direct-cold-0071,CRIU,cold,no,347,25296,3073,287,3707,0.07,x86_64,x86_64,True,True,transfer_mode=direct,2026-04-30T19:43:01.237932,1_WiFi_6,0,0,14409,0,0
30-04-2026-host-precopy-0026,CRIU,precopy,no,297,33767,7074,271,7642,0.04,x86_64,x86_64,True,True,transfer_mode=host;iterations=3;relay_node=edge-host-1,2026-04-30T19:43:35.228930,1_WiFi_6,3916,297,20501,0,0
30-04-2026-host-precopy-0027,CRIU,precopy,no,298,33607,6809,314,7421,0.04,x86_64,x86_64,True,True,transfer_mode=host;iterations=3;relay_node=edge-host-1,2026-04-30T19:44:08.806789,1_WiFi_6,3899,298,19950,0,0
30-04-2026-host-precopy-0028,CRIU,precopy,no,303,33690,7103,264,7670,0.04,x86_64,x86_64,True,True,transfer_mode=host;iterations=3;relay_node=edge-host-1,2026-04-30T19:44:42.960004,1_WiFi_6,4030,303,20720,0,0
30-04-2026-host-precopy-0029,CRIU,precopy,no,329,33134,6691,384,7404,0.04,x86_64,x86_64,True,True,transfer_mode=host;iterations=3;relay_node=edge-host-1,2026-04-30T19:45:16.851698,1_WiFi_6,3926,329,20028,0,0
30-04-2026-host-precopy-0030,CRIU,precopy,no,312,33570,7192,267,7771,0.04,x86_64,x86_64,True,True,transfer_mode=host;iterations=3;relay_node=edge-host-1,2026-04-30T19:45:50.557467,1_WiFi_6,3938,312,20362,0,0
30-04-2026-host-precopy-0031,CRIU,precopy,no,294,33723,6830,317,7441,0.04,x86_64,x86_64,True,True,transfer_mode=host;iterations=3;relay_node=edge-host-1,2026-04-30T19:46:24.396631,1_WiFi_6,3898,294,20013,0,0
30-04-2026-host-precopy-0032,CRIU,precopy,no,286,33142,7217,376,7879,0.04,x86_64,x86_64,True,True,transfer_mode=host;iterations=3;relay_node=edge-host-1,2026-04-30T19:46:58.584770,1_WiFi_6,3928,286,20824,0,0
30-04-2026-host-precopy-0033,CRIU,precopy,no,278,32642,6762,357,7397,0.04,x86_64,x86_64,True,True,transfer_mode=host;iterations=3;relay_node=edge-host-1,2026-04-30T19:47:32.569755,1_WiFi_6,4016,278,20151,0,0
30-04-2026-host-precopy-0034,CRIU,precopy,no,297,32676,7073,301,7671,0.04,x86_64,x86_64,True,True,transfer_mode=host;iterations=3;relay_node=edge-host-1,2026-04-30T19:48:06.876208,1_WiFi_6,4006,297,20374,0,0
30-04-2026-host-precopy-0035,CRIU,precopy,no,278,33069,6623,302,7203,0.04,x86_64,x86_64,True,True,transfer_mode=host;iterations=3;relay_node=edge-host-1,2026-04-30T19:48:40.823513,1_WiFi_6,3912,278,20119,0,0
30-04-2026-direct-precopy-0012,CRIU,precopy,no,288,33690,3123,309,3720,0.09,x86_64,x86_64,True,True,transfer_mode=direct;iterations=3,2026-04-30T19:49:12.416695,1_WiFi_6,3936,288,18169,0,0
30-04-2026-direct-precopy-0013,CRIU,precopy,no,360,33658,3159,306,3825,0.09,x86_64,x86_64,True,True,transfer_mode=direct;iterations=3,2026-04-30T19:49:45.116156,1_WiFi_6,4041,360,19052,0,0
30-04-2026-direct-precopy-0014,CRIU,precopy,no,278,32713,3225,303,3806,0.08,x86_64,x86_64,True,True,transfer_mode=direct;iterations=3,2026-04-30T19:50:16.842621,1_WiFi_6,4012,278,18340,0,0
30-04-2026-direct-precopy-0015,CRIU,precopy,no,318,33807,3223,302,3843,0.08,x86_64,x86_64,True,True,transfer_mode=direct;iterations=3,2026-04-30T19:50:49.609198,1_WiFi_6,3926,318,18946,0,0
30-04-2026-direct-precopy-0016,CRIU,precopy,no,296,33156,3068,312,3676,0.09,x86_64,x86_64,True,True,transfer_mode=direct;iterations=3,2026-04-30T19:51:21.159154,1_WiFi_6,3917,296,18172,0,0
30-04-2026-direct-precopy-0017,CRIU,precopy,no,342,33787,3491,354,4187,0.08,x86_64,x86_64,True,True,transfer_mode=direct;iterations=3,2026-04-30T19:51:53.657065,1_WiFi_6,3913,342,18738,0,0
30-04-2026-direct-precopy-0018,CRIU,precopy,no,293,33158,3193,359,3845,0.08,x86_64,x86_64,True,True,transfer_mode=direct;iterations=3,2026-04-30T19:52:25.619227,1_WiFi_6,3935,293,18444,0,0
30-04-2026-direct-precopy-0019,CRIU,precopy,no,316,32951,3071,282,3669,0.09,x86_64,x86_64,True,True,transfer_mode=direct;iterations=3,2026-04-30T19:52:57.775342,1_WiFi_6,3903,316,18457,0,0
30-04-2026-direct-precopy-0020,CRIU,precopy,no,285,33798,3163,297,3745,0.09,x86_64,x86_64,True,True,transfer_mode=direct;iterations=3,2026-04-30T19:53:29.826616,1_WiFi_6,4038,285,18588,0,0
30-04-2026-direct-precopy-0021,CRIU,precopy,no,312,33739,3036,348,3696,0.09,x86_64,x86_64,True,True,transfer_mode=direct;iterations=3,2026-04-30T19:54:02.089084,1_WiFi_6,3926,312,18715,0,0
30-04-2026-host-postcopy-0012,CRIU,postcopy,no,1058,23246,6962,323,8343,0.03,x86_64,x86_64,True,True,transfer_mode=host;lazy_pages_port=9999;relay_node=edge-host-1,2026-04-30T19:54:35.827895,1_WiFi_6,0,1058,20252,6769,3196
30-04-2026-host-postcopy-0013,CRIU,postcopy,no,977,23385,7187,323,8487,0.03,x86_64,x86_64,True,True,transfer_mode=host;lazy_pages_port=9999;relay_node=edge-host-1,2026-04-30T19:55:08.791764,1_WiFi_6,0,977,19909,6777,3147
30-04-2026-host-postcopy-0014,CRIU,postcopy,no,1077,23208,7055,337,8469,0.03,x86_64,x86_64,True,True,transfer_mode=host;lazy_pages_port=9999;relay_node=edge-host-1,2026-04-30T19:55:42.454425,1_WiFi_6,0,1077,20319,6815,3147
30-04-2026-host-postcopy-0015,CRIU,postcopy,no,1074,23361,6794,353,8221,0.03,x86_64,x86_64,True,True,transfer_mode=host;lazy_pages_port=9999;relay_node=edge-host-1,2026-04-30T19:56:15.515955,1_WiFi_6,0,1074,19510,6726,3301
30-04-2026-host-postcopy-0016,CRIU,postcopy,no,1048,23253,6859,351,8258,0.03,x86_64,x86_64,True,True,transfer_mode=host;lazy_pages_port=9999;relay_node=edge-host-1,2026-04-30T19:56:48.664153,1_WiFi_6,0,1048,19986,6747,3302
30-04-2026-host-postcopy-0017,CRIU,postcopy,no,1000,23296,6801,420,8221,0.03,x86_64,x86_64,True,True,transfer_mode=host;lazy_pages_port=9999;relay_node=edge-host-1,2026-04-30T19:57:22.073150,1_WiFi_6,0,1000,19695,6929,3196
30-04-2026-host-postcopy-0018,CRIU,postcopy,no,992,23391,6821,325,8138,0.03,x86_64,x86_64,True,True,transfer_mode=host;lazy_pages_port=9999;relay_node=edge-host-1,2026-04-30T19:57:55.511363,1_WiFi_6,0,992,20104,6770,3302
30-04-2026-host-postcopy-0019,CRIU,postcopy,no,1057,23262,6618,327,8002,0.03,x86_64,x86_64,True,True,transfer_mode=host;lazy_pages_port=9999;relay_node=edge-host-1,2026-04-30T19:58:28.729802,1_WiFi_6,0,1057,19423,6669,3147
30-04-2026-host-postcopy-0020,CRIU,postcopy,no,1090,23173,6883,323,8296,0.03,x86_64,x86_64,True,True,transfer_mode=host;lazy_pages_port=9999;relay_node=edge-host-1,2026-04-30T19:59:02.588224,1_WiFi_6,0,1090,20464,6704,3147
30-04-2026-host-postcopy-0021,CRIU,postcopy,no,1042,23377,6829,325,8196,0.03,x86_64,x86_64,True,True,transfer_mode=host;lazy_pages_port=9999;relay_node=edge-host-1,2026-04-30T19:59:36.146558,1_WiFi_6,0,1042,19644,6744,3196
30-04-2026-direct-postcopy-0012,CRIU,postcopy,no,1029,23260,3038,370,4437,0.06,x86_64,x86_64,True,True,transfer_mode=direct;lazy_pages_port=9999,2026-04-30T20:00:07.975563,1_WiFi_6,0,1029,18556,7051,3147
30-04-2026-direct-postcopy-0013,CRIU,postcopy,no,1119,23383,3159,387,4665,0.06,x86_64,x86_64,True,True,transfer_mode=direct;lazy_pages_port=9999,2026-04-30T20:00:39.472395,1_WiFi_6,0,1119,18215,6814,3253
30-04-2026-direct-postcopy-0014,CRIU,postcopy,no,1086,23252,3045,340,4471,0.06,x86_64,x86_64,True,True,transfer_mode=direct;lazy_pages_port=9999,2026-04-30T20:01:11.450626,1_WiFi_6,0,1086,18506,7072,3196
30-04-2026-direct-postcopy-0015,CRIU,postcopy,no,1043,23266,3059,347,4449,0.06,x86_64,x86_64,True,True,transfer_mode=direct;lazy_pages_port=9999,2026-04-30T20:01:42.519940,1_WiFi_6,0,1043,17783,6728,3090
30-04-2026-direct-postcopy-0016,CRIU,postcopy,no,1015,23238,3314,396,4725,0.06,x86_64,x86_64,True,True,transfer_mode=direct;lazy_pages_port=9999,2026-04-30T20:02:14.623710,1_WiFi_6,0,1015,18846,7295,3146
30-04-2026-direct-postcopy-0017,CRIU,postcopy,no,1046,23296,3171,418,4635,0.06,x86_64,x86_64,True,True,transfer_mode=direct;lazy_pages_port=9999,2026-04-30T20:02:45.961163,1_WiFi_6,0,1046,18122,6959,3196
30-04-2026-direct-postcopy-0018,CRIU,postcopy,no,1064,23354,3187,330,4581,0.06,x86_64,x86_64,True,True,transfer_mode=direct;lazy_pages_port=9999,2026-04-30T20:03:18.478659,1_WiFi_6,0,1064,18996,7090,3147
30-04-2026-direct-postcopy-0019,CRIU,postcopy,no,1104,23306,3181,372,4657,0.06,x86_64,x86_64,True,True,transfer_mode=direct;lazy_pages_port=9999,2026-04-30T20:03:50.173535,1_WiFi_6,0,1104,18259,6810,3041
30-04-2026-direct-postcopy-0020,CRIU,postcopy,no,989,23488,3377,326,4692,0.06,x86_64,x86_64,True,True,transfer_mode=direct;lazy_pages_port=9999,2026-04-30T20:04:22.120755,1_WiFi_6,0,989,18464,6796,3196
30-04-2026-direct-postcopy-0021,CRIU,postcopy,no,1045,23317,3045,337,4427,0.06,x86_64,x86_64,True,True,transfer_mode=direct;lazy_pages_port=9999,2026-04-30T20:04:53.455165,1_WiFi_6,0,1045,17988,6802,3253
30-04-2026-host-cold-0072,CRIU,cold,no,459,26134,7175,463,8097,0.03,x86_64,x86_64,True,True,transfer_mode=host;relay_node=edge-host-1,2026-04-30T20:06:54.132537,1_WiFi_6,0,0,17345,0,0
30-04-2026-host-cold-0073,CRIU,cold,no,345,25341,6877,307,7529,0.03,x86_64,x86_64,True,True,transfer_mode=host;relay_node=edge-host-1,2026-04-30T20:07:23.748931,1_WiFi_6,0,0,16283,0,0
30-04-2026-host-cold-0074,CRIU,cold,no,330,25391,7237,296,7863,0.03,x86_64,x86_64,True,True,transfer_mode=host;relay_node=edge-host-1,2026-04-30T20:07:54.586252,1_WiFi_6,0,0,16578,0,0
30-04-2026-host-cold-0075,CRIU,cold,no,327,25569,6907,301,7535,0.03,x86_64,x86_64,True,True,transfer_mode=host;relay_node=edge-host-1,2026-04-30T20:08:24.231534,1_WiFi_6,0,0,16225,0,0
30-04-2026-host-cold-0076,CRIU,cold,no,341,25525,7290,323,7954,0.03,x86_64,x86_64,True,True,transfer_mode=host;relay_node=edge-host-1,2026-04-30T20:08:55.357422,1_WiFi_6,0,0,16684,0,0
30-04-2026-host-cold-0077,CRIU,cold,no,342,25289,6938,322,7602,0.03,x86_64,x86_64,True,True,transfer_mode=host;relay_node=edge-host-1,2026-04-30T20:09:24.900836,1_WiFi_6,0,0,16407,0,0
30-04-2026-host-cold-0078,CRIU,cold,no,322,25485,6954,308,7584,0.03,x86_64,x86_64,True,True,transfer_mode=host;relay_node=edge-host-1,2026-04-30T20:09:55.313841,1_WiFi_6,0,0,16397,0,0
30-04-2026-host-cold-0079,CRIU,cold,no,320,25541,6860,306,7486,0.03,x86_64,x86_64,True,True,transfer_mode=host;relay_node=edge-host-1,2026-04-30T20:10:25.261529,1_WiFi_6,0,0,16246,0,0
30-04-2026-host-cold-0080,CRIU,cold,no,322,25372,7133,317,7772,0.03,x86_64,x86_64,True,True,transfer_mode=host;relay_node=edge-host-1,2026-04-30T20:10:55.834645,1_WiFi_6,0,0,16583,0,0
30-04-2026-host-cold-0081,CRIU,cold,no,334,25436,6882,312,7528,0.03,x86_64,x86_64,True,True,transfer_mode=host;relay_node=edge-host-1,2026-04-30T20:11:25.475450,1_WiFi_6,0,0,16277,0,0
30-04-2026-direct-cold-0072,CRIU,cold,no,323,25387,3245,322,3890,0.06,x86_64,x86_64,True,True,transfer_mode=direct,2026-04-30T20:11:54.461644,1_WiFi_6,0,0,14670,0,0
30-04-2026-direct-cold-0073,CRIU,cold,no,311,25583,3167,329,3807,0.06,x86_64,x86_64,True,True,transfer_mode=direct,2026-04-30T20:12:22.320934,1_WiFi_6,0,0,14473,0,0
30-04-2026-direct-cold-0074,CRIU,cold,no,324,25328,3182,292,3798,0.06,x86_64,x86_64,True,True,transfer_mode=direct,2026-04-30T20:12:50.963515,1_WiFi_6,0,0,14562,0,0
30-04-2026-direct-cold-0075,CRIU,cold,no,383,25513,3253,285,3921,0.06,x86_64,x86_64,True,True,transfer_mode=direct,2026-04-30T20:13:18.812002,1_WiFi_6,0,0,14407,0,0
30-04-2026-direct-cold-0076,CRIU,cold,no,349,25320,3216,294,3859,0.06,x86_64,x86_64,True,True,transfer_mode=direct,2026-04-30T20:13:47.945859,1_WiFi_6,0,0,14815,0,0
30-04-2026-direct-cold-0077,CRIU,cold,no,319,25543,3167,315,3801,0.06,x86_64,x86_64,True,True,transfer_mode=direct,2026-04-30T20:14:15.787832,1_WiFi_6,0,0,14220,0,0
30-04-2026-direct-cold-0078,CRIU,cold,no,353,25590,3043,271,3667,0.07,x86_64,x86_64,True,True,transfer_mode=direct,2026-04-30T20:14:44.145855,1_WiFi_6,0,0,14493,0,0
30-04-2026-direct-cold-0079,CRIU,cold,no,351,25584,3130,324,3805,0.07,x86_64,x86_64,True,True,transfer_mode=direct,2026-04-30T20:15:11.813565,1_WiFi_6,0,0,14453,0,0
30-04-2026-direct-cold-0080,CRIU,cold,no,345,25381,3434,681,4460,0.06,x86_64,x86_64,True,True,transfer_mode=direct,2026-04-30T20:15:40.234103,1_WiFi_6,0,0,14997,0,0
30-04-2026-direct-cold-0081,CRIU,cold,no,338,25320,3062,310,3710,0.07,x86_64,x86_64,True,True,transfer_mode=direct,2026-04-30T20:16:07.690297,1_WiFi_6,0,0,14367,0,0
30-04-2026-host-precopy-0036,CRIU,precopy,no,296,33721,7284,316,7896,0.04,x86_64,x86_64,True,True,transfer_mode=host;iterations=3;relay_node=edge-host-1,2026-04-30T20:16:42.030653,1_WiFi_6,3944,296,20918,0,0
30-04-2026-host-precopy-0037,CRIU,precopy,no,293,33742,6863,331,7487,0.04,x86_64,x86_64,True,True,transfer_mode=host;iterations=3;relay_node=edge-host-1,2026-04-30T20:17:15.385987,1_WiFi_6,3930,293,20147,0,0
30-04-2026-host-precopy-0038,CRIU,precopy,no,295,32935,7272,307,7874,0.04,x86_64,x86_64,True,True,transfer_mode=host;iterations=3;relay_node=edge-host-1,2026-04-30T20:17:49.479958,1_WiFi_6,4221,295,20680,0,0
30-04-2026-host-precopy-0039,CRIU,precopy,no,292,33714,6789,301,7382,0.04,x86_64,x86_64,True,True,transfer_mode=host;iterations=3;relay_node=edge-host-1,2026-04-30T20:18:22.971964,1_WiFi_6,3895,292,20052,0,0
30-04-2026-host-precopy-0040,CRIU,precopy,no,287,33105,6903,297,7487,0.04,x86_64,x86_64,True,True,transfer_mode=host;iterations=3;relay_node=edge-host-1,2026-04-30T20:18:57.318446,1_WiFi_6,3922,287,20503,0,0
30-04-2026-host-precopy-0041,CRIU,precopy,no,315,32743,6851,303,7469,0.04,x86_64,x86_64,True,True,transfer_mode=host;iterations=3;relay_node=edge-host-1,2026-04-30T20:19:30.936328,1_WiFi_6,3931,315,20399,0,0
30-04-2026-host-precopy-0042,CRIU,precopy,no,336,33777,7009,432,7777,0.04,x86_64,x86_64,True,True,transfer_mode=host;iterations=3;relay_node=edge-host-1,2026-04-30T20:20:05.447722,1_WiFi_6,4043,336,20529,0,0
30-04-2026-host-precopy-0043,CRIU,precopy,no,340,33813,6737,326,7403,0.04,x86_64,x86_64,True,True,transfer_mode=host;iterations=3;relay_node=edge-host-1,2026-04-30T20:20:38.987881,1_WiFi_6,3960,340,20126,0,0
30-04-2026-host-precopy-0044,CRIU,precopy,no,285,33113,7083,320,7688,0.04,x86_64,x86_64,True,True,transfer_mode=host;iterations=3;relay_node=edge-host-1,2026-04-30T20:21:13.139288,1_WiFi_6,3918,285,20264,0,0
30-04-2026-host-precopy-0045,CRIU,precopy,no,340,33063,6757,313,7410,0.04,x86_64,x86_64,True,True,transfer_mode=host;iterations=3;relay_node=edge-host-1,2026-04-30T20:21:46.900692,1_WiFi_6,3921,340,20490,0,0
30-04-2026-direct-precopy-0022,CRIU,precopy,no,281,33140,3255,337,3873,0.08,x86_64,x86_64,True,True,transfer_mode=direct;iterations=3,2026-04-30T20:22:18.871532,1_WiFi_6,3947,281,18289,0,0
30-04-2026-direct-precopy-0023,CRIU,precopy,no,317,33261,3146,284,3747,0.08,x86_64,x86_64,True,True,transfer_mode=direct;iterations=3,2026-04-30T20:22:51.094891,1_WiFi_6,3946,317,18871,0,0
30-04-2026-direct-precopy-0024,CRIU,precopy,no,322,33054,2898,314,3534,0.09,x86_64,x86_64,True,True,transfer_mode=direct;iterations=3,2026-04-30T20:23:22.794285,1_WiFi_6,3911,322,18353,0,0
30-04-2026-direct-precopy-0025,CRIU,precopy,no,347,33785,3042,311,3700,0.09,x86_64,x86_64,True,True,transfer_mode=direct;iterations=3,2026-04-30T20:23:54.695694,1_WiFi_6,3938,347,18634,0,0
30-04-2026-direct-precopy-0026,CRIU,precopy,no,299,33140,3089,295,3683,0.09,x86_64,x86_64,True,True,transfer_mode=direct;iterations=3,2026-04-30T20:24:26.432941,1_WiFi_6,3920,299,18149,0,0
30-04-2026-direct-precopy-0027,CRIU,precopy,no,283,33743,3486,333,4102,0.08,x86_64,x86_64,True,True,transfer_mode=direct;iterations=3,2026-04-30T20:24:58.554080,1_WiFi_6,4036,283,18827,0,0
30-04-2026-direct-precopy-0028,CRIU,precopy,no,295,33038,3010,297,3602,0.09,x86_64,x86_64,True,True,transfer_mode=direct;iterations=3,2026-04-30T20:25:30.180499,1_WiFi_6,3996,295,18125,0,0
30-04-2026-direct-precopy-0029,CRIU,precopy,no,294,33139,3059,311,3664,0.09,x86_64,x86_64,True,True,transfer_mode=direct;iterations=3,2026-04-30T20:26:01.964634,1_WiFi_6,3945,294,18517,0,0
30-04-2026-direct-precopy-0030,CRIU,precopy,no,374,33753,3106,329,3809,0.09,x86_64,x86_64,True,True,transfer_mode=direct;iterations=3,2026-04-30T20:26:33.852179,1_WiFi_6,3884,374,18360,0,0
30-04-2026-direct-precopy-0031,CRIU,precopy,no,277,33092,3061,281,3619,0.09,x86_64,x86_64,True,True,transfer_mode=direct;iterations=3,2026-04-30T20:27:05.905130,1_WiFi_6,3957,277,18818,0,0
30-04-2026-host-postcopy-0022,CRIU,postcopy,no,960,23377,7212,336,8508,0.03,x86_64,x86_64,True,True,transfer_mode=host;lazy_pages_port=9999;relay_node=edge-host-1,2026-04-30T20:27:39.727860,1_WiFi_6,0,960,19984,6797,3253
30-04-2026-host-postcopy-0023,CRIU,postcopy,no,1066,23268,7130,355,8551,0.03,x86_64,x86_64,True,True,transfer_mode=host;lazy_pages_port=9999;relay_node=edge-host-1,2026-04-30T20:28:13.497511,1_WiFi_6,0,1066,20457,6799,3253
30-04-2026-host-postcopy-0024,CRIU,postcopy,no,1000,23234,7090,311,8401,0.03,x86_64,x86_64,True,True,transfer_mode=host;lazy_pages_port=9999;relay_node=edge-host-1,2026-04-30T20:28:46.932967,1_WiFi_6,0,1000,19925,6760,3147
30-04-2026-host-postcopy-0025,CRIU,postcopy,no,1024,23182,6718,312,8054,0.03,x86_64,x86_64,True,True,transfer_mode=host;lazy_pages_port=9999;relay_node=edge-host-1,2026-04-30T20:29:20.820044,1_WiFi_6,0,1024,19898,6754,3253
30-04-2026-host-postcopy-0026,CRIU,postcopy,no,1041,23302,7009,334,8384,0.03,x86_64,x86_64,True,True,transfer_mode=host;lazy_pages_port=9999;relay_node=edge-host-1,2026-04-30T20:29:53.963660,1_WiFi_6,0,1041,19855,6821,3253
30-04-2026-host-postcopy-0027,CRIU,postcopy,no,1015,23342,6991,335,8341,0.03,x86_64,x86_64,True,True,transfer_mode=host;lazy_pages_port=9999;relay_node=edge-host-1,2026-04-30T20:30:28.092772,1_WiFi_6,0,1015,20550,7119,3196
30-04-2026-host-postcopy-0028,CRIU,postcopy,no,997,23382,7166,334,8497,0.03,x86_64,x86_64,True,True,transfer_mode=host;lazy_pages_port=9999;relay_node=edge-host-1,2026-04-30T20:31:01.739343,1_WiFi_6,0,997,19912,6786,3302
30-04-2026-host-postcopy-0029,CRIU,postcopy,no,968,23287,6704,343,8015,0.03,x86_64,x86_64,True,True,transfer_mode=host;lazy_pages_port=9999;relay_node=edge-host-1,2026-04-30T20:31:35.303002,1_WiFi_6,0,968,20049,6968,3147
30-04-2026-host-postcopy-0030,CRIU,postcopy,no,954,23208,7335,377,8666,0.03,x86_64,x86_64,True,True,transfer_mode=host;lazy_pages_port=9999;relay_node=edge-host-1,2026-04-30T20:32:08.900209,1_WiFi_6,0,954,20364,7136,3196
30-04-2026-host-postcopy-0031,CRIU,postcopy,no,1003,23397,6874,362,8239,0.03,x86_64,x86_64,True,True,transfer_mode=host;lazy_pages_port=9999;relay_node=edge-host-1,2026-04-30T20:32:42.151683,1_WiFi_6,0,1003,20015,6730,3456
30-04-2026-direct-postcopy-0022,CRIU,postcopy,no,1099,23340,3099,322,4520,0.06,x86_64,x86_64,True,True,transfer_mode=direct;lazy_pages_port=9999,2026-04-30T20:33:13.570579,1_WiFi_6,0,1099,18098,6956,3196
30-04-2026-direct-postcopy-0023,CRIU,postcopy,no,1052,23212,3127,354,4533,0.06,x86_64,x86_64,True,True,transfer_mode=direct;lazy_pages_port=9999,2026-04-30T20:33:45.041466,1_WiFi_6,0,1052,18310,6869,3090
30-04-2026-direct-postcopy-0024,CRIU,postcopy,no,989,23375,3514,395,4898,0.05,x86_64,x86_64,True,True,transfer_mode=direct;lazy_pages_port=9999,2026-04-30T20:34:16.488699,1_WiFi_6,0,989,18119,6747,3302
30-04-2026-direct-postcopy-0025,CRIU,postcopy,no,1049,23403,3117,356,4522,0.06,x86_64,x86_64,True,True,transfer_mode=direct;lazy_pages_port=9999,2026-04-30T20:34:47.840052,1_WiFi_6,0,1049,18077,6693,3098
30-04-2026-direct-postcopy-0026,CRIU,postcopy,no,997,23354,3211,311,4519,0.06,x86_64,x86_64,True,True,transfer_mode=direct;lazy_pages_port=9999,2026-04-30T20:35:19.460125,1_WiFi_6,0,997,18377,6658,3196
30-04-2026-direct-postcopy-0027,CRIU,postcopy,no,985,23458,3015,328,4328,0.06,x86_64,x86_64,True,True,transfer_mode=direct;lazy_pages_port=9999,2026-04-30T20:35:50.605269,1_WiFi_6,0,985,17809,6704,3147
30-04-2026-direct-postcopy-0028,CRIU,postcopy,no,980,23374,3167,439,4586,0.06,x86_64,x86_64,True,True,transfer_mode=direct;lazy_pages_port=9999,2026-04-30T20:36:22.069763,1_WiFi_6,0,980,18037,6818,3147
30-04-2026-direct-postcopy-0029,CRIU,postcopy,no,1096,23221,3104,295,4495,0.06,x86_64,x86_64,True,True,transfer_mode=direct;lazy_pages_port=9999,2026-04-30T20:36:53.643411,1_WiFi_6,0,1096,18325,6730,3147
30-04-2026-direct-postcopy-0030,CRIU,postcopy,no,1036,23243,3117,345,4498,0.06,x86_64,x86_64,True,True,transfer_mode=direct;lazy_pages_port=9999,2026-04-30T20:37:25.261658,1_WiFi_6,0,1036,18159,6746,3147
30-04-2026-direct-postcopy-0031,CRIU,postcopy,no,1008,23416,3099,337,4444,0.06,x86_64,x86_64,True,True,transfer_mode=direct;lazy_pages_port=9999,2026-04-30T20:37:56.995286,1_WiFi_6,0,1008,18163,6762,3147
30-04-2026-host-cold-0082,CRIU,cold,no,412,26084,7233,393,8038,0.03,x86_64,x86_64,True,True,transfer_mode=host;relay_node=edge-host-1,2026-04-30T20:39:59.041212,1_WiFi_6,0,0,17363,0,0
30-04-2026-host-cold-0083,CRIU,cold,no,362,25326,7067,295,7724,0.03,x86_64,x86_64,True,True,transfer_mode=host;relay_node=edge-host-1,2026-04-30T20:40:28.707761,1_WiFi_6,0,0,16382,0,0
30-04-2026-host-cold-0084,CRIU,cold,no,357,25368,7300,295,7952,0.03,x86_64,x86_64,True,True,transfer_mode=host;relay_node=edge-host-1,2026-04-30T20:40:59.336917,1_WiFi_6,0,0,16637,0,0
30-04-2026-host-cold-0085,CRIU,cold,no,353,25366,6940,335,7628,0.03,x86_64,x86_64,True,True,transfer_mode=host;relay_node=edge-host-1,2026-04-30T20:41:28.945235,1_WiFi_6,0,0,16359,0,0
30-04-2026-host-cold-0086,CRIU,cold,no,333,25436,7096,306,7735,0.03,x86_64,x86_64,True,True,transfer_mode=host;relay_node=edge-host-1,2026-04-30T20:41:59.150095,1_WiFi_6,0,0,16342,0,0
30-04-2026-host-cold-0087,CRIU,cold,no,321,25342,6951,304,7576,0.03,x86_64,x86_64,True,True,transfer_mode=host;relay_node=edge-host-1,2026-04-30T20:42:28.785967,1_WiFi_6,0,0,16335,0,0
30-04-2026-host-cold-0088,CRIU,cold,no,343,25563,7188,280,7811,0.03,x86_64,x86_64,True,True,transfer_mode=host;relay_node=edge-host-1,2026-04-30T20:42:59.214477,1_WiFi_6,0,0,16401,0,0
30-04-2026-host-cold-0089,CRIU,cold,no,318,25664,7005,335,7658,0.03,x86_64,x86_64,True,True,transfer_mode=host;relay_node=edge-host-1,2026-04-30T20:43:28.981886,1_WiFi_6,0,0,16389,0,0
30-04-2026-host-cold-0090,CRIU,cold,no,311,25389,7064,305,7680,0.03,x86_64,x86_64,True,True,transfer_mode=host;relay_node=edge-host-1,2026-04-30T20:43:59.257177,1_WiFi_6,0,0,16376,0,0
30-04-2026-host-cold-0091,CRIU,cold,no,344,25654,6878,330,7552,0.03,x86_64,x86_64,True,True,transfer_mode=host;relay_node=edge-host-1,2026-04-30T20:44:28.851159,1_WiFi_6,0,0,16153,0,0
30-04-2026-direct-cold-0082,CRIU,cold,no,336,25463,3133,309,3778,0.07,x86_64,x86_64,True,True,transfer_mode=direct,2026-04-30T20:44:57.289259,1_WiFi_6,0,0,14570,0,0
30-04-2026-direct-cold-0083,CRIU,cold,no,318,25374,3199,303,3820,0.06,x86_64,x86_64,True,True,transfer_mode=direct,2026-04-30T20:45:25.200246,1_WiFi_6,0,0,14503,0,0
30-04-2026-direct-cold-0084,CRIU,cold,no,322,25412,3088,296,3706,0.07,x86_64,x86_64,True,True,transfer_mode=direct,2026-04-30T20:45:53.655109,1_WiFi_6,0,0,14354,0,0
30-04-2026-direct-cold-0085,CRIU,cold,no,325,25280,3196,339,3860,0.06,x86_64,x86_64,True,True,transfer_mode=direct,2026-04-30T20:46:21.715641,1_WiFi_6,0,0,14565,0,0
30-04-2026-direct-cold-0086,CRIU,cold,no,415,25357,3174,312,3901,0.06,x86_64,x86_64,True,True,transfer_mode=direct,2026-04-30T20:46:50.495619,1_WiFi_6,0,0,15422,0,0
30-04-2026-direct-cold-0087,CRIU,cold,no,444,25334,3178,291,3913,0.06,x86_64,x86_64,True,True,transfer_mode=direct,2026-04-30T20:47:18.544243,1_WiFi_6,0,0,14763,0,0
30-04-2026-direct-cold-0088,CRIU,cold,no,325,25347,3499,364,4188,0.06,x86_64,x86_64,True,True,transfer_mode=direct,2026-04-30T20:47:46.849426,1_WiFi_6,0,0,15031,0,0
30-04-2026-direct-cold-0089,CRIU,cold,no,316,25257,3122,320,3758,0.06,x86_64,x86_64,True,True,transfer_mode=direct,2026-04-30T20:48:14.204899,1_WiFi_6,0,0,14321,0,0
30-04-2026-direct-cold-0090,CRIU,cold,no,300,25471,3130,311,3741,0.07,x86_64,x86_64,True,True,transfer_mode=direct,2026-04-30T20:48:42.179536,1_WiFi_6,0,0,14804,0,0
30-04-2026-direct-cold-0091,CRIU,cold,no,336,25491,3162,310,3808,0.06,x86_64,x86_64,True,True,transfer_mode=direct,2026-04-30T20:49:10.449440,1_WiFi_6,0,0,14633,0,0
30-04-2026-host-precopy-0046,CRIU,precopy,no,281,33027,7197,386,7864,0.04,x86_64,x86_64,True,True,transfer_mode=host;iterations=3;relay_node=edge-host-1,2026-04-30T20:49:44.813379,1_WiFi_6,3957,281,21026,0,0
30-04-2026-host-precopy-0047,CRIU,precopy,no,280,32751,7125,313,7718,0.04,x86_64,x86_64,True,True,transfer_mode=host;iterations=3;relay_node=edge-host-1,2026-04-30T20:50:18.726525,1_WiFi_6,3984,280,20345,0,0
30-04-2026-host-precopy-0048,CRIU,precopy,no,295,33565,7542,320,8157,0.04,x86_64,x86_64,True,True,transfer_mode=host;iterations=3;relay_node=edge-host-1,2026-04-30T20:50:52.889371,1_WiFi_6,3943,295,20684,0,0
30-04-2026-host-precopy-0049,CRIU,precopy,no,284,32874,7139,286,7709,0.04,x86_64,x86_64,True,True,transfer_mode=host;iterations=3;relay_node=edge-host-1,2026-04-30T20:51:27.036443,1_WiFi_6,3938,284,20266,0,0
30-04-2026-host-precopy-0050,CRIU,precopy,no,336,33685,7731,300,8367,0.03,x86_64,x86_64,True,True,transfer_mode=host;iterations=3;relay_node=edge-host-1,2026-04-30T20:52:01.595454,1_WiFi_6,3929,336,21008,0,0
30-04-2026-host-precopy-0051,CRIU,precopy,no,286,33047,7224,290,7800,0.04,x86_64,x86_64,True,True,transfer_mode=host;iterations=3;relay_node=edge-host-1,2026-04-30T20:52:35.994035,1_WiFi_6,4112,286,20772,0,0
30-04-2026-host-precopy-0052,CRIU,precopy,no,467,33112,7285,311,8063,0.04,x86_64,x86_64,True,True,transfer_mode=host;iterations=3;relay_node=edge-host-1,2026-04-30T20:53:10.729544,1_WiFi_6,3944,467,20847,0,0
30-04-2026-host-precopy-0053,CRIU,precopy,no,295,32745,6929,287,7511,0.04,x86_64,x86_64,True,True,transfer_mode=host;iterations=3;relay_node=edge-host-1,2026-04-30T20:53:44.618923,1_WiFi_6,4032,295,20305,0,0
30-04-2026-host-precopy-0054,CRIU,precopy,no,318,33785,7217,341,7876,0.04,x86_64,x86_64,True,True,transfer_mode=host;iterations=3;relay_node=edge-host-1,2026-04-30T20:54:19.002587,1_WiFi_6,3967,318,20576,0,0
30-04-2026-host-precopy-0055,CRIU,precopy,no,279,33632,6864,309,7452,0.04,x86_64,x86_64,True,True,transfer_mode=host;iterations=3;relay_node=edge-host-1,2026-04-30T20:54:53.003317,1_WiFi_6,3945,279,20455,0,0
30-04-2026-direct-precopy-0032,CRIU,precopy,no,296,33892,3100,317,3713,0.09,x86_64,x86_64,True,True,transfer_mode=direct;iterations=3,2026-04-30T20:55:24.937434,1_WiFi_6,4151,296,18695,0,0
30-04-2026-direct-precopy-0033,CRIU,precopy,no,296,33087,3135,306,3737,0.08,x86_64,x86_64,True,True,transfer_mode=direct;iterations=3,2026-04-30T20:55:57.359694,1_WiFi_6,3935,296,18832,0,0
30-04-2026-direct-precopy-0034,CRIU,precopy,no,396,33802,2998,298,3692,0.09,x86_64,x86_64,True,True,transfer_mode=direct;iterations=3,2026-04-30T20:56:29.144066,1_WiFi_6,3976,396,18374,0,0
30-04-2026-direct-precopy-0035,CRIU,precopy,no,316,33699,3099,626,4041,0.09,x86_64,x86_64,True,True,transfer_mode=direct;iterations=3,2026-04-30T20:57:01.402282,1_WiFi_6,3971,316,18646,0,0
30-04-2026-direct-precopy-0036,CRIU,precopy,no,292,32687,3019,308,3619,0.09,x86_64,x86_64,True,True,transfer_mode=direct;iterations=3,2026-04-30T20:57:33.096334,1_WiFi_6,3953,292,18347,0,0
30-04-2026-direct-precopy-0037,CRIU,precopy,no,285,33784,3444,295,4024,0.08,x86_64,x86_64,True,True,transfer_mode=direct;iterations=3,2026-04-30T20:58:05.403592,1_WiFi_6,4078,285,18742,0,0
30-04-2026-direct-precopy-0038,CRIU,precopy,no,286,33116,3179,331,3796,0.08,x86_64,x86_64,True,True,transfer_mode=direct;iterations=3,2026-04-30T20:58:37.204927,1_WiFi_6,3958,286,18410,0,0
30-04-2026-direct-precopy-0039,CRIU,precopy,no,330,33246,3024,331,3685,0.09,x86_64,x86_64,True,True,transfer_mode=direct;iterations=3,2026-04-30T20:59:09.801715,1_WiFi_6,3941,330,18722,0,0
30-04-2026-direct-precopy-0040,CRIU,precopy,no,282,33159,3219,307,3808,0.08,x86_64,x86_64,True,True,transfer_mode=direct;iterations=3,2026-04-30T20:59:41.508569,1_WiFi_6,3973,282,18448,0,0
30-04-2026-direct-precopy-0041,CRIU,precopy,no,291,32882,3187,299,3777,0.08,x86_64,x86_64,True,True,transfer_mode=direct;iterations=3,2026-04-30T21:00:13.846487,1_WiFi_6,3966,291,18631,0,0
30-04-2026-host-postcopy-0032,CRIU,postcopy,no,1052,23394,7319,330,8701,0.03,x86_64,x86_64,True,True,transfer_mode=host;lazy_pages_port=9999;relay_node=edge-host-1,2026-04-30T21:00:47.631789,1_WiFi_6,0,1052,20479,6701,3196
30-04-2026-host-postcopy-0033,CRIU,postcopy,no,1038,23172,6860,338,8236,0.03,x86_64,x86_64,True,True,transfer_mode=host;lazy_pages_port=9999;relay_node=edge-host-1,2026-04-30T21:01:21.264379,1_WiFi_6,0,1038,20170,6757,3147
30-04-2026-host-postcopy-0034,CRIU,postcopy,no,1055,23371,7421,380,8856,0.03,x86_64,x86_64,True,True,transfer_mode=host;lazy_pages_port=9999;relay_node=edge-host-1,2026-04-30T21:01:55.173195,1_WiFi_6,0,1055,20618,6823,3147
30-04-2026-host-postcopy-0035,CRIU,postcopy,no,1020,23280,7032,325,8377,0.03,x86_64,x86_64,True,True,transfer_mode=host;lazy_pages_port=9999;relay_node=edge-host-1,2026-04-30T21:02:38.437394,1_WiFi_6,0,1020,19848,6726,3147
30-04-2026-host-postcopy-0036,CRIU,postcopy,no,1046,23351,7405,326,8777,0.03,x86_64,x86_64,True,True,transfer_mode=host;lazy_pages_port=9999;relay_node=edge-host-1,2026-04-30T21:03:12.648630,1_WiFi_6,0,1046,20891,7075,3098
30-04-2026-host-postcopy-0037,CRIU,postcopy,no,1001,23313,6959,344,8304,0.03,x86_64,x86_64,True,True,transfer_mode=host;lazy_pages_port=9999;relay_node=edge-host-1,2026-04-30T21:03:45.946743,1_WiFi_6,0,1001,19918,6970,3196
30-04-2026-host-postcopy-0038,CRIU,postcopy,no,989,23516,7197,321,8507,0.03,x86_64,x86_64,True,True,transfer_mode=host;lazy_pages_port=9999;relay_node=edge-host-1,2026-04-30T21:04:19.568398,1_WiFi_6,0,989,20288,7147,3090
30-04-2026-host-postcopy-0039,CRIU,postcopy,no,1007,23392,7171,347,8525,0.03,x86_64,x86_64,True,True,transfer_mode=host;lazy_pages_port=9999;relay_node=edge-host-1,2026-04-30T21:04:53.076460,1_WiFi_6,0,1007,20025,6773,3090
30-04-2026-host-postcopy-0040,CRIU,postcopy,no,1045,23342,7648,336,9029,0.02,x86_64,x86_64,True,True,transfer_mode=host;lazy_pages_port=9999;relay_node=edge-host-1,2026-04-30T21:05:27.126546,1_WiFi_6,0,1045,20569,6759,3253
30-04-2026-host-postcopy-0041,CRIU,postcopy,no,1055,23347,6912,321,8288,0.03,x86_64,x86_64,True,True,transfer_mode=host;lazy_pages_port=9999;relay_node=edge-host-1,2026-04-30T21:06:00.904388,1_WiFi_6,0,1055,20284,6763,3147
30-04-2026-direct-postcopy-0032,CRIU,postcopy,no,996,23460,3211,339,4546,0.06,x86_64,x86_64,True,True,transfer_mode=direct;lazy_pages_port=9999,2026-04-30T21:06:32.457846,1_WiFi_6,0,996,18380,6720,3196
30-04-2026-direct-postcopy-0033,CRIU,postcopy,no,1009,23247,3063,332,4404,0.06,x86_64,x86_64,True,True,transfer_mode=direct;lazy_pages_port=9999,2026-04-30T21:07:04.019405,1_WiFi_6,0,1009,18186,6732,3196
30-04-2026-direct-postcopy-0034,CRIU,postcopy,no,994,23223,3088,322,4404,0.06,x86_64,x86_64,True,True,transfer_mode=direct;lazy_pages_port=9999,2026-04-30T21:07:35.645700,1_WiFi_6,0,994,17989,6801,3196
30-04-2026-direct-postcopy-0035,CRIU,postcopy,no,954,23270,3018,337,4309,0.06,x86_64,x86_64,True,True,transfer_mode=direct;lazy_pages_port=9999,2026-04-30T21:08:06.828050,1_WiFi_6,0,954,17967,6781,3196
30-04-2026-direct-postcopy-0036,CRIU,postcopy,no,953,23363,3142,312,4407,0.06,x86_64,x86_64,True,True,transfer_mode=direct;lazy_pages_port=9999,2026-04-30T21:08:38.603199,1_WiFi_6,0,953,17902,6719,3196
30-04-2026-direct-postcopy-0037,CRIU,postcopy,no,1017,23415,3200,314,4531,0.06,x86_64,x86_64,True,True,transfer_mode=direct;lazy_pages_port=9999,2026-04-30T21:09:10.277590,1_WiFi_6,0,1017,18329,6678,3302
30-04-2026-direct-postcopy-0038,CRIU,postcopy,no,1050,23566,3203,392,4645,0.06,x86_64,x86_64,True,True,transfer_mode=direct;lazy_pages_port=9999,2026-04-30T21:09:42.146547,1_WiFi_6,0,1050,17879,6818,3196
30-04-2026-direct-postcopy-0039,CRIU,postcopy,no,1102,23487,3060,400,4562,0.06,x86_64,x86_64,True,True,transfer_mode=direct;lazy_pages_port=9999,2026-04-30T21:10:13.626575,1_WiFi_6,0,1102,18186,6846,3302
30-04-2026-direct-postcopy-0040,CRIU,postcopy,no,984,23279,2953,335,4272,0.06,x86_64,x86_64,True,True,transfer_mode=direct;lazy_pages_port=9999,2026-04-30T21:10:44.678800,1_WiFi_6,0,984,17427,6731,3147
30-04-2026-direct-postcopy-0041,CRIU,postcopy,no,1072,23418,3037,333,4442,0.06,x86_64,x86_64,True,True,transfer_mode=direct;lazy_pages_port=9999,2026-04-30T21:11:16.084253,1_WiFi_6,0,1072,18065,6799,3147
